valid_time,region,latitude,longitude,rainfall_observed,temperature_observed,wind_observed,pressure_observed,humidity_observed,observation_id
2024-01-02,Gujarat,22.2587,71.1924,0.0,22.0,13.4,1005.1,53.8,OBS_20240102_GUJ
2024-01-03,Gujarat,22.2587,71.1924,0.6,20.9,13.7,1007.6,55.6,OBS_20240103_GUJ
2024-01-04,Gujarat,22.2587,71.1924,0.5,22.2,12.2,1004.4,51.6,OBS_20240104_GUJ
2024-01-05,Gujarat,22.2587,71.1924,8.7,21.3,7.7,1005.3,58.5,OBS_20240105_GUJ
2024-01-06,Gujarat,22.2587,71.1924,6.3,22.4,18.8,1004.2,53.6,OBS_20240106_GUJ
2024-01-07,Gujarat,22.2587,71.1924,0.0,20.7,12.5,1006.7,58.9,OBS_20240107_GUJ
2024-01-08,Gujarat,22.2587,71.1924,0.0,22.7,11.4,1004.2,55.5,OBS_20240108_GUJ
2024-01-09,Gujarat,22.2587,71.1924,0.0,23.4,12.2,1009.6,54.1,OBS_20240109_GUJ
2024-01-10,Gujarat,22.2587,71.1924,0.0,22.4,20.4,1006.0,55.0,OBS_20240110_GUJ
2024-01-11,Gujarat,22.2587,71.1924,0.0,18.7,14.2,1002.8,58.6,OBS_20240111_GUJ
2024-01-02,Maharashtra,19.7515,75.7139,0.0,21.6,11.9,1006.9,59.0,OBS_20240102_MAH
2024-01-03,Maharashtra,19.7515,75.7139,0.0,20.5,11.3,1007.7,58.8,OBS_20240103_MAH
2024-01-04,Maharashtra,19.7515,75.7139,1.3,19.5,12.7,1005.3,61.0,OBS_20240104_MAH
2024-01-05,Maharashtra,19.7515,75.7139,0.0,20.6,14.1,1005.8,59.6,OBS_20240105_MAH
2024-01-06,Maharashtra,19.7515,75.7139,5.8,20.7,13.7,1007.4,56.3,OBS_20240106_MAH
2024-01-07,Maharashtra,19.7515,75.7139,5.0,22.5,8.4,1004.3,55.8,OBS_20240107_MAH
2024-01-08,Maharashtra,19.7515,75.7139,0.0,20.8,10.5,1007.2,49.5,OBS_20240108_MAH
2024-01-09,Maharashtra,19.7515,75.7139,2.9,26.8,13.2,1003.5,58.9,OBS_20240109_MAH
2024-01-10,Maharashtra,19.7515,75.7139,0.0,17.6,13.1,1003.9,57.4,OBS_20240110_MAH
2024-01-11,Maharashtra,19.7515,75.7139,0.0,21.1,13.7,1007.6,57.7,OBS_20240111_MAH
2024-01-02,Kerala,10.8505,76.2711,0.0,21.6,12.0,1006.3,52.8,OBS_20240102_KER
2024-01-03,Kerala,10.8505,76.2711,0.5,20.8,14.7,1005.8,57.1,OBS_20240103_KER
2024-01-04,Kerala,10.8505,76.2711,1.8,23.2,12.0,1004.6,47.8,OBS_20240104_KER
2024-01-05,Kerala,10.8505,76.2711,0.7,22.3,11.7,1007.1,59.3,OBS_20240105_KER
2024-01-06,Kerala,10.8505,76.2711,8.1,20.9,12.4,1006.0,53.7,OBS_20240106_KER
2024-01-07,Kerala,10.8505,76.2711,11.2,20.3,12.0,1006.4,66.5,OBS_20240107_KER
2024-01-08,Kerala,10.8505,76.2711,11.6,18.4,11.2,1004.9,65.3,OBS_20240108_KER
2024-01-09,Kerala,10.8505,76.2711,0.0,19.4,13.5,1006.7,54.0,OBS_20240109_KER
2024-01-10,Kerala,10.8505,76.2711,0.0,24.1,8.1,1010.8,66.4,OBS_20240110_KER
2024-01-11,Kerala,10.8505,76.2711,14.7,22.5,8.6,1004.0,66.0,OBS_20240111_KER
2024-01-02,Rajasthan,27.0238,74.2179,1.9,21.7,11.1,1005.3,55.1,OBS_20240102_RAJ
2024-01-03,Rajasthan,27.0238,74.2179,1.0,21.5,12.6,1005.8,49.4,OBS_20240103_RAJ
2024-01-04,Rajasthan,27.0238,74.2179,0.0,18.8,10.8,1005.4,49.3,OBS_20240104_RAJ
2024-01-05,Rajasthan,27.0238,74.2179,3.4,21.1,9.0,1005.4,63.1,OBS_20240105_RAJ
2024-01-06,Rajasthan,27.0238,74.2179,4.0,20.6,13.6,1004.3,47.8,OBS_20240106_RAJ
2024-01-07,Rajasthan,27.0238,74.2179,0.0,18.1,14.1,1006.9,64.2,OBS_20240107_RAJ
2024-01-08,Rajasthan,27.0238,74.2179,0.0,20.1,12.8,1005.7,46.2,OBS_20240108_RAJ
2024-01-09,Rajasthan,27.0238,74.2179,0.0,18.8,13.7,1007.9,60.5,OBS_20240109_RAJ
2024-01-10,Rajasthan,27.0238,74.2179,8.5,20.3,13.5,1005.4,64.7,OBS_20240110_RAJ
2024-01-11,Rajasthan,27.0238,74.2179,0.0,19.9,12.1,1006.6,53.3,OBS_20240111_RAJ
2024-01-02,Odisha,20.9517,85.0985,2.5,22.7,12.7,1005.6,55.4,OBS_20240102_ODI
2024-01-03,Odisha,20.9517,85.0985,0.0,21.3,6.5,1006.5,61.0,OBS_20240103_ODI
2024-01-04,Odisha,20.9517,85.0985,0.4,21.5,12.1,1006.9,61.1,OBS_20240104_ODI
2024-01-05,Odisha,20.9517,85.0985,2.0,19.2,12.5,1003.0,54.3,OBS_20240105_ODI
2024-01-06,Odisha,20.9517,85.0985,0.0,22.0,8.3,1005.2,54.1,OBS_20240106_ODI
2024-01-07,Odisha,20.9517,85.0985,0.0,19.5,17.0,1005.1,58.4,OBS_20240107_ODI
2024-01-08,Odisha,20.9517,85.0985,0.0,19.8,11.7,1006.7,55.3,OBS_20240108_ODI
2024-01-09,Odisha,20.9517,85.0985,0.0,18.0,16.7,1005.1,56.8,OBS_20240109_ODI
2024-01-10,Odisha,20.9517,85.0985,8.0,22.7,5.5,1005.3,65.5,OBS_20240110_ODI
2024-01-11,Odisha,20.9517,85.0985,5.1,20.1,9.9,1008.7,58.6,OBS_20240111_ODI
2024-01-02,Assam,26.2006,92.9376,0.0,20.6,9.8,1006.8,52.2,OBS_20240102_ASS
2024-01-03,Assam,26.2006,92.9376,0.0,21.4,13.4,1005.9,64.8,OBS_20240103_ASS
2024-01-04,Assam,26.2006,92.9376,0.0,22.3,9.7,1004.7,56.1,OBS_20240104_ASS
2024-01-05,Assam,26.2006,92.9376,8.8,21.9,13.5,1004.4,54.7,OBS_20240105_ASS
2024-01-06,Assam,26.2006,92.9376,0.6,20.1,11.8,1008.4,55.8,OBS_20240106_ASS
2024-01-07,Assam,26.2006,92.9376,0.0,20.0,8.4,1006.4,46.8,OBS_20240107_ASS
2024-01-08,Assam,26.2006,92.9376,4.2,20.2,5.5,1007.1,48.8,OBS_20240108_ASS
2024-01-09,Assam,26.2006,92.9376,0.0,19.2,10.8,1004.1,57.5,OBS_20240109_ASS
2024-01-10,Assam,26.2006,92.9376,1.4,23.0,20.3,1006.5,53.0,OBS_20240110_ASS
2024-01-11,Assam,26.2006,92.9376,17.9,19.2,14.7,1008.3,62.5,OBS_20240111_ASS
2024-01-02,Punjab,31.1471,75.3412,0.0,21.7,11.8,1006.1,54.7,OBS_20240102_PUN
2024-01-03,Punjab,31.1471,75.3412,0.2,23.2,12.8,1005.3,54.3,OBS_20240103_PUN
2024-01-04,Punjab,31.1471,75.3412,0.0,22.3,11.4,1006.1,55.8,OBS_20240104_PUN
2024-01-05,Punjab,31.1471,75.3412,0.0,22.4,11.3,1005.6,48.3,OBS_20240105_PUN
2024-01-06,Punjab,31.1471,75.3412,7.3,22.5,12.1,1005.9,55.4,OBS_20240106_PUN
2024-01-07,Punjab,31.1471,75.3412,1.1,20.5,13.0,1004.5,62.1,OBS_20240107_PUN
2024-01-08,Punjab,31.1471,75.3412,2.3,21.8,10.0,1008.9,52.5,OBS_20240108_PUN
2024-01-09,Punjab,31.1471,75.3412,0.3,19.7,10.9,1008.9,46.9,OBS_20240109_PUN
2024-01-10,Punjab,31.1471,75.3412,0.0,23.6,10.0,1010.1,55.6,OBS_20240110_PUN
2024-01-11,Punjab,31.1471,75.3412,10.5,19.6,11.3,1003.8,61.1,OBS_20240111_PUN
2024-01-02,Tamil Nadu,11.1271,78.6569,0.4,21.5,16.1,1004.8,58.0,OBS_20240102_TAM
2024-01-03,Tamil Nadu,11.1271,78.6569,0.8,20.3,13.6,1006.6,59.4,OBS_20240103_TAM
2024-01-04,Tamil Nadu,11.1271,78.6569,0.0,22.9,9.7,1005.5,54.7,OBS_20240104_TAM
2024-01-05,Tamil Nadu,11.1271,78.6569,14.9,22.6,11.0,1004.6,57.7,OBS_20240105_TAM
2024-01-06,Tamil Nadu,11.1271,78.6569,11.9,19.1,18.6,1004.9,53.4,OBS_20240106_TAM
2024-01-07,Tamil Nadu,11.1271,78.6569,20.5,24.7,11.4,1007.1,61.3,OBS_20240107_TAM
2024-01-08,Tamil Nadu,11.1271,78.6569,15.8,22.6,11.3,1005.9,49.1,OBS_20240108_TAM
2024-01-09,Tamil Nadu,11.1271,78.6569,0.0,20.8,6.6,1005.0,46.8,OBS_20240109_TAM
2024-01-10,Tamil Nadu,11.1271,78.6569,0.0,17.2,21.1,1010.3,63.8,OBS_20240110_TAM
2024-01-11,Tamil Nadu,11.1271,78.6569,0.0,21.9,15.1,1006.5,41.4,OBS_20240111_TAM
2024-01-02,Andhra Pradesh,15.9129,79.74,4.4,20.9,12.6,1007.2,58.6,OBS_20240102_AND
2024-01-03,Andhra Pradesh,15.9129,79.74,1.5,21.5,12.1,1007.1,52.6,OBS_20240103_AND
2024-01-04,Andhra Pradesh,15.9129,79.74,3.6,21.1,8.4,1005.8,64.6,OBS_20240104_AND
2024-01-05,Andhra Pradesh,15.9129,79.74,0.0,21.5,9.5,1005.8,59.4,OBS_20240105_AND
2024-01-06,Andhra Pradesh,15.9129,79.74,1.6,24.0,13.0,1006.5,49.9,OBS_20240106_AND
2024-01-07,Andhra Pradesh,15.9129,79.74,0.0,20.8,12.5,1005.4,69.2,OBS_20240107_AND
2024-01-08,Andhra Pradesh,15.9129,79.74,0.0,19.2,18.3,1006.3,56.9,OBS_20240108_AND
2024-01-09,Andhra Pradesh,15.9129,79.74,0.0,19.4,16.3,1007.1,54.6,OBS_20240109_AND
2024-01-10,Andhra Pradesh,15.9129,79.74,0.4,20.6,14.4,1002.3,58.3,OBS_20240110_AND
2024-01-11,Andhra Pradesh,15.9129,79.74,1.3,18.6,11.9,1008.1,55.8,OBS_20240111_AND
2024-01-02,West Bengal,22.9868,87.855,0.0,21.3,11.2,1005.8,54.9,OBS_20240102_WES
2024-01-03,West Bengal,22.9868,87.855,8.0,21.2,8.3,1007.7,49.6,OBS_20240103_WES
2024-01-04,West Bengal,22.9868,87.855,0.5,23.6,8.6,1003.1,54.7,OBS_20240104_WES
2024-01-05,West Bengal,22.9868,87.855,0.3,23.4,12.5,1005.7,56.7,OBS_20240105_WES
2024-01-06,West Bengal,22.9868,87.855,11.6,19.5,10.0,1008.9,52.9,OBS_20240106_WES
2024-01-07,West Bengal,22.9868,87.855,1.4,23.3,12.7,1006.9,51.9,OBS_20240107_WES
2024-01-08,West Bengal,22.9868,87.855,5.3,22.5,8.9,1006.2,53.3,OBS_20240108_WES
2024-01-09,West Bengal,22.9868,87.855,0.0,24.2,12.1,1004.8,65.7,OBS_20240109_WES
2024-01-10,West Bengal,22.9868,87.855,7.5,24.6,11.3,1008.4,50.0,OBS_20240110_WES
2024-01-11,West Bengal,22.9868,87.855,13.2,25.1,14.1,1004.2,56.8,OBS_20240111_WES
2024-01-02,Madhya Pradesh,22.9734,78.6569,0.3,21.3,13.3,1007.2,58.3,OBS_20240102_MAD
2024-01-03,Madhya Pradesh,22.9734,78.6569,1.4,20.7,11.7,1005.2,56.6,OBS_20240103_MAD
2024-01-04,Madhya Pradesh,22.9734,78.6569,2.7,21.1,14.3,1006.4,49.2,OBS_20240104_MAD
2024-01-05,Madhya Pradesh,22.9734,78.6569,1.3,18.7,13.2,1006.2,53.1,OBS_20240105_MAD
2024-01-06,Madhya Pradesh,22.9734,78.6569,0.0,20.5,10.3,1006.4,50.5,OBS_20240106_MAD
2024-01-07,Madhya Pradesh,22.9734,78.6569,0.0,21.3,10.8,1006.9,56.1,OBS_20240107_MAD
2024-01-08,Madhya Pradesh,22.9734,78.6569,0.0,19.6,11.8,1003.8,66.1,OBS_20240108_MAD
2024-01-09,Madhya Pradesh,22.9734,78.6569,29.3,22.8,4.8,1005.2,59.9,OBS_20240109_MAD
2024-01-10,Madhya Pradesh,22.9734,78.6569,0.0,21.9,9.3,1004.6,44.9,OBS_20240110_MAD
2024-01-11,Madhya Pradesh,22.9734,78.6569,1.1,18.1,22.5,1005.8,63.7,OBS_20240111_MAD
2024-01-02,Uttar Pradesh,26.8467,80.9462,0.0,20.8,11.8,1006.6,58.2,OBS_20240102_UTT
2024-01-03,Uttar Pradesh,26.8467,80.9462,2.3,22.5,10.2,1006.4,55.5,OBS_20240103_UTT
2024-01-04,Uttar Pradesh,26.8467,80.9462,0.7,21.2,7.4,1006.6,60.2,OBS_20240104_UTT
2024-01-05,Uttar Pradesh,26.8467,80.9462,2.5,23.1,7.6,1006.6,54.0,OBS_20240105_UTT
2024-01-06,Uttar Pradesh,26.8467,80.9462,2.2,23.3,15.7,1003.2,54.8,OBS_20240106_UTT
2024-01-07,Uttar Pradesh,26.8467,80.9462,0.0,22.2,9.1,1002.4,58.5,OBS_20240107_UTT
2024-01-08,Uttar Pradesh,26.8467,80.9462,4.6,22.6,9.8,1007.5,52.1,OBS_20240108_UTT
2024-01-09,Uttar Pradesh,26.8467,80.9462,3.1,20.6,13.2,1004.2,61.8,OBS_20240109_UTT
2024-01-10,Uttar Pradesh,26.8467,80.9462,5.3,23.9,19.9,1005.5,52.5,OBS_20240110_UTT
2024-01-11,Uttar Pradesh,26.8467,80.9462,0.0,24.0,8.0,1004.7,64.5,OBS_20240111_UTT
2024-01-02,Karnataka,15.3173,75.7139,3.4,20.7,11.5,1004.9,52.6,OBS_20240102_KAR
2024-01-03,Karnataka,15.3173,75.7139,0.0,20.1,12.5,1008.2,49.9,OBS_20240103_KAR
2024-01-04,Karnataka,15.3173,75.7139,1.8,22.5,12.2,1004.6,52.0,OBS_20240104_KAR
2024-01-05,Karnataka,15.3173,75.7139,3.0,21.1,8.2,1007.0,58.7,OBS_20240105_KAR
2024-01-06,Karnataka,15.3173,75.7139,17.8,21.4,6.6,1007.3,55.7,OBS_20240106_KAR
2024-01-07,Karnataka,15.3173,75.7139,7.4,20.5,8.3,1003.1,59.8,OBS_20240107_KAR
2024-01-08,Karnataka,15.3173,75.7139,0.0,23.2,5.1,1006.3,63.1,OBS_20240108_KAR
2024-01-09,Karnataka,15.3173,75.7139,7.1,20.8,13.2,1006.4,57.8,OBS_20240109_KAR
2024-01-10,Karnataka,15.3173,75.7139,18.4,16.2,7.2,1005.4,58.1,OBS_20240110_KAR
2024-01-11,Karnataka,15.3173,75.7139,0.0,18.2,16.8,1007.2,48.9,OBS_20240111_KAR
2024-01-02,Himachal Pradesh,31.1048,77.1734,0.6,20.9,10.4,1007.1,55.9,OBS_20240102_HIM
2024-01-03,Himachal Pradesh,31.1048,77.1734,2.4,21.3,11.4,1007.3,54.6,OBS_20240103_HIM
2024-01-04,Himachal Pradesh,31.1048,77.1734,7.1,20.0,15.8,1006.4,59.7,OBS_20240104_HIM
2024-01-05,Himachal Pradesh,31.1048,77.1734,1.4,19.9,12.9,1005.4,57.0,OBS_20240105_HIM
2024-01-06,Himachal Pradesh,31.1048,77.1734,3.5,19.6,9.7,1003.5,55.4,OBS_20240106_HIM
2024-01-07,Himachal Pradesh,31.1048,77.1734,111.8,22.8,8.7,1005.2,61.0,OBS_20240107_HIM
2024-01-08,Himachal Pradesh,31.1048,77.1734,0.0,23.3,8.9,1004.5,58.9,OBS_20240108_HIM
2024-01-09,Himachal Pradesh,31.1048,77.1734,14.3,22.4,9.0,1007.5,55.6,OBS_20240109_HIM
2024-01-10,Himachal Pradesh,31.1048,77.1734,0.0,21.5,6.9,1005.2,48.0,OBS_20240110_HIM
2024-01-11,Himachal Pradesh,31.1048,77.1734,19.6,25.0,15.4,1006.0,51.5,OBS_20240111_HIM
2024-01-02,Bihar,25.0961,85.3131,0.1,20.2,13.0,1005.7,55.6,OBS_20240102_BIH
2024-01-03,Bihar,25.0961,85.3131,1.1,20.5,12.6,1006.3,55.5,OBS_20240103_BIH
2024-01-04,Bihar,25.0961,85.3131,5.8,21.9,14.8,1003.5,49.3,OBS_20240104_BIH
2024-01-05,Bihar,25.0961,85.3131,0.0,22.1,12.5,1005.8,56.4,OBS_20240105_BIH
2024-01-06,Bihar,25.0961,85.3131,0.0,20.7,7.7,1007.8,50.3,OBS_20240106_BIH
2024-01-07,Bihar,25.0961,85.3131,20.8,22.0,11.3,1008.2,47.0,OBS_20240107_BIH
2024-01-08,Bihar,25.0961,85.3131,3.5,20.5,9.8,1004.3,59.5,OBS_20240108_BIH
2024-01-09,Bihar,25.0961,85.3131,0.0,19.5,16.3,1008.0,53.9,OBS_20240109_BIH
2024-01-10,Bihar,25.0961,85.3131,0.0,21.2,11.4,1005.4,47.3,OBS_20240110_BIH
2024-01-11,Bihar,25.0961,85.3131,10.4,24.4,5.4,1006.1,56.1,OBS_20240111_BIH
2024-01-12,Gujarat,22.2587,71.1924,0.0,19.9,14.2,1007.7,41.4,OBS_20240112_GUJ
2024-01-12,Maharashtra,19.7515,75.7139,0.0,20.7,15.9,1005.8,62.7,OBS_20240112_MAH
2024-01-12,Kerala,10.8505,76.2711,0.0,23.2,8.6,1006.8,57.2,OBS_20240112_KER
2024-01-12,Rajasthan,27.0238,74.2179,0.0,22.8,15.3,1006.7,48.5,OBS_20240112_RAJ
2024-01-12,Odisha,20.9517,85.0985,10.6,17.9,13.5,1006.8,51.3,OBS_20240112_ODI
2024-01-12,Assam,26.2006,92.9376,0.0,21.1,13.2,1004.4,46.5,OBS_20240112_ASS
2024-01-12,Punjab,31.1471,75.3412,14.9,24.6,13.9,1008.1,49.6,OBS_20240112_PUN
2024-01-12,Tamil Nadu,11.1271,78.6569,0.0,20.0,13.8,1008.6,50.6,OBS_20240112_TAM
2024-01-12,Andhra Pradesh,15.9129,79.74,3.2,27.2,9.8,1004.4,59.1,OBS_20240112_AND
2024-01-12,West Bengal,22.9868,87.855,0.0,23.7,14.0,1009.4,67.4,OBS_20240112_WES
2024-01-12,Madhya Pradesh,22.9734,78.6569,12.3,21.0,11.9,1004.0,48.1,OBS_20240112_MAD
2024-01-12,Uttar Pradesh,26.8467,80.9462,13.5,22.1,17.4,1010.9,50.6,OBS_20240112_UTT
2024-01-12,Karnataka,15.3173,75.7139,0.0,19.5,6.3,1007.3,50.4,OBS_20240112_KAR
2024-01-12,Himachal Pradesh,31.1048,77.1734,0.0,19.6,18.9,1005.4,56.3,OBS_20240112_HIM
2024-01-12,Bihar,25.0961,85.3131,0.0,20.9,11.4,1005.1,59.7,OBS_20240112_BIH
2024-01-13,Gujarat,22.2587,71.1924,7.4,19.5,15.9,1002.8,70.6,OBS_20240113_GUJ
2024-01-13,Maharashtra,19.7515,75.7139,4.6,22.2,14.8,1005.3,58.5,OBS_20240113_MAH
2024-01-13,Kerala,10.8505,76.2711,0.0,23.8,5.0,1006.4,56.6,OBS_20240113_KER
2024-01-13,Rajasthan,27.0238,74.2179,0.0,22.3,8.8,1007.9,70.9,OBS_20240113_RAJ
2024-01-13,Odisha,20.9517,85.0985,0.0,19.5,10.9,1005.9,57.7,OBS_20240113_ODI
2024-01-13,Assam,26.2006,92.9376,6.5,19.6,11.1,1009.2,51.3,OBS_20240113_ASS
2024-01-13,Punjab,31.1471,75.3412,0.0,23.1,11.6,1004.7,44.0,OBS_20240113_PUN
2024-01-13,Tamil Nadu,11.1271,78.6569,0.0,19.5,14.7,1005.1,56.8,OBS_20240113_TAM
2024-01-13,Andhra Pradesh,15.9129,79.74,5.1,22.8,12.7,1007.9,46.1,OBS_20240113_AND
2024-01-13,West Bengal,22.9868,87.855,0.0,20.5,8.0,1008.3,55.0,OBS_20240113_WES
2024-01-13,Madhya Pradesh,22.9734,78.6569,0.0,22.8,13.2,1007.3,63.5,OBS_20240113_MAD
2024-01-13,Uttar Pradesh,26.8467,80.9462,0.0,19.5,12.5,1009.3,53.3,OBS_20240113_UTT
2024-01-13,Karnataka,15.3173,75.7139,0.0,18.6,8.6,1007.4,64.8,OBS_20240113_KAR
2024-01-13,Himachal Pradesh,31.1048,77.1734,0.0,20.5,14.0,1003.6,51.3,OBS_20240113_HIM
2024-01-13,Bihar,25.0961,85.3131,0.0,21.4,6.9,1006.0,48.0,OBS_20240113_BIH
2024-01-14,Gujarat,22.2587,71.1924,8.0,21.5,6.8,1005.4,69.2,OBS_20240114_GUJ
2024-01-14,Maharashtra,19.7515,75.7139,18.0,21.0,13.9,1006.3,69.0,OBS_20240114_MAH
2024-01-14,Kerala,10.8505,76.2711,6.8,22.9,9.7,1008.1,59.0,OBS_20240114_KER
2024-01-14,Rajasthan,27.0238,74.2179,22.9,20.4,9.4,1004.3,49.9,OBS_20240114_RAJ
2024-01-14,Odisha,20.9517,85.0985,0.0,24.2,6.0,1006.4,66.5,OBS_20240114_ODI
2024-01-14,Assam,26.2006,92.9376,0.0,18.2,14.5,1004.0,53.4,OBS_20240114_ASS
2024-01-14,Punjab,31.1471,75.3412,0.0,19.2,10.7,1004.6,44.4,OBS_20240114_PUN
2024-01-14,Tamil Nadu,11.1271,78.6569,15.2,24.1,7.3,1007.8,67.0,OBS_20240114_TAM
2024-01-14,Andhra Pradesh,15.9129,79.74,0.0,21.4,16.1,1005.8,59.0,OBS_20240114_AND
2024-01-14,West Bengal,22.9868,87.855,0.0,23.7,12.5,1006.5,58.8,OBS_20240114_WES
2024-01-14,Madhya Pradesh,22.9734,78.6569,6.4,22.7,8.6,1005.3,53.4,OBS_20240114_MAD
2024-01-14,Uttar Pradesh,26.8467,80.9462,1.4,22.5,14.1,1006.8,49.1,OBS_20240114_UTT
2024-01-14,Karnataka,15.3173,75.7139,0.0,24.8,5.9,1004.8,57.0,OBS_20240114_KAR
2024-01-14,Himachal Pradesh,31.1048,77.1734,0.0,22.7,8.2,1005.5,64.3,OBS_20240114_HIM
2024-01-14,Bihar,25.0961,85.3131,11.7,25.8,15.2,1004.0,64.3,OBS_20240114_BIH
2024-01-15,Gujarat,22.2587,71.1924,0.0,22.2,7.4,1006.4,52.3,OBS_20240115_GUJ
2024-01-15,Maharashtra,19.7515,75.7139,0.0,19.7,18.8,1007.1,51.8,OBS_20240115_MAH
2024-01-15,Kerala,10.8505,76.2711,0.0,19.1,9.2,1006.7,45.1,OBS_20240115_KER
2024-01-15,Rajasthan,27.0238,74.2179,3.4,18.9,11.8,1007.2,52.9,OBS_20240115_RAJ
2024-01-15,Odisha,20.9517,85.0985,0.0,25.4,6.9,1004.6,64.1,OBS_20240115_ODI
2024-01-15,Assam,26.2006,92.9376,13.5,22.1,12.6,1003.2,56.3,OBS_20240115_ASS
2024-01-15,Punjab,31.1471,75.3412,0.0,20.6,13.2,1002.9,53.3,OBS_20240115_PUN
2024-01-15,Tamil Nadu,11.1271,78.6569,0.0,21.0,10.1,1004.5,55.4,OBS_20240115_TAM
2024-01-15,Andhra Pradesh,15.9129,79.74,5.0,24.6,12.1,1007.8,43.2,OBS_20240115_AND
2024-01-15,West Bengal,22.9868,87.855,0.0,23.9,10.4,1006.2,67.6,OBS_20240115_WES
2024-01-15,Madhya Pradesh,22.9734,78.6569,0.0,17.5,7.8,1004.7,59.7,OBS_20240115_MAD
2024-01-15,Uttar Pradesh,26.8467,80.9462,7.6,21.0,12.0,1002.9,65.0,OBS_20240115_UTT
2024-01-15,Karnataka,15.3173,75.7139,0.0,19.7,9.8,1009.0,46.6,OBS_20240115_KAR
2024-01-15,Himachal Pradesh,31.1048,77.1734,0.0,19.5,10.3,1004.1,53.5,OBS_20240115_HIM
2024-01-15,Bihar,25.0961,85.3131,4.4,24.5,14.7,1003.2,59.2,OBS_20240115_BIH
2024-01-16,Gujarat,22.2587,71.1924,5.8,23.2,10.7,1009.7,46.0,OBS_20240116_GUJ
2024-01-16,Maharashtra,19.7515,75.7139,0.0,22.7,12.8,1004.3,49.1,OBS_20240116_MAH
2024-01-16,Kerala,10.8505,76.2711,0.0,22.0,14.2,1004.6,49.9,OBS_20240116_KER
2024-01-16,Rajasthan,27.0238,74.2179,11.0,23.9,9.1,1009.2,54.3,OBS_20240116_RAJ
2024-01-16,Odisha,20.9517,85.0985,0.0,21.5,11.0,1006.3,57.3,OBS_20240116_ODI
2024-01-16,Assam,26.2006,92.9376,0.7,23.5,15.0,1005.3,38.0,OBS_20240116_ASS
2024-01-16,Punjab,31.1471,75.3412,16.0,19.8,7.4,1007.0,59.4,OBS_20240116_PUN
2024-01-16,Tamil Nadu,11.1271,78.6569,0.0,23.6,15.3,1005.7,46.9,OBS_20240116_TAM
2024-01-16,Andhra Pradesh,15.9129,79.74,5.7,23.7,11.5,1006.8,47.1,OBS_20240116_AND
2024-01-16,West Bengal,22.9868,87.855,20.0,20.2,12.0,1005.3,60.4,OBS_20240116_WES
2024-01-16,Madhya Pradesh,22.9734,78.6569,29.4,19.3,15.8,1005.1,52.8,OBS_20240116_MAD
2024-01-16,Uttar Pradesh,26.8467,80.9462,16.3,17.7,7.5,1008.3,62.3,OBS_20240116_UTT
2024-01-16,Karnataka,15.3173,75.7139,5.5,18.9,16.2,1007.7,53.0,OBS_20240116_KAR
2024-01-16,Himachal Pradesh,31.1048,77.1734,0.0,21.4,17.9,1005.4,62.2,OBS_20240116_HIM
2024-01-16,Bihar,25.0961,85.3131,131.8,20.7,13.1,1012.9,49.5,OBS_20240116_BIH
2024-01-17,Gujarat,22.2587,71.1924,32.2,23.9,15.2,1003.4,53.3,OBS_20240117_GUJ
2024-01-17,Maharashtra,19.7515,75.7139,9.3,21.9,9.4,1009.6,59.0,OBS_20240117_MAH
2024-01-17,Kerala,10.8505,76.2711,0.0,25.2,10.0,1004.6,62.3,OBS_20240117_KER
2024-01-17,Rajasthan,27.0238,74.2179,19.2,22.8,6.1,1004.8,47.6,OBS_20240117_RAJ
2024-01-17,Odisha,20.9517,85.0985,13.6,19.7,8.2,1002.3,53.4,OBS_20240117_ODI
2024-01-17,Assam,26.2006,92.9376,20.0,18.3,12.5,1005.1,53.8,OBS_20240117_ASS
2024-01-17,Punjab,31.1471,75.3412,2.2,18.3,11.7,1005.5,65.5,OBS_20240117_PUN
2024-01-17,Tamil Nadu,11.1271,78.6569,0.0,18.1,15.1,1003.7,50.7,OBS_20240117_TAM
2024-01-17,Andhra Pradesh,15.9129,79.74,0.0,19.8,13.7,1005.6,52.7,OBS_20240117_AND
2024-01-17,West Bengal,22.9868,87.855,0.0,21.7,13.2,1005.0,51.8,OBS_20240117_WES
2024-01-17,Madhya Pradesh,22.9734,78.6569,0.0,18.7,12.7,1004.6,56.1,OBS_20240117_MAD
2024-01-17,Uttar Pradesh,26.8467,80.9462,10.2,20.7,17.0,1008.4,63.6,OBS_20240117_UTT
2024-01-17,Karnataka,15.3173,75.7139,0.0,23.5,8.4,1004.3,55.8,OBS_20240117_KAR
2024-01-17,Himachal Pradesh,31.1048,77.1734,5.2,28.2,17.0,1008.8,50.8,OBS_20240117_HIM
2024-01-17,Bihar,25.0961,85.3131,8.2,21.9,9.4,1003.5,62.7,OBS_20240117_BIH
2024-01-18,Gujarat,22.2587,71.1924,0.0,16.3,16.8,1006.9,44.9,OBS_20240118_GUJ
2024-01-18,Maharashtra,19.7515,75.7139,0.0,18.9,16.0,1007.9,57.2,OBS_20240118_MAH
2024-01-18,Kerala,10.8505,76.2711,0.0,25.5,10.7,1008.9,48.1,OBS_20240118_KER
2024-01-18,Rajasthan,27.0238,74.2179,0.0,21.4,9.9,1006.8,40.5,OBS_20240118_RAJ
2024-01-18,Odisha,20.9517,85.0985,7.7,20.6,13.5,1009.3,59.4,OBS_20240118_ODI
2024-01-18,Assam,26.2006,92.9376,26.2,21.1,10.9,1004.7,62.5,OBS_20240118_ASS
2024-01-18,Punjab,31.1471,75.3412,0.0,21.7,5.4,1011.6,53.2,OBS_20240118_PUN
2024-01-18,Tamil Nadu,11.1271,78.6569,5.0,19.3,12.5,1007.0,49.7,OBS_20240118_TAM
2024-01-18,Andhra Pradesh,15.9129,79.74,0.6,20.1,13.6,1008.3,57.3,OBS_20240118_AND
2024-01-18,West Bengal,22.9868,87.855,0.0,21.8,14.6,1007.2,64.1,OBS_20240118_WES
2024-01-18,Madhya Pradesh,22.9734,78.6569,0.0,21.5,16.4,1004.6,52.0,OBS_20240118_MAD
2024-01-18,Uttar Pradesh,26.8467,80.9462,0.0,17.5,14.0,1007.5,55.1,OBS_20240118_UTT
2024-01-18,Karnataka,15.3173,75.7139,2.4,24.0,11.7,1006.4,60.1,OBS_20240118_KAR
2024-01-18,Himachal Pradesh,31.1048,77.1734,0.0,20.3,11.5,1008.9,55.4,OBS_20240118_HIM
2024-01-18,Bihar,25.0961,85.3131,3.7,21.4,10.5,1003.8,71.7,OBS_20240118_BIH
2024-01-19,Gujarat,22.2587,71.1924,0.0,23.1,12.0,1006.6,44.4,OBS_20240119_GUJ
2024-01-19,Maharashtra,19.7515,75.7139,6.8,20.9,9.1,1006.2,53.0,OBS_20240119_MAH
2024-01-19,Kerala,10.8505,76.2711,19.4,24.0,16.2,1009.8,59.8,OBS_20240119_KER
2024-01-19,Rajasthan,27.0238,74.2179,13.9,19.5,11.4,1005.9,44.0,OBS_20240119_RAJ
2024-01-19,Odisha,20.9517,85.0985,9.5,23.2,4.8,1004.8,63.6,OBS_20240119_ODI
2024-01-19,Assam,26.2006,92.9376,0.6,24.4,13.0,1006.9,47.6,OBS_20240119_ASS
2024-01-19,Punjab,31.1471,75.3412,0.0,18.8,16.6,1006.6,47.6,OBS_20240119_PUN
2024-01-19,Tamil Nadu,11.1271,78.6569,12.1,23.5,6.3,1004.3,54.1,OBS_20240119_TAM
2024-01-19,Andhra Pradesh,15.9129,79.74,0.0,18.1,9.2,1004.1,67.1,OBS_20240119_AND
2024-01-19,West Bengal,22.9868,87.855,0.8,19.3,12.1,1010.1,67.6,OBS_20240119_WES
2024-01-19,Madhya Pradesh,22.9734,78.6569,0.0,24.0,6.2,1011.2,65.3,OBS_20240119_MAD
2024-01-19,Uttar Pradesh,26.8467,80.9462,0.0,24.3,15.4,1005.9,59.1,OBS_20240119_UTT
2024-01-19,Karnataka,15.3173,75.7139,0.0,22.8,16.6,1004.0,53.4,OBS_20240119_KAR
2024-01-19,Himachal Pradesh,31.1048,77.1734,12.7,19.5,10.3,1004.9,54.5,OBS_20240119_HIM
2024-01-19,Bihar,25.0961,85.3131,7.5,22.9,13.2,1008.8,59.1,OBS_20240119_BIH
2024-01-20,Gujarat,22.2587,71.1924,0.0,20.5,14.2,1006.3,60.1,OBS_20240120_GUJ
2024-01-20,Maharashtra,19.7515,75.7139,14.4,21.4,7.2,1009.6,38.9,OBS_20240120_MAH
2024-01-20,Kerala,10.8505,76.2711,0.0,14.5,13.0,1011.3,48.0,OBS_20240120_KER
2024-01-20,Rajasthan,27.0238,74.2179,6.0,24.8,14.9,1005.6,54.9,OBS_20240120_RAJ
2024-01-20,Odisha,20.9517,85.0985,3.6,21.7,12.0,1006.4,47.1,OBS_20240120_ODI
2024-01-20,Assam,26.2006,92.9376,28.0,21.3,10.6,1009.0,57.8,OBS_20240120_ASS
2024-01-20,Punjab,31.1471,75.3412,21.0,21.5,9.7,1011.1,59.4,OBS_20240120_PUN
2024-01-20,Tamil Nadu,11.1271,78.6569,0.0,21.9,11.3,1007.7,54.9,OBS_20240120_TAM
2024-01-20,Andhra Pradesh,15.9129,79.74,0.0,23.5,10.3,1007.4,57.9,OBS_20240120_AND
2024-01-20,West Bengal,22.9868,87.855,17.2,19.7,12.2,1006.0,48.1,OBS_20240120_WES
2024-01-20,Madhya Pradesh,22.9734,78.6569,0.0,23.8,10.3,1008.8,50.1,OBS_20240120_MAD
2024-01-20,Uttar Pradesh,26.8467,80.9462,102.1,24.2,7.7,1010.3,59.7,OBS_20240120_UTT
2024-01-20,Karnataka,15.3173,75.7139,16.8,20.0,12.2,1008.3,66.2,OBS_20240120_KAR
2024-01-20,Himachal Pradesh,31.1048,77.1734,0.0,20.9,5.6,1003.3,66.5,OBS_20240120_HIM
2024-01-20,Bihar,25.0961,85.3131,0.0,24.2,4.3,1008.5,57.8,OBS_20240120_BIH
2024-01-21,Gujarat,22.2587,71.1924,0.0,23.3,14.4,1003.2,51.3,OBS_20240121_GUJ
2024-01-21,Maharashtra,19.7515,75.7139,2.9,18.6,8.7,1004.6,55.7,OBS_20240121_MAH
2024-01-21,Kerala,10.8505,76.2711,2.3,24.5,7.3,1005.2,59.4,OBS_20240121_KER
2024-01-21,Rajasthan,27.0238,74.2179,0.0,22.2,12.8,1008.1,65.8,OBS_20240121_RAJ
2024-01-21,Odisha,20.9517,85.0985,0.8,25.1,6.2,1005.3,56.9,OBS_20240121_ODI
2024-01-21,Assam,26.2006,92.9376,0.0,20.6,7.3,1006.0,62.2,OBS_20240121_ASS
2024-01-21,Punjab,31.1471,75.3412,0.0,22.3,12.1,1007.3,55.7,OBS_20240121_PUN
2024-01-21,Tamil Nadu,11.1271,78.6569,8.2,20.3,12.5,1003.3,58.3,OBS_20240121_TAM
2024-01-21,Andhra Pradesh,15.9129,79.74,32.0,21.3,11.0,1004.8,49.7,OBS_20240121_AND
2024-01-21,West Bengal,22.9868,87.855,0.0,21.9,11.4,1008.5,62.2,OBS_20240121_WES
2024-01-21,Madhya Pradesh,22.9734,78.6569,1.9,20.0,9.7,1006.6,65.6,OBS_20240121_MAD
2024-01-21,Uttar Pradesh,26.8467,80.9462,0.0,21.1,14.1,1006.8,47.4,OBS_20240121_UTT
2024-01-21,Karnataka,15.3173,75.7139,0.0,20.2,15.2,1004.8,51.3,OBS_20240121_KAR
2024-01-21,Himachal Pradesh,31.1048,77.1734,2.5,22.1,20.7,1005.4,57.8,OBS_20240121_HIM
2024-01-21,Bihar,25.0961,85.3131,11.5,18.6,4.8,1005.3,50.7,OBS_20240121_BIH
2024-01-22,Gujarat,22.2587,71.1924,1.9,23.5,15.3,1003.7,45.9,OBS_20240122_GUJ
2024-01-22,Maharashtra,19.7515,75.7139,0.0,23.6,4.7,1006.3,53.1,OBS_20240122_MAH
2024-01-22,Kerala,10.8505,76.2711,0.0,21.6,14.2,1005.8,61.3,OBS_20240122_KER
2024-01-22,Rajasthan,27.0238,74.2179,0.9,19.2,14.0,1006.8,38.2,OBS_20240122_RAJ
2024-01-22,Odisha,20.9517,85.0985,0.0,19.1,7.3,1002.0,44.4,OBS_20240122_ODI
2024-01-22,Assam,26.2006,92.9376,0.0,25.3,5.4,1006.3,56.8,OBS_20240122_ASS
2024-01-22,Punjab,31.1471,75.3412,0.0,23.8,12.5,1010.2,65.4,OBS_20240122_PUN
2024-01-22,Tamil Nadu,11.1271,78.6569,5.8,21.4,4.0,1004.7,60.6,OBS_20240122_TAM
2024-01-22,Andhra Pradesh,15.9129,79.74,0.0,22.2,17.2,1003.7,55.9,OBS_20240122_AND
2024-01-22,West Bengal,22.9868,87.855,17.2,21.8,16.8,1007.9,48.7,OBS_20240122_WES
2024-01-22,Madhya Pradesh,22.9734,78.6569,0.0,25.3,8.4,1005.2,54.5,OBS_20240122_MAD
2024-01-22,Uttar Pradesh,26.8467,80.9462,1.9,22.5,3.2,1002.3,55.2,OBS_20240122_UTT
2024-01-22,Karnataka,15.3173,75.7139,12.8,21.6,12.9,1002.6,55.9,OBS_20240122_KAR
2024-01-22,Himachal Pradesh,31.1048,77.1734,0.0,24.3,14.4,1006.1,52.5,OBS_20240122_HIM
2024-01-22,Bihar,25.0961,85.3131,12.9,26.8,9.8,1005.7,59.9,OBS_20240122_BIH
2024-01-23,Gujarat,22.2587,71.1924,7.4,18.7,8.2,1006.3,59.1,OBS_20240123_GUJ
2024-01-23,Maharashtra,19.7515,75.7139,1.0,20.7,15.4,1004.9,63.7,OBS_20240123_MAH
2024-01-23,Kerala,10.8505,76.2711,0.0,22.6,13.3,1005.1,47.9,OBS_20240123_KER
2024-01-23,Rajasthan,27.0238,74.2179,0.0,20.1,13.0,1006.6,52.8,OBS_20240123_RAJ
2024-01-23,Odisha,20.9517,85.0985,24.4,20.9,14.6,1005.3,63.7,OBS_20240123_ODI
2024-01-23,Assam,26.2006,92.9376,0.0,18.8,16.9,1007.1,66.3,OBS_20240123_ASS
2024-01-23,Punjab,31.1471,75.3412,7.0,22.1,13.2,1006.1,49.6,OBS_20240123_PUN
2024-01-23,Tamil Nadu,11.1271,78.6569,0.0,20.6,10.4,1003.6,57.0,OBS_20240123_TAM
2024-01-23,Andhra Pradesh,15.9129,79.74,16.5,19.6,8.8,1007.9,52.6,OBS_20240123_AND
2024-01-23,West Bengal,22.9868,87.855,11.8,17.9,7.5,1002.3,60.7,OBS_20240123_WES
2024-01-23,Madhya Pradesh,22.9734,78.6569,0.0,23.9,14.9,1007.8,51.5,OBS_20240123_MAD
2024-01-23,Uttar Pradesh,26.8467,80.9462,0.1,19.4,13.2,1007.1,54.4,OBS_20240123_UTT
2024-01-23,Karnataka,15.3173,75.7139,4.3,24.0,13.0,1007.3,60.1,OBS_20240123_KAR
2024-01-23,Himachal Pradesh,31.1048,77.1734,11.4,22.1,17.1,1006.5,47.1,OBS_20240123_HIM
2024-01-23,Bihar,25.0961,85.3131,0.0,20.9,5.7,1013.0,57.3,OBS_20240123_BIH
2024-01-24,Gujarat,22.2587,71.1924,10.6,20.1,8.3,1007.6,56.0,OBS_20240124_GUJ
2024-01-24,Maharashtra,19.7515,75.7139,0.0,22.3,2.2,1006.7,67.3,OBS_20240124_MAH
2024-01-24,Kerala,10.8505,76.2711,0.0,19.5,20.5,1002.7,63.8,OBS_20240124_KER
2024-01-24,Rajasthan,27.0238,74.2179,4.9,21.5,9.0,1008.4,51.6,OBS_20240124_RAJ
2024-01-24,Odisha,20.9517,85.0985,12.5,19.9,18.7,1004.9,58.6,OBS_20240124_ODI
2024-01-24,Assam,26.2006,92.9376,0.4,21.9,6.1,1003.5,61.0,OBS_20240124_ASS
2024-01-24,Punjab,31.1471,75.3412,7.9,20.3,11.4,1005.3,56.5,OBS_20240124_PUN
2024-01-24,Tamil Nadu,11.1271,78.6569,0.0,19.8,11.7,1008.0,56.6,OBS_20240124_TAM
2024-01-24,Andhra Pradesh,15.9129,79.74,0.0,20.5,13.8,1005.6,71.2,OBS_20240124_AND
2024-01-24,West Bengal,22.9868,87.855,2.1,23.5,14.0,1004.9,60.5,OBS_20240124_WES
2024-01-24,Madhya Pradesh,22.9734,78.6569,0.0,23.4,7.5,1010.5,64.2,OBS_20240124_MAD
2024-01-24,Uttar Pradesh,26.8467,80.9462,0.0,25.5,10.4,1006.2,54.2,OBS_20240124_UTT
2024-01-24,Karnataka,15.3173,75.7139,13.5,18.6,6.9,1004.0,71.5,OBS_20240124_KAR
2024-01-24,Himachal Pradesh,31.1048,77.1734,7.5,17.1,14.2,1004.9,61.8,OBS_20240124_HIM
2024-01-24,Bihar,25.0961,85.3131,13.5,21.2,10.4,1005.1,45.5,OBS_20240124_BIH
2024-01-25,Gujarat,22.2587,71.1924,1.0,25.4,17.9,1006.2,50.9,OBS_20240125_GUJ
2024-01-25,Maharashtra,19.7515,75.7139,10.8,14.8,17.4,1003.3,64.4,OBS_20240125_MAH
2024-01-25,Kerala,10.8505,76.2711,0.0,23.4,10.8,1006.4,61.5,OBS_20240125_KER
2024-01-25,Rajasthan,27.0238,74.2179,8.7,23.6,17.0,998.9,64.2,OBS_20240125_RAJ
2024-01-25,Odisha,20.9517,85.0985,0.0,21.7,14.1,1006.4,49.0,OBS_20240125_ODI
2024-01-25,Assam,26.2006,92.9376,2.7,21.0,12.4,1004.2,58.8,OBS_20240125_ASS
2024-01-25,Punjab,31.1471,75.3412,0.0,24.0,10.6,1006.9,55.6,OBS_20240125_PUN
2024-01-25,Tamil Nadu,11.1271,78.6569,3.6,26.2,11.7,1005.5,54.9,OBS_20240125_TAM
2024-01-25,Andhra Pradesh,15.9129,79.74,6.5,21.3,8.5,1006.1,50.6,OBS_20240125_AND
2024-01-25,West Bengal,22.9868,87.855,0.0,18.9,14.5,1006.9,37.3,OBS_20240125_WES
2024-01-25,Madhya Pradesh,22.9734,78.6569,0.0,21.2,12.2,1002.4,53.9,OBS_20240125_MAD
2024-01-25,Uttar Pradesh,26.8467,80.9462,0.0,21.4,8.8,1003.5,48.3,OBS_20240125_UTT
2024-01-25,Karnataka,15.3173,75.7139,0.0,21.8,13.9,1003.1,56.6,OBS_20240125_KAR
2024-01-25,Himachal Pradesh,31.1048,77.1734,2.1,17.9,14.1,1005.4,55.5,OBS_20240125_HIM
2024-01-25,Bihar,25.0961,85.3131,0.0,24.5,5.4,1006.8,50.5,OBS_20240125_BIH
2024-01-26,Gujarat,22.2587,71.1924,9.5,26.6,6.4,1005.4,66.6,OBS_20240126_GUJ
2024-01-26,Maharashtra,19.7515,75.7139,0.0,21.1,8.5,1005.9,51.2,OBS_20240126_MAH
2024-01-26,Kerala,10.8505,76.2711,8.2,23.2,13.8,1003.6,49.9,OBS_20240126_KER
2024-01-26,Rajasthan,27.0238,74.2179,17.2,22.5,9.6,1006.2,54.5,OBS_20240126_RAJ
2024-01-26,Odisha,20.9517,85.0985,8.7,19.8,17.9,1004.6,50.8,OBS_20240126_ODI
2024-01-26,Assam,26.2006,92.9376,0.0,26.6,13.9,1004.1,55.9,OBS_20240126_ASS
2024-01-26,Punjab,31.1471,75.3412,6.1,22.1,12.0,1008.7,50.7,OBS_20240126_PUN
2024-01-26,Tamil Nadu,11.1271,78.6569,2.2,22.9,11.6,1004.7,49.8,OBS_20240126_TAM
2024-01-26,Andhra Pradesh,15.9129,79.74,6.6,23.9,9.0,1004.2,51.9,OBS_20240126_AND
2024-01-26,West Bengal,22.9868,87.855,0.0,21.4,9.9,1002.3,60.7,OBS_20240126_WES
2024-01-26,Madhya Pradesh,22.9734,78.6569,0.0,22.5,11.1,1008.2,50.4,OBS_20240126_MAD
2024-01-26,Uttar Pradesh,26.8467,80.9462,0.1,22.3,10.7,1006.1,64.2,OBS_20240126_UTT
2024-01-26,Karnataka,15.3173,75.7139,2.9,21.8,11.6,1007.6,60.4,OBS_20240126_KAR
2024-01-26,Himachal Pradesh,31.1048,77.1734,0.0,18.7,11.1,1005.7,50.9,OBS_20240126_HIM
2024-01-26,Bihar,25.0961,85.3131,0.0,19.9,8.7,1003.5,43.0,OBS_20240126_BIH
2024-01-27,Gujarat,22.2587,71.1924,0.0,21.7,15.4,1007.1,53.2,OBS_20240127_GUJ
2024-01-27,Maharashtra,19.7515,75.7139,6.1,20.7,3.8,1006.2,73.0,OBS_20240127_MAH
2024-01-27,Kerala,10.8505,76.2711,0.0,21.8,9.6,998.9,49.8,OBS_20240127_KER
2024-01-27,Rajasthan,27.0238,74.2179,0.0,20.9,10.1,1004.8,51.6,OBS_20240127_RAJ
2024-01-27,Odisha,20.9517,85.0985,12.9,22.8,10.3,1007.7,56.2,OBS_20240127_ODI
2024-01-27,Assam,26.2006,92.9376,0.0,18.6,10.2,1008.9,59.3,OBS_20240127_ASS
2024-01-27,Punjab,31.1471,75.3412,0.0,18.6,15.4,1010.2,65.0,OBS_20240127_PUN
2024-01-27,Tamil Nadu,11.1271,78.6569,0.0,22.1,10.9,1003.6,63.9,OBS_20240127_TAM
2024-01-27,Andhra Pradesh,15.9129,79.74,0.0,22.9,16.1,1006.9,61.1,OBS_20240127_AND
2024-01-27,West Bengal,22.9868,87.855,7.5,23.7,10.7,1006.9,51.7,OBS_20240127_WES
2024-01-27,Madhya Pradesh,22.9734,78.6569,5.5,23.6,9.2,1007.7,50.8,OBS_20240127_MAD
2024-01-27,Uttar Pradesh,26.8467,80.9462,0.0,23.4,1.0,1004.4,61.3,OBS_20240127_UTT
2024-01-27,Karnataka,15.3173,75.7139,0.0,19.5,12.1,1008.1,47.4,OBS_20240127_KAR
2024-01-27,Himachal Pradesh,31.1048,77.1734,0.0,25.5,6.9,1010.4,50.9,OBS_20240127_HIM
2024-01-27,Bihar,25.0961,85.3131,0.0,22.5,13.7,1010.0,43.7,OBS_20240127_BIH
2024-01-28,Gujarat,22.2587,71.1924,10.5,23.1,15.2,1006.0,54.1,OBS_20240128_GUJ
2024-01-28,Maharashtra,19.7515,75.7139,15.1,17.7,14.0,1008.1,40.9,OBS_20240128_MAH
2024-01-28,Kerala,10.8505,76.2711,6.4,23.7,18.0,1007.3,65.3,OBS_20240128_KER
2024-01-28,Rajasthan,27.0238,74.2179,0.0,18.0,6.9,1004.2,59.0,OBS_20240128_RAJ
2024-01-28,Odisha,20.9517,85.0985,7.4,23.2,9.7,1007.5,61.5,OBS_20240128_ODI
2024-01-28,Assam,26.2006,92.9376,0.0,22.1,14.3,1005.8,63.9,OBS_20240128_ASS
2024-01-28,Punjab,31.1471,75.3412,15.1,20.4,9.3,1009.9,55.1,OBS_20240128_PUN
2024-01-28,Tamil Nadu,11.1271,78.6569,0.0,22.7,5.9,1003.1,52.6,OBS_20240128_TAM
2024-01-28,Andhra Pradesh,15.9129,79.74,0.0,23.3,12.8,1005.7,54.0,OBS_20240128_AND
2024-01-28,West Bengal,22.9868,87.855,0.0,20.1,14.5,1004.8,65.2,OBS_20240128_WES
2024-01-28,Madhya Pradesh,22.9734,78.6569,0.0,23.0,12.4,1005.4,55.8,OBS_20240128_MAD
2024-01-28,Uttar Pradesh,26.8467,80.9462,11.0,21.5,11.4,1007.8,66.2,OBS_20240128_UTT
2024-01-28,Karnataka,15.3173,75.7139,9.2,19.0,12.3,1005.3,47.6,OBS_20240128_KAR
2024-01-28,Himachal Pradesh,31.1048,77.1734,9.7,20.6,11.9,1005.1,66.4,OBS_20240128_HIM
2024-01-28,Bihar,25.0961,85.3131,11.6,19.4,15.5,1005.7,62.1,OBS_20240128_BIH
2024-01-29,Gujarat,22.2587,71.1924,4.4,21.1,10.9,1007.6,42.7,OBS_20240129_GUJ
2024-01-29,Maharashtra,19.7515,75.7139,0.0,23.2,16.9,1002.6,52.8,OBS_20240129_MAH
2024-01-29,Kerala,10.8505,76.2711,4.7,18.8,16.6,1009.4,54.5,OBS_20240129_KER
2024-01-29,Rajasthan,27.0238,74.2179,18.9,20.1,11.7,1003.0,57.2,OBS_20240129_RAJ
2024-01-29,Odisha,20.9517,85.0985,0.0,22.7,11.4,1003.5,52.4,OBS_20240129_ODI
2024-01-29,Assam,26.2006,92.9376,3.5,22.5,16.1,1007.3,58.0,OBS_20240129_ASS
2024-01-29,Punjab,31.1471,75.3412,4.9,23.5,7.0,1005.4,57.7,OBS_20240129_PUN
2024-01-29,Tamil Nadu,11.1271,78.6569,0.0,21.5,14.9,1002.7,55.8,OBS_20240129_TAM
2024-01-29,Andhra Pradesh,15.9129,79.74,0.0,22.1,10.3,1003.9,45.3,OBS_20240129_AND
2024-01-29,West Bengal,22.9868,87.855,0.0,25.9,10.9,1004.0,57.3,OBS_20240129_WES
2024-01-29,Madhya Pradesh,22.9734,78.6569,4.1,21.3,15.9,1005.2,59.6,OBS_20240129_MAD
2024-01-29,Uttar Pradesh,26.8467,80.9462,0.0,17.7,11.5,1005.5,50.1,OBS_20240129_UTT
2024-01-29,Karnataka,15.3173,75.7139,0.0,22.4,3.3,1006.6,53.1,OBS_20240129_KAR
2024-01-29,Himachal Pradesh,31.1048,77.1734,0.0,25.3,15.4,1004.5,64.3,OBS_20240129_HIM
2024-01-29,Bihar,25.0961,85.3131,20.0,23.4,13.9,1004.6,53.3,OBS_20240129_BIH
2024-01-30,Gujarat,22.2587,71.1924,0.0,17.5,9.3,1005.7,45.9,OBS_20240130_GUJ
2024-01-30,Maharashtra,19.7515,75.7139,0.0,17.6,22.0,1003.0,57.9,OBS_20240130_MAH
2024-01-30,Kerala,10.8505,76.2711,5.5,23.3,11.0,1007.0,54.2,OBS_20240130_KER
2024-01-30,Rajasthan,27.0238,74.2179,20.4,19.7,11.8,1007.8,59.9,OBS_20240130_RAJ
2024-01-30,Odisha,20.9517,85.0985,0.0,24.0,3.7,1009.3,59.0,OBS_20240130_ODI
2024-01-30,Assam,26.2006,92.9376,12.4,20.4,12.3,1008.5,66.7,OBS_20240130_ASS
2024-01-30,Punjab,31.1471,75.3412,3.1,22.5,9.1,1006.5,72.0,OBS_20240130_PUN
2024-01-30,Tamil Nadu,11.1271,78.6569,0.0,20.9,19.8,1006.7,56.7,OBS_20240130_TAM
2024-01-30,Andhra Pradesh,15.9129,79.74,0.0,23.9,13.3,1005.9,56.1,OBS_20240130_AND
2024-01-30,West Bengal,22.9868,87.855,6.7,23.1,10.4,1005.8,59.7,OBS_20240130_WES
2024-01-30,Madhya Pradesh,22.9734,78.6569,0.0,22.5,12.8,1007.5,56.3,OBS_20240130_MAD
2024-01-30,Uttar Pradesh,26.8467,80.9462,7.3,18.5,14.9,1004.8,37.9,OBS_20240130_UTT
2024-01-30,Karnataka,15.3173,75.7139,4.2,21.3,10.5,1006.1,52.3,OBS_20240130_KAR
2024-01-30,Himachal Pradesh,31.1048,77.1734,4.9,21.8,5.9,1005.7,41.2,OBS_20240130_HIM
2024-01-30,Bihar,25.0961,85.3131,0.8,27.4,7.6,1001.7,56.8,OBS_20240130_BIH
2024-01-31,Gujarat,22.2587,71.1924,0.0,21.8,6.6,1002.1,50.3,OBS_20240131_GUJ
2024-01-31,Maharashtra,19.7515,75.7139,11.7,23.2,12.5,1006.8,55.5,OBS_20240131_MAH
2024-01-31,Kerala,10.8505,76.2711,3.6,18.2,11.9,1006.1,52.1,OBS_20240131_KER
2024-01-31,Rajasthan,27.0238,74.2179,0.0,24.2,9.7,1008.4,50.0,OBS_20240131_RAJ
2024-01-31,Odisha,20.9517,85.0985,6.6,22.8,14.4,1007.7,38.7,OBS_20240131_ODI
2024-01-31,Assam,26.2006,92.9376,0.0,20.3,8.4,1007.2,66.4,OBS_20240131_ASS
2024-01-31,Punjab,31.1471,75.3412,7.6,22.5,10.7,1007.4,42.7,OBS_20240131_PUN
2024-01-31,Tamil Nadu,11.1271,78.6569,3.6,22.2,18.2,1007.9,55.0,OBS_20240131_TAM
2024-01-31,Andhra Pradesh,15.9129,79.74,0.0,20.1,13.2,1006.1,64.2,OBS_20240131_AND
2024-01-31,West Bengal,22.9868,87.855,11.4,21.5,9.7,1009.8,62.0,OBS_20240131_WES
2024-01-31,Madhya Pradesh,22.9734,78.6569,0.3,18.5,7.5,1008.6,68.8,OBS_20240131_MAD
2024-01-31,Uttar Pradesh,26.8467,80.9462,2.4,18.4,16.4,1007.8,68.4,OBS_20240131_UTT
2024-01-31,Karnataka,15.3173,75.7139,13.9,21.5,13.3,1007.2,55.9,OBS_20240131_KAR
2024-01-31,Himachal Pradesh,31.1048,77.1734,1.8,20.8,10.6,1006.6,54.8,OBS_20240131_HIM
2024-01-31,Bihar,25.0961,85.3131,5.6,22.6,8.2,1005.2,63.5,OBS_20240131_BIH
2024-02-01,Gujarat,22.2587,71.1924,0.0,22.6,17.5,1008.3,51.2,OBS_20240201_GUJ
2024-02-01,Maharashtra,19.7515,75.7139,6.5,18.6,14.5,1007.7,58.5,OBS_20240201_MAH
2024-02-01,Kerala,10.8505,76.2711,6.6,22.8,9.9,1004.8,57.5,OBS_20240201_KER
2024-02-01,Rajasthan,27.0238,74.2179,25.4,21.3,15.0,1004.0,49.0,OBS_20240201_RAJ
2024-02-01,Odisha,20.9517,85.0985,3.1,21.5,18.3,1008.1,55.5,OBS_20240201_ODI
2024-02-01,Assam,26.2006,92.9376,11.6,21.5,6.7,1003.7,56.3,OBS_20240201_ASS
2024-02-01,Punjab,31.1471,75.3412,13.0,21.7,11.2,1005.1,56.8,OBS_20240201_PUN
2024-02-01,Tamil Nadu,11.1271,78.6569,0.5,19.3,13.7,1002.6,60.9,OBS_20240201_TAM
2024-02-01,Andhra Pradesh,15.9129,79.74,0.0,20.0,11.9,1002.8,53.1,OBS_20240201_AND
2024-02-01,West Bengal,22.9868,87.855,18.8,20.9,11.0,1008.4,52.7,OBS_20240201_WES
2024-02-01,Madhya Pradesh,22.9734,78.6569,4.7,20.5,14.3,1003.9,48.8,OBS_20240201_MAD
2024-02-01,Uttar Pradesh,26.8467,80.9462,4.1,20.7,10.9,1005.2,58.3,OBS_20240201_UTT
2024-02-01,Karnataka,15.3173,75.7139,24.1,22.0,12.5,1005.8,69.7,OBS_20240201_KAR
2024-02-01,Himachal Pradesh,31.1048,77.1734,0.0,24.1,2.6,1001.6,55.5,OBS_20240201_HIM
2024-02-01,Bihar,25.0961,85.3131,8.7,27.5,12.6,1006.9,43.7,OBS_20240201_BIH
2024-02-02,Gujarat,22.2587,71.1924,15.3,21.0,19.5,1007.5,68.1,OBS_20240202_GUJ
2024-02-02,Maharashtra,19.7515,75.7139,0.2,22.2,6.9,1007.2,59.9,OBS_20240202_MAH
2024-02-02,Kerala,10.8505,76.2711,0.0,24.7,6.2,1002.3,52.6,OBS_20240202_KER
2024-02-02,Rajasthan,27.0238,74.2179,0.0,23.5,18.6,1005.7,56.8,OBS_20240202_RAJ
2024-02-02,Odisha,20.9517,85.0985,36.9,18.6,9.2,1005.1,61.4,OBS_20240202_ODI
2024-02-02,Assam,26.2006,92.9376,15.1,23.7,9.5,1006.9,62.1,OBS_20240202_ASS
2024-02-02,Punjab,31.1471,75.3412,0.0,21.7,5.7,1004.0,59.1,OBS_20240202_PUN
2024-02-02,Tamil Nadu,11.1271,78.6569,0.0,19.8,6.9,1006.3,54.1,OBS_20240202_TAM
2024-02-02,Andhra Pradesh,15.9129,79.74,0.0,24.1,8.0,1006.0,45.0,OBS_20240202_AND
2024-02-02,West Bengal,22.9868,87.855,0.0,20.2,3.9,1009.2,49.7,OBS_20240202_WES
2024-02-02,Madhya Pradesh,22.9734,78.6569,3.3,23.4,5.4,1006.5,56.1,OBS_20240202_MAD
2024-02-02,Uttar Pradesh,26.8467,80.9462,0.0,19.3,14.4,1005.6,41.0,OBS_20240202_UTT
2024-02-02,Karnataka,15.3173,75.7139,0.0,24.7,13.0,1007.2,54.2,OBS_20240202_KAR
2024-02-02,Himachal Pradesh,31.1048,77.1734,0.0,25.1,6.7,1001.0,53.1,OBS_20240202_HIM
2024-02-02,Bihar,25.0961,85.3131,6.3,23.3,10.1,1006.4,53.7,OBS_20240202_BIH
2024-02-03,Gujarat,22.2587,71.1924,1.2,21.6,10.9,1006.2,55.1,OBS_20240203_GUJ
2024-02-03,Maharashtra,19.7515,75.7139,5.0,22.7,9.3,1002.4,52.0,OBS_20240203_MAH
2024-02-03,Kerala,10.8505,76.2711,4.9,20.4,7.6,1007.8,51.9,OBS_20240203_KER
2024-02-03,Rajasthan,27.0238,74.2179,0.0,26.6,17.9,1005.2,60.3,OBS_20240203_RAJ
2024-02-03,Odisha,20.9517,85.0985,0.0,26.3,14.1,1002.3,48.0,OBS_20240203_ODI
2024-02-03,Assam,26.2006,92.9376,0.0,20.1,12.0,1006.0,46.7,OBS_20240203_ASS
2024-02-03,Punjab,31.1471,75.3412,0.0,20.5,11.7,1009.2,45.2,OBS_20240203_PUN
2024-02-03,Tamil Nadu,11.1271,78.6569,17.7,22.8,13.4,1007.9,56.8,OBS_20240203_TAM
2024-02-03,Andhra Pradesh,15.9129,79.74,1.6,22.7,14.2,1002.1,43.2,OBS_20240203_AND
2024-02-03,West Bengal,22.9868,87.855,0.0,22.2,7.9,1006.7,56.0,OBS_20240203_WES
2024-02-03,Madhya Pradesh,22.9734,78.6569,0.0,21.8,12.8,1008.7,48.0,OBS_20240203_MAD
2024-02-03,Uttar Pradesh,26.8467,80.9462,0.0,23.5,15.5,1004.9,44.9,OBS_20240203_UTT
2024-02-03,Karnataka,15.3173,75.7139,0.0,20.6,9.9,1007.0,53.9,OBS_20240203_KAR
2024-02-03,Himachal Pradesh,31.1048,77.1734,1.5,20.1,9.2,1004.1,46.9,OBS_20240203_HIM
2024-02-03,Bihar,25.0961,85.3131,0.0,18.5,13.1,1004.2,59.3,OBS_20240203_BIH
2024-02-04,Gujarat,22.2587,71.1924,0.0,17.0,10.2,1006.2,53.2,OBS_20240204_GUJ
2024-02-04,Maharashtra,19.7515,75.7139,0.0,21.5,7.9,1004.6,61.4,OBS_20240204_MAH
2024-02-04,Kerala,10.8505,76.2711,8.5,21.7,12.4,1003.7,72.9,OBS_20240204_KER
2024-02-04,Rajasthan,27.0238,74.2179,2.5,20.5,16.1,1004.3,64.6,OBS_20240204_RAJ
2024-02-04,Odisha,20.9517,85.0985,0.0,22.7,15.4,1002.4,52.5,OBS_20240204_ODI
2024-02-04,Assam,26.2006,92.9376,2.3,17.3,17.7,1005.2,47.6,OBS_20240204_ASS
2024-02-04,Punjab,31.1471,75.3412,8.5,27.3,14.7,1009.0,50.1,OBS_20240204_PUN
2024-02-04,Tamil Nadu,11.1271,78.6569,5.5,22.0,6.2,1006.2,43.7,OBS_20240204_TAM
2024-02-04,Andhra Pradesh,15.9129,79.74,0.0,21.3,11.3,1008.6,55.2,OBS_20240204_AND
2024-02-04,West Bengal,22.9868,87.855,11.1,24.8,8.9,1004.4,59.2,OBS_20240204_WES
2024-02-04,Madhya Pradesh,22.9734,78.6569,0.0,21.7,17.3,1002.1,57.9,OBS_20240204_MAD
2024-02-04,Uttar Pradesh,26.8467,80.9462,8.3,20.9,9.7,1005.5,55.6,OBS_20240204_UTT
2024-02-04,Karnataka,15.3173,75.7139,6.8,21.1,13.4,1004.9,36.2,OBS_20240204_KAR
2024-02-04,Himachal Pradesh,31.1048,77.1734,0.0,25.3,12.1,1004.3,55.7,OBS_20240204_HIM
2024-02-04,Bihar,25.0961,85.3131,0.0,16.4,12.7,1003.1,74.7,OBS_20240204_BIH
2024-02-05,Gujarat,22.2587,71.1924,8.9,25.5,6.0,1009.1,57.5,OBS_20240205_GUJ
2024-02-05,Maharashtra,19.7515,75.7139,5.2,24.1,13.1,1000.8,61.0,OBS_20240205_MAH
2024-02-05,Kerala,10.8505,76.2711,0.0,22.2,13.4,1002.2,52.4,OBS_20240205_KER
2024-02-05,Rajasthan,27.0238,74.2179,0.0,22.3,5.2,1003.2,49.7,OBS_20240205_RAJ
2024-02-05,Odisha,20.9517,85.0985,0.0,22.7,3.8,1006.5,57.7,OBS_20240205_ODI
2024-02-05,Assam,26.2006,92.9376,0.0,25.1,10.4,1006.9,59.4,OBS_20240205_ASS
2024-02-05,Punjab,31.1471,75.3412,0.0,21.1,6.2,1001.3,53.3,OBS_20240205_PUN
2024-02-05,Tamil Nadu,11.1271,78.6569,20.5,22.4,18.4,1001.1,53.3,OBS_20240205_TAM
2024-02-05,Andhra Pradesh,15.9129,79.74,0.0,22.6,8.5,1003.7,60.6,OBS_20240205_AND
2024-02-05,West Bengal,22.9868,87.855,0.0,17.6,7.7,1007.1,46.4,OBS_20240205_WES
2024-02-05,Madhya Pradesh,22.9734,78.6569,0.0,24.2,7.2,1004.2,62.1,OBS_20240205_MAD
2024-02-05,Uttar Pradesh,26.8467,80.9462,0.0,23.5,11.3,1007.9,49.7,OBS_20240205_UTT
2024-02-05,Karnataka,15.3173,75.7139,0.0,19.2,2.6,1008.5,59.7,OBS_20240205_KAR
2024-02-05,Himachal Pradesh,31.1048,77.1734,0.0,22.3,4.1,1006.7,53.0,OBS_20240205_HIM
2024-02-05,Bihar,25.0961,85.3131,0.8,16.8,9.5,1007.6,44.1,OBS_20240205_BIH
2024-02-06,Gujarat,22.2587,71.1924,0.0,23.5,12.9,1007.7,56.7,OBS_20240206_GUJ
2024-02-06,Maharashtra,19.7515,75.7139,13.0,22.1,10.7,1005.3,53.7,OBS_20240206_MAH
2024-02-06,Kerala,10.8505,76.2711,0.0,23.5,7.8,1003.6,60.8,OBS_20240206_KER
2024-02-06,Rajasthan,27.0238,74.2179,0.0,20.7,13.0,1008.8,49.4,OBS_20240206_RAJ
2024-02-06,Odisha,20.9517,85.0985,0.0,20.3,10.5,1010.4,60.7,OBS_20240206_ODI
2024-02-06,Assam,26.2006,92.9376,4.6,23.3,18.1,1008.7,62.0,OBS_20240206_ASS
2024-02-06,Punjab,31.1471,75.3412,12.8,24.2,15.9,1004.5,50.7,OBS_20240206_PUN
2024-02-06,Tamil Nadu,11.1271,78.6569,0.0,23.5,11.7,1005.3,58.0,OBS_20240206_TAM
2024-02-06,Andhra Pradesh,15.9129,79.74,5.6,19.7,10.7,1005.2,57.1,OBS_20240206_AND
2024-02-06,West Bengal,22.9868,87.855,0.0,23.3,6.2,1007.2,59.5,OBS_20240206_WES
2024-02-06,Madhya Pradesh,22.9734,78.6569,0.0,23.2,6.3,1005.2,49.9,OBS_20240206_MAD
2024-02-06,Uttar Pradesh,26.8467,80.9462,0.0,23.9,15.7,1005.1,53.5,OBS_20240206_UTT
2024-02-06,Karnataka,15.3173,75.7139,0.0,19.0,10.1,1006.4,51.2,OBS_20240206_KAR
2024-02-06,Himachal Pradesh,31.1048,77.1734,0.0,21.6,10.4,1007.3,42.1,OBS_20240206_HIM
2024-02-06,Bihar,25.0961,85.3131,0.0,20.8,13.4,1006.0,54.0,OBS_20240206_BIH
2024-02-07,Gujarat,22.2587,71.1924,9.8,22.5,14.7,1009.9,53.4,OBS_20240207_GUJ
2024-02-07,Maharashtra,19.7515,75.7139,0.0,18.3,8.7,1006.5,67.4,OBS_20240207_MAH
2024-02-07,Kerala,10.8505,76.2711,2.5,26.2,4.4,1003.9,53.1,OBS_20240207_KER
2024-02-07,Rajasthan,27.0238,74.2179,0.0,29.0,7.7,1007.0,49.3,OBS_20240207_RAJ
2024-02-07,Odisha,20.9517,85.0985,9.0,20.8,13.3,1006.1,57.3,OBS_20240207_ODI
2024-02-07,Assam,26.2006,92.9376,11.7,26.4,14.0,1006.4,54.6,OBS_20240207_ASS
2024-02-07,Punjab,31.1471,75.3412,0.0,19.9,13.4,1012.0,44.5,OBS_20240207_PUN
2024-02-07,Tamil Nadu,11.1271,78.6569,11.7,22.2,18.1,1004.6,77.7,OBS_20240207_TAM
2024-02-07,Andhra Pradesh,15.9129,79.74,0.0,25.9,7.2,1008.5,41.9,OBS_20240207_AND
2024-02-07,West Bengal,22.9868,87.855,3.0,18.0,7.5,1004.8,41.0,OBS_20240207_WES
2024-02-07,Madhya Pradesh,22.9734,78.6569,12.1,20.8,8.1,1005.0,53.7,OBS_20240207_MAD
2024-02-07,Uttar Pradesh,26.8467,80.9462,0.0,21.4,9.4,1006.1,38.7,OBS_20240207_UTT
2024-02-07,Karnataka,15.3173,75.7139,0.0,21.0,8.9,1008.0,59.5,OBS_20240207_KAR
2024-02-07,Himachal Pradesh,31.1048,77.1734,12.6,19.4,11.3,1008.7,46.0,OBS_20240207_HIM
2024-02-07,Bihar,25.0961,85.3131,0.0,23.6,8.2,1005.9,56.3,OBS_20240207_BIH
2024-02-08,Gujarat,22.2587,71.1924,0.0,20.6,7.9,1006.7,57.1,OBS_20240208_GUJ
2024-02-08,Maharashtra,19.7515,75.7139,5.3,23.4,11.3,1006.1,50.1,OBS_20240208_MAH
2024-02-08,Kerala,10.8505,76.2711,3.2,20.3,14.3,1010.0,51.9,OBS_20240208_KER
2024-02-08,Rajasthan,27.0238,74.2179,6.9,20.6,15.8,1006.6,52.9,OBS_20240208_RAJ
2024-02-08,Odisha,20.9517,85.0985,4.8,25.7,10.8,1006.5,49.3,OBS_20240208_ODI
2024-02-08,Assam,26.2006,92.9376,3.7,22.2,17.6,1005.6,35.4,OBS_20240208_ASS
2024-02-08,Punjab,31.1471,75.3412,7.6,23.1,14.9,1005.0,52.3,OBS_20240208_PUN
2024-02-08,Tamil Nadu,11.1271,78.6569,0.0,25.7,6.5,1007.3,51.3,OBS_20240208_TAM
2024-02-08,Andhra Pradesh,15.9129,79.74,3.6,22.9,12.3,1005.4,54.2,OBS_20240208_AND
2024-02-08,West Bengal,22.9868,87.855,0.0,22.1,7.1,1006.3,63.3,OBS_20240208_WES
2024-02-08,Madhya Pradesh,22.9734,78.6569,7.7,29.0,5.5,1007.1,56.7,OBS_20240208_MAD
2024-02-08,Uttar Pradesh,26.8467,80.9462,0.0,25.4,14.3,1008.4,53.3,OBS_20240208_UTT
2024-02-08,Karnataka,15.3173,75.7139,4.1,20.6,14.7,1005.0,68.0,OBS_20240208_KAR
2024-02-08,Himachal Pradesh,31.1048,77.1734,0.0,22.7,6.1,1003.5,55.4,OBS_20240208_HIM
2024-02-08,Bihar,25.0961,85.3131,10.1,23.8,9.2,1008.7,49.1,OBS_20240208_BIH
2024-02-09,Gujarat,22.2587,71.1924,0.0,17.9,10.7,1002.7,58.2,OBS_20240209_GUJ
2024-02-09,Maharashtra,19.7515,75.7139,0.0,20.8,10.9,1006.1,62.1,OBS_20240209_MAH
2024-02-09,Kerala,10.8505,76.2711,8.0,24.2,18.7,1004.5,56.4,OBS_20240209_KER
2024-02-09,Rajasthan,27.0238,74.2179,7.5,22.4,12.4,1007.8,44.7,OBS_20240209_RAJ
2024-02-09,Odisha,20.9517,85.0985,4.7,23.5,6.8,1005.6,49.7,OBS_20240209_ODI
2024-02-09,Assam,26.2006,92.9376,0.0,24.4,11.1,1006.3,45.5,OBS_20240209_ASS
2024-02-09,Punjab,31.1471,75.3412,0.9,24.1,9.7,1007.7,38.3,OBS_20240209_PUN
2024-02-09,Tamil Nadu,11.1271,78.6569,3.6,19.7,6.3,1003.3,52.3,OBS_20240209_TAM
2024-02-09,Andhra Pradesh,15.9129,79.74,0.0,20.4,12.3,1007.5,71.7,OBS_20240209_AND
2024-02-09,West Bengal,22.9868,87.855,0.0,20.6,10.1,1007.0,57.7,OBS_20240209_WES
2024-02-09,Madhya Pradesh,22.9734,78.6569,0.0,17.4,17.1,1003.2,63.0,OBS_20240209_MAD
2024-02-09,Uttar Pradesh,26.8467,80.9462,13.9,23.7,10.2,1005.1,58.0,OBS_20240209_UTT
2024-02-09,Karnataka,15.3173,75.7139,0.0,20.5,6.2,1004.1,60.5,OBS_20240209_KAR
2024-02-09,Himachal Pradesh,31.1048,77.1734,0.3,26.9,5.5,1002.8,41.6,OBS_20240209_HIM
2024-02-09,Bihar,25.0961,85.3131,16.8,23.8,12.7,1004.5,52.6,OBS_20240209_BIH
2024-02-10,Gujarat,22.2587,71.1924,14.2,23.8,14.1,1009.5,57.6,OBS_20240210_GUJ
2024-02-10,Maharashtra,19.7515,75.7139,0.0,22.4,17.2,1005.1,48.9,OBS_20240210_MAH
2024-02-10,Kerala,10.8505,76.2711,0.0,15.8,10.4,1002.7,53.6,OBS_20240210_KER
2024-02-10,Rajasthan,27.0238,74.2179,0.0,21.8,18.8,1008.5,63.5,OBS_20240210_RAJ
2024-02-10,Odisha,20.9517,85.0985,1.8,23.3,15.3,1008.9,64.3,OBS_20240210_ODI
2024-02-10,Assam,26.2006,92.9376,0.0,25.3,14.1,1006.9,45.5,OBS_20240210_ASS
2024-02-10,Punjab,31.1471,75.3412,12.2,23.1,21.7,1006.4,55.1,OBS_20240210_PUN
2024-02-10,Tamil Nadu,11.1271,78.6569,5.6,16.3,8.8,1007.4,49.7,OBS_20240210_TAM
2024-02-10,Andhra Pradesh,15.9129,79.74,32.1,20.2,15.4,1008.1,48.9,OBS_20240210_AND
2024-02-10,West Bengal,22.9868,87.855,6.0,18.5,12.2,1006.2,59.1,OBS_20240210_WES
2024-02-10,Madhya Pradesh,22.9734,78.6569,0.0,22.8,15.5,1007.7,51.9,OBS_20240210_MAD
2024-02-10,Uttar Pradesh,26.8467,80.9462,19.3,19.4,11.9,1006.1,49.8,OBS_20240210_UTT
2024-02-10,Karnataka,15.3173,75.7139,0.0,21.8,12.4,1005.5,56.2,OBS_20240210_KAR
2024-02-10,Himachal Pradesh,31.1048,77.1734,0.0,20.5,15.6,1005.7,57.0,OBS_20240210_HIM
2024-02-10,Bihar,25.0961,85.3131,0.3,24.1,7.9,1009.9,55.1,OBS_20240210_BIH
2024-02-11,Gujarat,22.2587,71.1924,15.5,19.2,12.3,1006.2,55.2,OBS_20240211_GUJ
2024-02-11,Maharashtra,19.7515,75.7139,0.0,16.9,14.0,1008.2,48.9,OBS_20240211_MAH
2024-02-11,Kerala,10.8505,76.2711,0.2,26.1,9.3,1009.0,58.7,OBS_20240211_KER
2024-02-11,Rajasthan,27.0238,74.2179,22.9,21.0,7.4,1003.8,50.2,OBS_20240211_RAJ
2024-02-11,Odisha,20.9517,85.0985,0.0,21.2,14.6,1009.3,51.0,OBS_20240211_ODI
2024-02-11,Assam,26.2006,92.9376,0.0,21.2,8.6,1008.6,52.7,OBS_20240211_ASS
2024-02-11,Punjab,31.1471,75.3412,14.2,21.2,8.5,1001.9,47.7,OBS_20240211_PUN
2024-02-11,Tamil Nadu,11.1271,78.6569,9.0,22.7,9.7,1006.9,61.3,OBS_20240211_TAM
2024-02-11,Andhra Pradesh,15.9129,79.74,3.3,22.7,14.1,1003.5,55.3,OBS_20240211_AND
2024-02-11,West Bengal,22.9868,87.855,0.0,21.0,8.4,1005.9,54.4,OBS_20240211_WES
2024-02-11,Madhya Pradesh,22.9734,78.6569,0.0,21.2,10.1,1007.4,50.5,OBS_20240211_MAD
2024-02-11,Uttar Pradesh,26.8467,80.9462,2.0,22.0,12.8,1005.1,55.1,OBS_20240211_UTT
2024-02-11,Karnataka,15.3173,75.7139,9.4,23.5,9.9,1004.7,50.5,OBS_20240211_KAR
2024-02-11,Himachal Pradesh,31.1048,77.1734,0.0,20.0,12.4,1006.0,71.3,OBS_20240211_HIM
2024-02-11,Bihar,25.0961,85.3131,0.0,21.4,8.0,1004.3,46.9,OBS_20240211_BIH
2024-02-12,Gujarat,22.2587,71.1924,0.0,21.2,12.9,1001.8,62.9,OBS_20240212_GUJ
2024-02-12,Maharashtra,19.7515,75.7139,22.7,21.4,13.7,1005.7,49.0,OBS_20240212_MAH
2024-02-12,Kerala,10.8505,76.2711,3.7,18.9,13.8,1007.8,57.7,OBS_20240212_KER
2024-02-12,Rajasthan,27.0238,74.2179,0.0,22.1,6.6,1008.1,69.0,OBS_20240212_RAJ
2024-02-12,Odisha,20.9517,85.0985,0.0,19.7,8.9,1005.2,54.3,OBS_20240212_ODI
2024-02-12,Assam,26.2006,92.9376,0.0,23.6,5.7,1006.0,51.5,OBS_20240212_ASS
2024-02-12,Punjab,31.1471,75.3412,5.4,27.6,11.6,1007.6,60.8,OBS_20240212_PUN
2024-02-12,Tamil Nadu,11.1271,78.6569,13.5,21.4,12.7,1002.2,53.3,OBS_20240212_TAM
2024-02-12,Andhra Pradesh,15.9129,79.74,10.5,20.7,11.7,1006.9,57.8,OBS_20240212_AND
2024-02-12,West Bengal,22.9868,87.855,0.0,25.0,13.4,1005.0,54.8,OBS_20240212_WES
2024-02-12,Madhya Pradesh,22.9734,78.6569,0.0,24.2,12.6,1003.3,51.1,OBS_20240212_MAD
2024-02-12,Uttar Pradesh,26.8467,80.9462,0.0,21.1,12.8,1004.4,54.8,OBS_20240212_UTT
2024-02-12,Karnataka,15.3173,75.7139,0.0,18.3,7.5,1011.4,58.6,OBS_20240212_KAR
2024-02-12,Himachal Pradesh,31.1048,77.1734,51.4,26.5,16.8,1007.6,63.5,OBS_20240212_HIM
2024-02-12,Bihar,25.0961,85.3131,0.0,23.2,7.5,1007.8,58.6,OBS_20240212_BIH
2024-02-13,Gujarat,22.2587,71.1924,0.0,22.4,16.7,1004.7,54.5,OBS_20240213_GUJ
2024-02-13,Maharashtra,19.7515,75.7139,0.5,24.0,10.0,1008.9,56.9,OBS_20240213_MAH
2024-02-13,Kerala,10.8505,76.2711,2.6,22.4,17.2,1005.3,55.1,OBS_20240213_KER
2024-02-13,Rajasthan,27.0238,74.2179,2.4,22.5,7.0,1004.0,57.8,OBS_20240213_RAJ
2024-02-13,Odisha,20.9517,85.0985,4.3,24.4,5.8,1002.3,54.3,OBS_20240213_ODI
2024-02-13,Assam,26.2006,92.9376,5.6,19.1,12.4,1005.3,54.4,OBS_20240213_ASS
2024-02-13,Punjab,31.1471,75.3412,0.0,19.9,11.9,1001.9,58.1,OBS_20240213_PUN
2024-02-13,Tamil Nadu,11.1271,78.6569,11.8,28.1,16.0,1003.2,58.4,OBS_20240213_TAM
2024-02-13,Andhra Pradesh,15.9129,79.74,0.0,19.9,7.6,1005.0,56.6,OBS_20240213_AND
2024-02-13,West Bengal,22.9868,87.855,0.0,21.8,14.7,1006.8,55.0,OBS_20240213_WES
2024-02-13,Madhya Pradesh,22.9734,78.6569,0.0,21.5,9.6,1007.0,52.0,OBS_20240213_MAD
2024-02-13,Uttar Pradesh,26.8467,80.9462,0.0,16.2,7.5,1004.5,55.3,OBS_20240213_UTT
2024-02-13,Karnataka,15.3173,75.7139,5.9,24.9,3.6,1004.3,49.2,OBS_20240213_KAR
2024-02-13,Himachal Pradesh,31.1048,77.1734,14.3,22.9,9.3,1005.2,52.0,OBS_20240213_HIM
2024-02-13,Bihar,25.0961,85.3131,0.0,26.3,7.7,1007.2,57.1,OBS_20240213_BIH
2024-02-14,Gujarat,22.2587,71.1924,0.0,23.8,12.7,1004.7,49.3,OBS_20240214_GUJ
2024-02-14,Maharashtra,19.7515,75.7139,0.0,21.4,8.3,1007.9,47.7,OBS_20240214_MAH
2024-02-14,Kerala,10.8505,76.2711,0.0,21.9,9.6,1005.4,62.6,OBS_20240214_KER
2024-02-14,Rajasthan,27.0238,74.2179,0.0,24.3,1.5,1009.2,47.4,OBS_20240214_RAJ
2024-02-14,Odisha,20.9517,85.0985,12.1,24.2,10.7,1008.5,49.0,OBS_20240214_ODI
2024-02-14,Assam,26.2006,92.9376,11.6,21.8,15.6,1004.1,65.3,OBS_20240214_ASS
2024-02-14,Punjab,31.1471,75.3412,7.5,23.8,16.3,1004.8,53.7,OBS_20240214_PUN
2024-02-14,Tamil Nadu,11.1271,78.6569,8.2,20.2,13.5,999.9,54.3,OBS_20240214_TAM
2024-02-14,Andhra Pradesh,15.9129,79.74,1.2,26.1,14.4,1009.6,53.6,OBS_20240214_AND
2024-02-14,West Bengal,22.9868,87.855,12.5,20.9,10.4,1009.6,51.8,OBS_20240214_WES
2024-02-14,Madhya Pradesh,22.9734,78.6569,0.0,22.5,10.7,1008.1,54.2,OBS_20240214_MAD
2024-02-14,Uttar Pradesh,26.8467,80.9462,3.7,20.4,8.2,1007.4,62.4,OBS_20240214_UTT
2024-02-14,Karnataka,15.3173,75.7139,20.8,22.5,11.5,1003.8,58.8,OBS_20240214_KAR
2024-02-14,Himachal Pradesh,31.1048,77.1734,13.3,25.3,10.9,1001.8,63.3,OBS_20240214_HIM
2024-02-14,Bihar,25.0961,85.3131,0.0,22.9,15.9,1007.0,50.4,OBS_20240214_BIH
2024-02-15,Gujarat,22.2587,71.1924,0.0,25.0,7.9,1005.6,67.0,OBS_20240215_GUJ
2024-02-15,Maharashtra,19.7515,75.7139,21.8,21.7,11.3,1005.8,56.3,OBS_20240215_MAH
2024-02-15,Kerala,10.8505,76.2711,0.0,23.9,13.0,1007.6,46.8,OBS_20240215_KER
2024-02-15,Rajasthan,27.0238,74.2179,0.0,22.0,12.8,1007.5,65.8,OBS_20240215_RAJ
2024-02-15,Odisha,20.9517,85.0985,7.5,21.5,11.7,1004.5,57.2,OBS_20240215_ODI
2024-02-15,Assam,26.2006,92.9376,6.4,22.4,8.4,1008.3,58.2,OBS_20240215_ASS
2024-02-15,Punjab,31.1471,75.3412,0.0,25.0,14.5,1006.6,63.2,OBS_20240215_PUN
2024-02-15,Tamil Nadu,11.1271,78.6569,7.4,21.5,7.1,1007.9,55.0,OBS_20240215_TAM
2024-02-15,Andhra Pradesh,15.9129,79.74,2.4,21.9,4.0,1007.3,58.4,OBS_20240215_AND
2024-02-15,West Bengal,22.9868,87.855,8.4,20.9,12.2,1005.9,48.3,OBS_20240215_WES
2024-02-15,Madhya Pradesh,22.9734,78.6569,14.2,23.1,15.5,1007.8,62.4,OBS_20240215_MAD
2024-02-15,Uttar Pradesh,26.8467,80.9462,0.0,22.2,22.6,1006.4,44.0,OBS_20240215_UTT
2024-02-15,Karnataka,15.3173,75.7139,2.0,21.8,11.3,1007.1,55.0,OBS_20240215_KAR
2024-02-15,Himachal Pradesh,31.1048,77.1734,0.0,21.7,9.7,1007.9,53.5,OBS_20240215_HIM
2024-02-15,Bihar,25.0961,85.3131,17.0,19.5,13.4,1008.5,52.4,OBS_20240215_BIH
2024-02-16,Gujarat,22.2587,71.1924,3.3,20.9,6.8,1007.4,62.5,OBS_20240216_GUJ
2024-02-16,Maharashtra,19.7515,75.7139,0.0,21.5,9.7,1005.8,51.4,OBS_20240216_MAH
2024-02-16,Kerala,10.8505,76.2711,0.0,25.7,10.7,1006.4,52.3,OBS_20240216_KER
2024-02-16,Rajasthan,27.0238,74.2179,0.0,24.5,4.9,1004.3,62.4,OBS_20240216_RAJ
2024-02-16,Odisha,20.9517,85.0985,0.3,21.6,16.9,1007.2,51.3,OBS_20240216_ODI
2024-02-16,Assam,26.2006,92.9376,3.8,24.1,9.9,1010.0,56.9,OBS_20240216_ASS
2024-02-16,Punjab,31.1471,75.3412,4.0,23.0,14.9,1004.8,66.3,OBS_20240216_PUN
2024-02-16,Tamil Nadu,11.1271,78.6569,5.4,22.8,12.5,1003.7,68.6,OBS_20240216_TAM
2024-02-16,Andhra Pradesh,15.9129,79.74,0.0,23.0,7.3,1005.5,51.8,OBS_20240216_AND
2024-02-16,West Bengal,22.9868,87.855,3.3,24.4,14.9,1008.6,37.5,OBS_20240216_WES
2024-02-16,Madhya Pradesh,22.9734,78.6569,0.0,22.6,9.6,1005.4,60.7,OBS_20240216_MAD
2024-02-16,Uttar Pradesh,26.8467,80.9462,0.0,20.9,4.6,1003.9,56.3,OBS_20240216_UTT
2024-02-16,Karnataka,15.3173,75.7139,1.3,22.5,10.0,1006.0,66.1,OBS_20240216_KAR
2024-02-16,Himachal Pradesh,31.1048,77.1734,23.2,20.4,4.6,1000.8,58.6,OBS_20240216_HIM
2024-02-16,Bihar,25.0961,85.3131,0.0,24.4,6.7,1003.1,55.9,OBS_20240216_BIH
2024-02-17,Gujarat,22.2587,71.1924,0.0,25.1,9.2,1006.5,61.0,OBS_20240217_GUJ
2024-02-17,Maharashtra,19.7515,75.7139,6.5,25.3,13.1,1006.4,54.5,OBS_20240217_MAH
2024-02-17,Kerala,10.8505,76.2711,0.0,23.2,8.4,1004.2,71.8,OBS_20240217_KER
2024-02-17,Rajasthan,27.0238,74.2179,0.0,23.5,10.3,1007.4,64.2,OBS_20240217_RAJ
2024-02-17,Odisha,20.9517,85.0985,18.5,20.9,5.7,1002.4,65.7,OBS_20240217_ODI
2024-02-17,Assam,26.2006,92.9376,0.0,22.1,4.6,1007.4,58.8,OBS_20240217_ASS
2024-02-17,Punjab,31.1471,75.3412,16.1,23.0,12.5,1008.2,52.5,OBS_20240217_PUN
2024-02-17,Tamil Nadu,11.1271,78.6569,14.1,20.2,12.2,1002.1,55.9,OBS_20240217_TAM
2024-02-17,Andhra Pradesh,15.9129,79.74,10.5,22.5,20.5,1002.6,54.2,OBS_20240217_AND
2024-02-17,West Bengal,22.9868,87.855,0.0,21.7,19.2,1006.2,54.4,OBS_20240217_WES
2024-02-17,Madhya Pradesh,22.9734,78.6569,0.0,21.6,5.9,1006.9,53.4,OBS_20240217_MAD
2024-02-17,Uttar Pradesh,26.8467,80.9462,0.0,24.2,13.6,1007.6,42.5,OBS_20240217_UTT
2024-02-17,Karnataka,15.3173,75.7139,0.0,18.3,15.0,1006.0,48.1,OBS_20240217_KAR
2024-02-17,Himachal Pradesh,31.1048,77.1734,16.6,25.8,16.1,1004.3,61.7,OBS_20240217_HIM
2024-02-17,Bihar,25.0961,85.3131,0.0,23.5,14.0,1007.4,63.6,OBS_20240217_BIH
2024-02-18,Gujarat,22.2587,71.1924,10.6,21.8,6.6,1002.1,57.2,OBS_20240218_GUJ
2024-02-18,Maharashtra,19.7515,75.7139,0.0,21.0,19.6,1009.1,48.9,OBS_20240218_MAH
2024-02-18,Kerala,10.8505,76.2711,0.0,24.9,7.3,1007.8,50.7,OBS_20240218_KER
2024-02-18,Rajasthan,27.0238,74.2179,0.0,20.9,13.3,1005.1,56.8,OBS_20240218_RAJ
2024-02-18,Odisha,20.9517,85.0985,0.0,23.6,10.5,1002.9,46.3,OBS_20240218_ODI
2024-02-18,Assam,26.2006,92.9376,0.0,28.1,18.2,1004.8,58.1,OBS_20240218_ASS
2024-02-18,Punjab,31.1471,75.3412,0.0,24.3,6.7,1005.0,51.2,OBS_20240218_PUN
2024-02-18,Tamil Nadu,11.1271,78.6569,6.6,18.1,8.8,1004.4,70.9,OBS_20240218_TAM
2024-02-18,Andhra Pradesh,15.9129,79.74,35.1,26.2,17.3,1007.3,53.3,OBS_20240218_AND
2024-02-18,West Bengal,22.9868,87.855,0.0,23.6,6.6,1008.7,49.4,OBS_20240218_WES
2024-02-18,Madhya Pradesh,22.9734,78.6569,0.0,23.1,6.1,1007.4,51.8,OBS_20240218_MAD
2024-02-18,Uttar Pradesh,26.8467,80.9462,0.0,20.4,6.9,1006.0,52.3,OBS_20240218_UTT
2024-02-18,Karnataka,15.3173,75.7139,12.0,24.4,11.2,1007.9,59.4,OBS_20240218_KAR
2024-02-18,Himachal Pradesh,31.1048,77.1734,0.6,26.2,17.4,1008.9,56.3,OBS_20240218_HIM
2024-02-18,Bihar,25.0961,85.3131,0.0,27.0,15.6,1006.6,59.5,OBS_20240218_BIH
2024-02-19,Gujarat,22.2587,71.1924,3.7,24.1,11.4,1007.1,49.2,OBS_20240219_GUJ
2024-02-19,Maharashtra,19.7515,75.7139,0.0,23.9,16.7,1006.0,47.3,OBS_20240219_MAH
2024-02-19,Kerala,10.8505,76.2711,12.8,21.3,7.4,1007.4,65.0,OBS_20240219_KER
2024-02-19,Rajasthan,27.0238,74.2179,0.0,22.6,17.1,1008.0,62.1,OBS_20240219_RAJ
2024-02-19,Odisha,20.9517,85.0985,17.2,22.3,17.1,1005.4,56.6,OBS_20240219_ODI
2024-02-19,Assam,26.2006,92.9376,0.0,26.6,12.2,1004.9,52.8,OBS_20240219_ASS
2024-02-19,Punjab,31.1471,75.3412,5.2,20.4,6.7,1002.0,65.8,OBS_20240219_PUN
2024-02-19,Tamil Nadu,11.1271,78.6569,9.4,23.1,18.7,1005.6,52.0,OBS_20240219_TAM
2024-02-19,Andhra Pradesh,15.9129,79.74,4.7,23.4,11.9,1006.2,52.6,OBS_20240219_AND
2024-02-19,West Bengal,22.9868,87.855,0.0,27.2,18.7,1007.7,62.2,OBS_20240219_WES
2024-02-19,Madhya Pradesh,22.9734,78.6569,8.5,19.6,12.2,1008.0,52.2,OBS_20240219_MAD
2024-02-19,Uttar Pradesh,26.8467,80.9462,0.0,21.9,17.5,1002.4,54.3,OBS_20240219_UTT
2024-02-19,Karnataka,15.3173,75.7139,0.0,27.5,11.2,1011.1,55.4,OBS_20240219_KAR
2024-02-19,Himachal Pradesh,31.1048,77.1734,0.0,21.5,4.0,1006.6,46.5,OBS_20240219_HIM
2024-02-19,Bihar,25.0961,85.3131,0.0,26.6,9.1,1006.8,61.0,OBS_20240219_BIH
2024-02-20,Gujarat,22.2587,71.1924,0.0,20.3,16.1,1004.9,51.3,OBS_20240220_GUJ
2024-02-20,Maharashtra,19.7515,75.7139,0.1,20.0,8.0,1006.6,59.6,OBS_20240220_MAH
2024-02-20,Kerala,10.8505,76.2711,0.0,25.8,8.5,1005.1,56.5,OBS_20240220_KER
2024-02-20,Rajasthan,27.0238,74.2179,13.8,23.1,7.3,1005.2,57.2,OBS_20240220_RAJ
2024-02-20,Odisha,20.9517,85.0985,8.4,16.6,9.4,1007.1,67.1,OBS_20240220_ODI
2024-02-20,Assam,26.2006,92.9376,0.0,20.6,11.0,1006.4,65.2,OBS_20240220_ASS
2024-02-20,Punjab,31.1471,75.3412,0.0,22.0,15.4,1007.8,57.8,OBS_20240220_PUN
2024-02-20,Tamil Nadu,11.1271,78.6569,8.2,20.4,4.9,1003.9,57.9,OBS_20240220_TAM
2024-02-20,Andhra Pradesh,15.9129,79.74,0.8,22.0,11.4,1007.5,63.4,OBS_20240220_AND
2024-02-20,West Bengal,22.9868,87.855,4.8,25.6,6.9,1008.4,58.6,OBS_20240220_WES
2024-02-20,Madhya Pradesh,22.9734,78.6569,2.4,22.0,11.5,1009.1,57.4,OBS_20240220_MAD
2024-02-20,Uttar Pradesh,26.8467,80.9462,0.0,20.5,4.8,1008.9,51.8,OBS_20240220_UTT
2024-02-20,Karnataka,15.3173,75.7139,0.0,16.3,17.9,1007.6,57.6,OBS_20240220_KAR
2024-02-20,Himachal Pradesh,31.1048,77.1734,17.1,21.8,16.9,1011.0,59.2,OBS_20240220_HIM
2024-02-20,Bihar,25.0961,85.3131,0.0,24.4,9.4,1005.7,52.3,OBS_20240220_BIH
2024-02-21,Gujarat,22.2587,71.1924,0.0,24.0,18.2,1000.9,56.0,OBS_20240221_GUJ
2024-02-21,Maharashtra,19.7515,75.7139,0.0,24.6,13.2,1005.0,62.5,OBS_20240221_MAH
2024-02-21,Kerala,10.8505,76.2711,11.3,24.2,13.9,1008.0,52.0,OBS_20240221_KER
2024-02-21,Rajasthan,27.0238,74.2179,6.1,20.9,10.6,1002.7,59.0,OBS_20240221_RAJ
2024-02-21,Odisha,20.9517,85.0985,2.0,19.2,12.6,1006.4,46.6,OBS_20240221_ODI
2024-02-21,Assam,26.2006,92.9376,0.6,26.0,18.4,1005.1,56.6,OBS_20240221_ASS
2024-02-21,Punjab,31.1471,75.3412,1.1,23.6,18.4,1007.5,47.2,OBS_20240221_PUN
2024-02-21,Tamil Nadu,11.1271,78.6569,0.0,22.2,13.7,1004.3,45.5,OBS_20240221_TAM
2024-02-21,Andhra Pradesh,15.9129,79.74,1.6,24.6,14.0,1005.3,59.8,OBS_20240221_AND
2024-02-21,West Bengal,22.9868,87.855,0.0,24.1,4.8,1007.2,61.7,OBS_20240221_WES
2024-02-21,Madhya Pradesh,22.9734,78.6569,0.0,23.0,8.8,1006.7,58.6,OBS_20240221_MAD
2024-02-21,Uttar Pradesh,26.8467,80.9462,0.0,26.1,11.8,1007.6,53.2,OBS_20240221_UTT
2024-02-21,Karnataka,15.3173,75.7139,0.0,27.0,12.4,1007.5,62.5,OBS_20240221_KAR
2024-02-21,Himachal Pradesh,31.1048,77.1734,0.0,23.3,13.1,1002.4,64.5,OBS_20240221_HIM
2024-02-21,Bihar,25.0961,85.3131,0.0,19.9,8.1,1008.2,58.9,OBS_20240221_BIH
2024-02-22,Gujarat,22.2587,71.1924,1.3,22.1,10.0,1004.4,58.3,OBS_20240222_GUJ
2024-02-22,Maharashtra,19.7515,75.7139,1.9,23.1,7.8,1005.9,54.9,OBS_20240222_MAH
2024-02-22,Kerala,10.8505,76.2711,25.1,23.1,13.5,1009.1,62.3,OBS_20240222_KER
2024-02-22,Rajasthan,27.0238,74.2179,0.0,23.2,13.8,1006.4,46.0,OBS_20240222_RAJ
2024-02-22,Odisha,20.9517,85.0985,7.8,18.9,12.9,1003.7,46.7,OBS_20240222_ODI
2024-02-22,Assam,26.2006,92.9376,5.6,24.3,10.4,1004.4,47.4,OBS_20240222_ASS
2024-02-22,Punjab,31.1471,75.3412,0.0,21.9,18.5,1006.6,62.7,OBS_20240222_PUN
2024-02-22,Tamil Nadu,11.1271,78.6569,4.8,26.6,6.2,1003.8,71.5,OBS_20240222_TAM
2024-02-22,Andhra Pradesh,15.9129,79.74,0.0,25.8,8.4,1009.6,61.8,OBS_20240222_AND
2024-02-22,West Bengal,22.9868,87.855,0.0,23.2,17.2,1006.5,56.0,OBS_20240222_WES
2024-02-22,Madhya Pradesh,22.9734,78.6569,0.0,21.1,6.5,1004.7,53.2,OBS_20240222_MAD
2024-02-22,Uttar Pradesh,26.8467,80.9462,0.0,27.8,10.5,1004.5,58.4,OBS_20240222_UTT
2024-02-22,Karnataka,15.3173,75.7139,2.4,22.1,14.8,1002.0,55.0,OBS_20240222_KAR
2024-02-22,Himachal Pradesh,31.1048,77.1734,11.7,22.5,16.1,1005.2,55.3,OBS_20240222_HIM
2024-02-22,Bihar,25.0961,85.3131,0.0,24.4,15.4,1007.1,61.2,OBS_20240222_BIH
2024-02-23,Gujarat,22.2587,71.1924,0.0,21.5,10.5,1007.1,56.0,OBS_20240223_GUJ
2024-02-23,Maharashtra,19.7515,75.7139,2.2,30.1,7.8,1004.0,62.6,OBS_20240223_MAH
2024-02-23,Kerala,10.8505,76.2711,0.1,21.1,7.7,1002.3,53.8,OBS_20240223_KER
2024-02-23,Rajasthan,27.0238,74.2179,2.6,25.5,12.8,1003.9,57.0,OBS_20240223_RAJ
2024-02-23,Odisha,20.9517,85.0985,2.6,26.1,10.8,1004.6,51.6,OBS_20240223_ODI
2024-02-23,Assam,26.2006,92.9376,3.7,21.2,8.4,1004.5,61.5,OBS_20240223_ASS
2024-02-23,Punjab,31.1471,75.3412,4.0,25.2,12.7,1007.3,46.4,OBS_20240223_PUN
2024-02-23,Tamil Nadu,11.1271,78.6569,10.9,23.3,14.4,1007.7,36.4,OBS_20240223_TAM
2024-02-23,Andhra Pradesh,15.9129,79.74,5.3,24.1,9.3,1000.7,52.4,OBS_20240223_AND
2024-02-23,West Bengal,22.9868,87.855,0.0,21.2,9.8,1005.9,56.0,OBS_20240223_WES
2024-02-23,Madhya Pradesh,22.9734,78.6569,0.0,19.2,6.8,1005.8,51.6,OBS_20240223_MAD
2024-02-23,Uttar Pradesh,26.8467,80.9462,1.4,23.9,10.7,1005.3,46.6,OBS_20240223_UTT
2024-02-23,Karnataka,15.3173,75.7139,15.2,24.0,17.6,1003.8,52.9,OBS_20240223_KAR
2024-02-23,Himachal Pradesh,31.1048,77.1734,0.0,25.1,14.6,1004.7,62.3,OBS_20240223_HIM
2024-02-23,Bihar,25.0961,85.3131,0.0,23.6,11.0,1000.8,56.4,OBS_20240223_BIH
2024-02-24,Gujarat,22.2587,71.1924,0.0,25.6,16.9,1003.9,45.9,OBS_20240224_GUJ
2024-02-24,Maharashtra,19.7515,75.7139,0.0,27.2,7.7,1008.9,50.5,OBS_20240224_MAH
2024-02-24,Kerala,10.8505,76.2711,0.4,25.8,7.5,1001.6,42.2,OBS_20240224_KER
2024-02-24,Rajasthan,27.0238,74.2179,0.0,22.4,12.6,1003.5,62.2,OBS_20240224_RAJ
2024-02-24,Odisha,20.9517,85.0985,0.0,26.3,11.3,1010.0,54.5,OBS_20240224_ODI
2024-02-24,Assam,26.2006,92.9376,15.7,22.8,8.2,1008.2,58.4,OBS_20240224_ASS
2024-02-24,Punjab,31.1471,75.3412,4.3,19.2,13.9,1003.3,57.7,OBS_20240224_PUN
2024-02-24,Tamil Nadu,11.1271,78.6569,0.0,30.3,8.5,1007.5,58.5,OBS_20240224_TAM
2024-02-24,Andhra Pradesh,15.9129,79.74,0.0,24.5,7.4,1003.8,43.8,OBS_20240224_AND
2024-02-24,West Bengal,22.9868,87.855,0.0,21.7,6.6,1005.9,57.8,OBS_20240224_WES
2024-02-24,Madhya Pradesh,22.9734,78.6569,13.4,25.3,16.3,1005.5,60.5,OBS_20240224_MAD
2024-02-24,Uttar Pradesh,26.8467,80.9462,15.5,25.8,11.9,1007.5,57.5,OBS_20240224_UTT
2024-02-24,Karnataka,15.3173,75.7139,7.0,19.5,12.7,1007.4,60.4,OBS_20240224_KAR
2024-02-24,Himachal Pradesh,31.1048,77.1734,9.6,25.1,1.9,1006.3,48.5,OBS_20240224_HIM
2024-02-24,Bihar,25.0961,85.3131,2.3,21.5,8.4,1007.4,43.7,OBS_20240224_BIH
2024-02-25,Gujarat,22.2587,71.1924,10.3,25.7,17.5,1007.2,55.4,OBS_20240225_GUJ
2024-02-25,Maharashtra,19.7515,75.7139,12.1,21.3,9.4,1009.4,54.6,OBS_20240225_MAH
2024-02-25,Kerala,10.8505,76.2711,0.0,21.6,10.0,1004.5,63.0,OBS_20240225_KER
2024-02-25,Rajasthan,27.0238,74.2179,7.4,24.7,18.7,1007.6,52.6,OBS_20240225_RAJ
2024-02-25,Odisha,20.9517,85.0985,0.0,22.2,7.0,1007.2,52.2,OBS_20240225_ODI
2024-02-25,Assam,26.2006,92.9376,0.0,19.5,12.8,1004.7,54.0,OBS_20240225_ASS
2024-02-25,Punjab,31.1471,75.3412,14.7,24.6,15.5,1003.2,69.5,OBS_20240225_PUN
2024-02-25,Tamil Nadu,11.1271,78.6569,0.0,27.1,14.4,1009.1,60.2,OBS_20240225_TAM
2024-02-25,Andhra Pradesh,15.9129,79.74,0.0,20.1,1.0,1005.9,54.6,OBS_20240225_AND
2024-02-25,West Bengal,22.9868,87.855,1.6,24.5,14.0,1004.2,42.5,OBS_20240225_WES
2024-02-25,Madhya Pradesh,22.9734,78.6569,4.4,19.5,19.3,1008.3,51.6,OBS_20240225_MAD
2024-02-25,Uttar Pradesh,26.8467,80.9462,0.0,24.4,7.2,1005.5,51.1,OBS_20240225_UTT
2024-02-25,Karnataka,15.3173,75.7139,0.4,22.2,12.1,1008.7,55.9,OBS_20240225_KAR
2024-02-25,Himachal Pradesh,31.1048,77.1734,8.6,20.2,8.2,1003.8,54.0,OBS_20240225_HIM
2024-02-25,Bihar,25.0961,85.3131,1.1,23.5,12.8,1005.3,53.7,OBS_20240225_BIH
2024-02-26,Gujarat,22.2587,71.1924,8.1,21.4,3.1,1002.1,51.1,OBS_20240226_GUJ
2024-02-26,Maharashtra,19.7515,75.7139,5.2,25.4,12.1,1009.5,52.3,OBS_20240226_MAH
2024-02-26,Kerala,10.8505,76.2711,5.8,17.7,15.2,1008.3,62.3,OBS_20240226_KER
2024-02-26,Rajasthan,27.0238,74.2179,1.0,26.8,9.9,1006.6,59.2,OBS_20240226_RAJ
2024-02-26,Odisha,20.9517,85.0985,0.0,22.0,13.3,1002.4,53.3,OBS_20240226_ODI
2024-02-26,Assam,26.2006,92.9376,2.7,20.7,10.0,1008.2,53.1,OBS_20240226_ASS
2024-02-26,Punjab,31.1471,75.3412,0.0,24.2,11.3,1004.2,57.5,OBS_20240226_PUN
2024-02-26,Tamil Nadu,11.1271,78.6569,8.1,24.5,13.8,1002.7,60.6,OBS_20240226_TAM
2024-02-26,Andhra Pradesh,15.9129,79.74,15.9,28.4,12.4,1007.9,41.6,OBS_20240226_AND
2024-02-26,West Bengal,22.9868,87.855,11.4,24.2,13.4,1001.8,40.6,OBS_20240226_WES
2024-02-26,Madhya Pradesh,22.9734,78.6569,0.0,20.2,7.7,1004.2,49.7,OBS_20240226_MAD
2024-02-26,Uttar Pradesh,26.8467,80.9462,0.0,22.9,10.5,1003.0,51.8,OBS_20240226_UTT
2024-02-26,Karnataka,15.3173,75.7139,1.5,20.8,14.8,1009.4,63.6,OBS_20240226_KAR
2024-02-26,Himachal Pradesh,31.1048,77.1734,0.0,24.6,9.8,1003.6,77.7,OBS_20240226_HIM
2024-02-26,Bihar,25.0961,85.3131,14.2,26.2,12.8,1006.0,50.7,OBS_20240226_BIH
2024-02-27,Gujarat,22.2587,71.1924,15.9,20.9,12.0,1009.1,57.6,OBS_20240227_GUJ
2024-02-27,Maharashtra,19.7515,75.7139,0.0,24.5,11.2,1003.7,58.9,OBS_20240227_MAH
2024-02-27,Kerala,10.8505,76.2711,1.5,22.2,8.0,1006.6,61.5,OBS_20240227_KER
2024-02-27,Rajasthan,27.0238,74.2179,0.0,23.6,19.0,1007.5,45.0,OBS_20240227_RAJ
2024-02-27,Odisha,20.9517,85.0985,0.0,23.8,15.6,1007.4,53.7,OBS_20240227_ODI
2024-02-27,Assam,26.2006,92.9376,12.6,22.7,10.8,1007.3,64.8,OBS_20240227_ASS
2024-02-27,Punjab,31.1471,75.3412,0.8,26.2,13.4,1008.6,65.5,OBS_20240227_PUN
2024-02-27,Tamil Nadu,11.1271,78.6569,0.0,26.8,5.9,1005.9,57.4,OBS_20240227_TAM
2024-02-27,Andhra Pradesh,15.9129,79.74,17.1,24.7,4.4,1003.4,58.2,OBS_20240227_AND
2024-02-27,West Bengal,22.9868,87.855,0.0,21.4,10.5,1007.6,46.6,OBS_20240227_WES
2024-02-27,Madhya Pradesh,22.9734,78.6569,2.9,21.9,13.8,1006.4,58.9,OBS_20240227_MAD
2024-02-27,Uttar Pradesh,26.8467,80.9462,0.0,25.0,14.6,1006.6,55.6,OBS_20240227_UTT
2024-02-27,Karnataka,15.3173,75.7139,0.0,24.2,8.5,1005.2,55.2,OBS_20240227_KAR
2024-02-27,Himachal Pradesh,31.1048,77.1734,5.4,21.1,10.3,1004.4,54.6,OBS_20240227_HIM
2024-02-27,Bihar,25.0961,85.3131,7.4,22.5,12.7,1007.1,53.9,OBS_20240227_BIH
2024-02-28,Gujarat,22.2587,71.1924,26.6,21.8,11.9,1002.1,57.1,OBS_20240228_GUJ
2024-02-28,Maharashtra,19.7515,75.7139,0.0,26.5,13.6,1003.3,46.6,OBS_20240228_MAH
2024-02-28,Kerala,10.8505,76.2711,3.1,28.4,13.5,1003.1,48.1,OBS_20240228_KER
2024-02-28,Rajasthan,27.0238,74.2179,5.3,22.5,5.8,1010.9,54.7,OBS_20240228_RAJ
2024-02-28,Odisha,20.9517,85.0985,3.0,20.2,13.6,1006.1,72.4,OBS_20240228_ODI
2024-02-28,Assam,26.2006,92.9376,3.0,23.5,11.1,1005.6,54.9,OBS_20240228_ASS
2024-02-28,Punjab,31.1471,75.3412,1.5,25.1,4.7,1007.8,62.7,OBS_20240228_PUN
2024-02-28,Tamil Nadu,11.1271,78.6569,0.0,24.9,17.1,1001.6,59.5,OBS_20240228_TAM
2024-02-28,Andhra Pradesh,15.9129,79.74,0.0,23.2,7.1,1008.2,46.8,OBS_20240228_AND
2024-02-28,West Bengal,22.9868,87.855,14.5,23.8,12.4,1007.3,67.0,OBS_20240228_WES
2024-02-28,Madhya Pradesh,22.9734,78.6569,3.7,24.5,11.3,1003.6,68.3,OBS_20240228_MAD
2024-02-28,Uttar Pradesh,26.8467,80.9462,15.2,23.3,2.7,1007.7,60.8,OBS_20240228_UTT
2024-02-28,Karnataka,15.3173,75.7139,22.5,28.0,10.0,1004.4,60.5,OBS_20240228_KAR
2024-02-28,Himachal Pradesh,31.1048,77.1734,0.0,21.1,13.3,1002.7,58.0,OBS_20240228_HIM
2024-02-28,Bihar,25.0961,85.3131,0.0,23.8,13.4,1005.9,60.5,OBS_20240228_BIH
2024-02-29,Gujarat,22.2587,71.1924,0.0,25.1,16.4,1009.0,38.0,OBS_20240229_GUJ
2024-02-29,Maharashtra,19.7515,75.7139,0.0,20.5,16.0,1009.3,57.7,OBS_20240229_MAH
2024-02-29,Kerala,10.8505,76.2711,8.1,24.6,13.6,1006.5,58.0,OBS_20240229_KER
2024-02-29,Rajasthan,27.0238,74.2179,5.1,22.0,10.0,1005.1,57.9,OBS_20240229_RAJ
2024-02-29,Odisha,20.9517,85.0985,19.8,24.6,10.4,1007.4,59.1,OBS_20240229_ODI
2024-02-29,Assam,26.2006,92.9376,7.3,22.7,11.2,1008.3,64.9,OBS_20240229_ASS
2024-02-29,Punjab,31.1471,75.3412,15.8,20.5,13.6,1003.1,45.5,OBS_20240229_PUN
2024-02-29,Tamil Nadu,11.1271,78.6569,0.0,19.6,9.5,1005.9,66.9,OBS_20240229_TAM
2024-02-29,Andhra Pradesh,15.9129,79.74,0.0,25.9,16.3,1004.4,57.1,OBS_20240229_AND
2024-02-29,West Bengal,22.9868,87.855,0.0,24.2,11.1,1003.9,54.9,OBS_20240229_WES
2024-02-29,Madhya Pradesh,22.9734,78.6569,0.0,25.3,15.5,1002.9,54.1,OBS_20240229_MAD
2024-02-29,Uttar Pradesh,26.8467,80.9462,5.6,23.2,14.6,1003.6,53.9,OBS_20240229_UTT
2024-02-29,Karnataka,15.3173,75.7139,0.0,23.6,9.5,1007.7,60.1,OBS_20240229_KAR
2024-02-29,Himachal Pradesh,31.1048,77.1734,8.2,22.5,19.0,1005.3,60.0,OBS_20240229_HIM
2024-02-29,Bihar,25.0961,85.3131,0.4,21.3,9.5,1005.2,52.5,OBS_20240229_BIH
2024-03-01,Gujarat,22.2587,71.1924,2.2,23.6,4.5,1011.0,57.2,OBS_20240301_GUJ
2024-03-01,Maharashtra,19.7515,75.7139,1.2,27.5,7.8,1009.5,44.0,OBS_20240301_MAH
2024-03-01,Kerala,10.8505,76.2711,0.0,25.2,10.3,1005.0,62.7,OBS_20240301_KER
2024-03-01,Rajasthan,27.0238,74.2179,8.8,27.2,9.6,1004.0,50.9,OBS_20240301_RAJ
2024-03-01,Odisha,20.9517,85.0985,0.1,23.6,8.6,1004.2,49.5,OBS_20240301_ODI
2024-03-01,Assam,26.2006,92.9376,7.7,24.9,3.8,1009.4,43.7,OBS_20240301_ASS
2024-03-01,Punjab,31.1471,75.3412,0.0,23.8,9.8,1006.2,50.0,OBS_20240301_PUN
2024-03-01,Tamil Nadu,11.1271,78.6569,0.0,22.5,13.3,1003.7,52.2,OBS_20240301_TAM
2024-03-01,Andhra Pradesh,15.9129,79.74,6.4,27.6,15.2,1007.8,53.0,OBS_20240301_AND
2024-03-01,West Bengal,22.9868,87.855,30.7,24.4,5.8,1005.8,63.0,OBS_20240301_WES
2024-03-01,Madhya Pradesh,22.9734,78.6569,2.7,22.6,17.8,1001.5,56.1,OBS_20240301_MAD
2024-03-01,Uttar Pradesh,26.8467,80.9462,18.6,22.1,11.4,1005.4,52.3,OBS_20240301_UTT
2024-03-01,Karnataka,15.3173,75.7139,0.0,23.1,6.7,1003.8,56.8,OBS_20240301_KAR
2024-03-01,Himachal Pradesh,31.1048,77.1734,6.8,24.4,5.9,1004.9,65.3,OBS_20240301_HIM
2024-03-01,Bihar,25.0961,85.3131,13.6,25.4,9.6,1009.1,69.7,OBS_20240301_BIH
2024-03-02,Gujarat,22.2587,71.1924,4.0,22.5,17.3,1005.9,58.3,OBS_20240302_GUJ
2024-03-02,Maharashtra,19.7515,75.7139,21.2,23.1,8.5,1006.0,60.9,OBS_20240302_MAH
2024-03-02,Kerala,10.8505,76.2711,0.0,17.6,9.9,1007.0,59.6,OBS_20240302_KER
2024-03-02,Rajasthan,27.0238,74.2179,2.2,21.1,13.8,1007.3,59.8,OBS_20240302_RAJ
2024-03-02,Odisha,20.9517,85.0985,0.0,22.5,13.9,1001.5,65.9,OBS_20240302_ODI
2024-03-02,Assam,26.2006,92.9376,0.0,23.6,13.8,1007.4,58.9,OBS_20240302_ASS
2024-03-02,Punjab,31.1471,75.3412,11.7,24.2,6.7,1006.2,55.2,OBS_20240302_PUN
2024-03-02,Tamil Nadu,11.1271,78.6569,16.9,20.8,17.4,1007.2,62.9,OBS_20240302_TAM
2024-03-02,Andhra Pradesh,15.9129,79.74,0.0,22.6,16.2,1003.6,52.9,OBS_20240302_AND
2024-03-02,West Bengal,22.9868,87.855,2.5,22.1,11.4,1009.4,53.1,OBS_20240302_WES
2024-03-02,Madhya Pradesh,22.9734,78.6569,0.0,20.7,9.1,1003.9,49.8,OBS_20240302_MAD
2024-03-02,Uttar Pradesh,26.8467,80.9462,6.9,22.5,18.4,1000.3,51.3,OBS_20240302_UTT
2024-03-02,Karnataka,15.3173,75.7139,14.0,25.4,9.7,1006.9,56.6,OBS_20240302_KAR
2024-03-02,Himachal Pradesh,31.1048,77.1734,6.3,22.2,11.9,1008.6,55.9,OBS_20240302_HIM
2024-03-02,Bihar,25.0961,85.3131,5.5,22.0,14.5,1007.6,56.2,OBS_20240302_BIH
2024-03-03,Gujarat,22.2587,71.1924,0.0,23.3,14.5,1007.7,53.3,OBS_20240303_GUJ
2024-03-03,Maharashtra,19.7515,75.7139,0.0,24.8,14.9,1004.6,66.2,OBS_20240303_MAH
2024-03-03,Kerala,10.8505,76.2711,0.0,26.6,12.9,1005.6,60.2,OBS_20240303_KER
2024-03-03,Rajasthan,27.0238,74.2179,0.0,26.4,8.0,1002.6,51.8,OBS_20240303_RAJ
2024-03-03,Odisha,20.9517,85.0985,0.0,24.5,5.0,1010.4,55.7,OBS_20240303_ODI
2024-03-03,Assam,26.2006,92.9376,8.0,26.2,21.5,1003.6,57.7,OBS_20240303_ASS
2024-03-03,Punjab,31.1471,75.3412,0.0,23.7,6.9,1006.1,41.1,OBS_20240303_PUN
2024-03-03,Tamil Nadu,11.1271,78.6569,0.0,27.1,14.4,1005.3,60.4,OBS_20240303_TAM
2024-03-03,Andhra Pradesh,15.9129,79.74,0.9,23.3,9.1,1007.3,44.6,OBS_20240303_AND
2024-03-03,West Bengal,22.9868,87.855,3.1,25.2,6.0,1009.4,56.7,OBS_20240303_WES
2024-03-03,Madhya Pradesh,22.9734,78.6569,0.0,23.4,7.5,1005.7,42.7,OBS_20240303_MAD
2024-03-03,Uttar Pradesh,26.8467,80.9462,20.9,20.4,12.2,1006.4,57.9,OBS_20240303_UTT
2024-03-03,Karnataka,15.3173,75.7139,8.0,22.6,11.4,1005.9,51.3,OBS_20240303_KAR
2024-03-03,Himachal Pradesh,31.1048,77.1734,0.0,27.0,11.1,1005.9,60.5,OBS_20240303_HIM
2024-03-03,Bihar,25.0961,85.3131,0.0,20.2,10.1,1007.8,56.1,OBS_20240303_BIH
2024-03-04,Gujarat,22.2587,71.1924,28.4,24.5,15.5,1005.8,58.0,OBS_20240304_GUJ
2024-03-04,Maharashtra,19.7515,75.7139,6.1,23.9,4.1,1003.0,53.9,OBS_20240304_MAH
2024-03-04,Kerala,10.8505,76.2711,0.0,22.9,14.5,1006.3,66.5,OBS_20240304_KER
2024-03-04,Rajasthan,27.0238,74.2179,12.6,22.2,13.6,1006.9,58.7,OBS_20240304_RAJ
2024-03-04,Odisha,20.9517,85.0985,0.0,24.8,16.3,1007.0,42.5,OBS_20240304_ODI
2024-03-04,Assam,26.2006,92.9376,3.7,21.6,13.1,1006.7,64.6,OBS_20240304_ASS
2024-03-04,Punjab,31.1471,75.3412,0.0,27.3,11.8,1005.3,40.3,OBS_20240304_PUN
2024-03-04,Tamil Nadu,11.1271,78.6569,0.0,24.9,13.4,1006.3,50.9,OBS_20240304_TAM
2024-03-04,Andhra Pradesh,15.9129,79.74,0.0,25.1,16.2,1008.0,57.6,OBS_20240304_AND
2024-03-04,West Bengal,22.9868,87.855,0.0,24.9,9.0,1006.5,47.3,OBS_20240304_WES
2024-03-04,Madhya Pradesh,22.9734,78.6569,3.0,22.6,8.0,1008.5,66.8,OBS_20240304_MAD
2024-03-04,Uttar Pradesh,26.8467,80.9462,0.0,25.0,5.0,1007.1,51.6,OBS_20240304_UTT
2024-03-04,Karnataka,15.3173,75.7139,6.6,17.1,22.3,1003.3,62.1,OBS_20240304_KAR
2024-03-04,Himachal Pradesh,31.1048,77.1734,19.4,22.2,10.0,1009.4,46.1,OBS_20240304_HIM
2024-03-04,Bihar,25.0961,85.3131,8.1,25.7,13.9,1004.2,65.1,OBS_20240304_BIH
2024-03-05,Gujarat,22.2587,71.1924,10.6,23.1,10.0,1005.4,57.0,OBS_20240305_GUJ
2024-03-05,Maharashtra,19.7515,75.7139,16.2,25.9,16.1,1006.9,49.7,OBS_20240305_MAH
2024-03-05,Kerala,10.8505,76.2711,0.0,24.9,12.2,1003.9,53.7,OBS_20240305_KER
2024-03-05,Rajasthan,27.0238,74.2179,20.2,24.9,16.1,1006.9,60.9,OBS_20240305_RAJ
2024-03-05,Odisha,20.9517,85.0985,0.0,23.5,14.9,1004.6,56.4,OBS_20240305_ODI
2024-03-05,Assam,26.2006,92.9376,3.5,24.3,9.6,1008.1,50.6,OBS_20240305_ASS
2024-03-05,Punjab,31.1471,75.3412,0.0,27.0,15.4,1009.5,56.3,OBS_20240305_PUN
2024-03-05,Tamil Nadu,11.1271,78.6569,0.0,24.3,7.2,1005.2,47.9,OBS_20240305_TAM
2024-03-05,Andhra Pradesh,15.9129,79.74,0.5,24.3,11.8,1003.1,62.5,OBS_20240305_AND
2024-03-05,West Bengal,22.9868,87.855,4.8,21.0,14.1,1004.2,65.5,OBS_20240305_WES
2024-03-05,Madhya Pradesh,22.9734,78.6569,13.4,24.1,12.7,1006.7,53.7,OBS_20240305_MAD
2024-03-05,Uttar Pradesh,26.8467,80.9462,0.0,25.6,13.7,1005.9,52.9,OBS_20240305_UTT
2024-03-05,Karnataka,15.3173,75.7139,0.0,21.4,16.5,1006.0,64.1,OBS_20240305_KAR
2024-03-05,Himachal Pradesh,31.1048,77.1734,0.7,22.9,11.3,1002.6,49.4,OBS_20240305_HIM
2024-03-05,Bihar,25.0961,85.3131,0.0,17.7,8.7,1010.9,64.1,OBS_20240305_BIH
2024-03-06,Gujarat,22.2587,71.1924,0.0,21.4,8.1,1004.0,53.8,OBS_20240306_GUJ
2024-03-06,Maharashtra,19.7515,75.7139,4.5,23.3,14.0,1002.9,52.0,OBS_20240306_MAH
2024-03-06,Kerala,10.8505,76.2711,0.8,20.7,9.7,1006.6,49.5,OBS_20240306_KER
2024-03-06,Rajasthan,27.0238,74.2179,5.8,17.3,14.3,1007.1,52.3,OBS_20240306_RAJ
2024-03-06,Odisha,20.9517,85.0985,0.0,19.8,7.1,1003.0,50.1,OBS_20240306_ODI
2024-03-06,Assam,26.2006,92.9376,0.0,28.9,13.9,1005.8,60.6,OBS_20240306_ASS
2024-03-06,Punjab,31.1471,75.3412,0.0,26.3,15.5,1005.4,54.9,OBS_20240306_PUN
2024-03-06,Tamil Nadu,11.1271,78.6569,0.0,26.1,9.4,1007.7,58.0,OBS_20240306_TAM
2024-03-06,Andhra Pradesh,15.9129,79.74,0.0,23.5,12.0,1004.7,67.1,OBS_20240306_AND
2024-03-06,West Bengal,22.9868,87.855,10.0,25.1,9.2,1002.0,41.2,OBS_20240306_WES
2024-03-06,Madhya Pradesh,22.9734,78.6569,0.0,28.4,15.5,1004.4,71.5,OBS_20240306_MAD
2024-03-06,Uttar Pradesh,26.8467,80.9462,0.0,21.0,11.0,1006.3,69.8,OBS_20240306_UTT
2024-03-06,Karnataka,15.3173,75.7139,0.2,24.0,11.1,1007.1,53.5,OBS_20240306_KAR
2024-03-06,Himachal Pradesh,31.1048,77.1734,0.0,24.6,19.5,1007.8,65.3,OBS_20240306_HIM
2024-03-06,Bihar,25.0961,85.3131,0.0,24.3,19.7,1005.9,40.8,OBS_20240306_BIH
2024-03-07,Gujarat,22.2587,71.1924,0.0,24.2,16.1,1000.3,64.5,OBS_20240307_GUJ
2024-03-07,Maharashtra,19.7515,75.7139,13.5,27.7,19.5,1006.5,63.8,OBS_20240307_MAH
2024-03-07,Kerala,10.8505,76.2711,0.0,20.8,4.7,1006.1,56.5,OBS_20240307_KER
2024-03-07,Rajasthan,27.0238,74.2179,0.0,21.0,12.5,1007.3,51.5,OBS_20240307_RAJ
2024-03-07,Odisha,20.9517,85.0985,0.0,25.8,4.2,1006.6,49.8,OBS_20240307_ODI
2024-03-07,Assam,26.2006,92.9376,5.9,24.5,9.9,1007.1,52.7,OBS_20240307_ASS
2024-03-07,Punjab,31.1471,75.3412,0.0,24.2,14.5,1008.6,58.1,OBS_20240307_PUN
2024-03-07,Tamil Nadu,11.1271,78.6569,0.0,19.5,8.8,1006.1,51.1,OBS_20240307_TAM
2024-03-07,Andhra Pradesh,15.9129,79.74,4.5,26.5,13.1,1004.1,51.1,OBS_20240307_AND
2024-03-07,West Bengal,22.9868,87.855,3.7,22.3,10.0,1007.2,64.6,OBS_20240307_WES
2024-03-07,Madhya Pradesh,22.9734,78.6569,0.2,25.0,11.3,1005.1,56.9,OBS_20240307_MAD
2024-03-07,Uttar Pradesh,26.8467,80.9462,2.5,25.5,11.8,1004.5,47.6,OBS_20240307_UTT
2024-03-07,Karnataka,15.3173,75.7139,10.0,23.7,17.4,1006.0,51.5,OBS_20240307_KAR
2024-03-07,Himachal Pradesh,31.1048,77.1734,23.3,22.8,7.6,1003.5,48.8,OBS_20240307_HIM
2024-03-07,Bihar,25.0961,85.3131,0.0,22.2,11.6,1005.3,62.5,OBS_20240307_BIH
2024-03-08,Gujarat,22.2587,71.1924,3.4,25.7,13.2,1010.7,53.0,OBS_20240308_GUJ
2024-03-08,Maharashtra,19.7515,75.7139,15.7,26.3,13.7,1006.9,59.7,OBS_20240308_MAH
2024-03-08,Kerala,10.8505,76.2711,9.0,26.3,9.3,1004.9,56.1,OBS_20240308_KER
2024-03-08,Rajasthan,27.0238,74.2179,3.9,26.1,9.5,1008.7,66.2,OBS_20240308_RAJ
2024-03-08,Odisha,20.9517,85.0985,0.0,24.2,6.5,1003.2,59.0,OBS_20240308_ODI
2024-03-08,Assam,26.2006,92.9376,0.0,15.4,11.2,1006.9,50.4,OBS_20240308_ASS
2024-03-08,Punjab,31.1471,75.3412,5.4,22.0,10.8,1001.9,45.4,OBS_20240308_PUN
2024-03-08,Tamil Nadu,11.1271,78.6569,0.0,24.1,17.0,1008.2,61.9,OBS_20240308_TAM
2024-03-08,Andhra Pradesh,15.9129,79.74,0.0,24.2,15.9,1004.1,54.7,OBS_20240308_AND
2024-03-08,West Bengal,22.9868,87.855,0.0,25.4,14.8,1004.5,49.8,OBS_20240308_WES
2024-03-08,Madhya Pradesh,22.9734,78.6569,0.0,29.1,3.9,1008.7,38.4,OBS_20240308_MAD
2024-03-08,Uttar Pradesh,26.8467,80.9462,3.6,25.2,13.0,1005.4,49.3,OBS_20240308_UTT
2024-03-08,Karnataka,15.3173,75.7139,12.3,21.8,17.0,1007.3,63.0,OBS_20240308_KAR
2024-03-08,Himachal Pradesh,31.1048,77.1734,6.8,22.0,12.2,1006.8,58.8,OBS_20240308_HIM
2024-03-08,Bihar,25.0961,85.3131,0.2,26.3,8.5,1003.7,62.0,OBS_20240308_BIH
2024-03-09,Gujarat,22.2587,71.1924,0.0,29.1,4.4,1006.8,48.5,OBS_20240309_GUJ
2024-03-09,Maharashtra,19.7515,75.7139,4.0,22.4,11.9,1002.9,56.0,OBS_20240309_MAH
2024-03-09,Kerala,10.8505,76.2711,0.0,21.9,7.8,1005.4,48.6,OBS_20240309_KER
2024-03-09,Rajasthan,27.0238,74.2179,0.0,23.6,13.5,1006.6,53.9,OBS_20240309_RAJ
2024-03-09,Odisha,20.9517,85.0985,5.3,23.4,12.7,1006.8,62.3,OBS_20240309_ODI
2024-03-09,Assam,26.2006,92.9376,8.4,24.0,11.9,1011.1,61.8,OBS_20240309_ASS
2024-03-09,Punjab,31.1471,75.3412,2.3,24.9,6.3,1000.9,52.3,OBS_20240309_PUN
2024-03-09,Tamil Nadu,11.1271,78.6569,18.4,22.5,17.1,1001.8,52.8,OBS_20240309_TAM
2024-03-09,Andhra Pradesh,15.9129,79.74,0.0,26.3,17.2,1008.3,67.7,OBS_20240309_AND
2024-03-09,West Bengal,22.9868,87.855,0.0,28.1,3.8,1006.9,60.3,OBS_20240309_WES
2024-03-09,Madhya Pradesh,22.9734,78.6569,2.4,17.9,9.0,1006.3,48.2,OBS_20240309_MAD
2024-03-09,Uttar Pradesh,26.8467,80.9462,0.0,23.0,16.7,1009.8,54.6,OBS_20240309_UTT
2024-03-09,Karnataka,15.3173,75.7139,0.0,28.1,13.2,1001.8,48.2,OBS_20240309_KAR
2024-03-09,Himachal Pradesh,31.1048,77.1734,5.1,21.2,15.7,1009.6,55.9,OBS_20240309_HIM
2024-03-09,Bihar,25.0961,85.3131,4.7,23.8,24.0,1006.9,62.9,OBS_20240309_BIH
2024-03-10,Gujarat,22.2587,71.1924,92.2,23.4,12.4,1005.7,58.0,OBS_20240310_GUJ
2024-03-10,Maharashtra,19.7515,75.7139,1.5,29.9,9.9,1008.0,61.9,OBS_20240310_MAH
2024-03-10,Kerala,10.8505,76.2711,7.7,28.7,11.1,1008.2,57.9,OBS_20240310_KER
2024-03-10,Rajasthan,27.0238,74.2179,0.0,24.4,12.0,1004.9,53.8,OBS_20240310_RAJ
2024-03-10,Odisha,20.9517,85.0985,3.5,23.6,13.9,1005.5,38.4,OBS_20240310_ODI
2024-03-10,Assam,26.2006,92.9376,7.7,23.4,11.3,1007.9,51.4,OBS_20240310_ASS
2024-03-10,Punjab,31.1471,75.3412,0.0,26.4,14.4,1006.7,66.7,OBS_20240310_PUN
2024-03-10,Tamil Nadu,11.1271,78.6569,0.0,23.5,14.1,1008.2,59.9,OBS_20240310_TAM
2024-03-10,Andhra Pradesh,15.9129,79.74,6.1,25.1,13.6,1007.1,59.8,OBS_20240310_AND
2024-03-10,West Bengal,22.9868,87.855,0.0,24.6,9.7,1005.6,51.8,OBS_20240310_WES
2024-03-10,Madhya Pradesh,22.9734,78.6569,0.0,20.2,9.2,1011.4,52.0,OBS_20240310_MAD
2024-03-10,Uttar Pradesh,26.8467,80.9462,0.0,22.4,13.1,1008.2,40.7,OBS_20240310_UTT
2024-03-10,Karnataka,15.3173,75.7139,6.2,24.5,11.3,1001.5,58.9,OBS_20240310_KAR
2024-03-10,Himachal Pradesh,31.1048,77.1734,0.0,28.4,11.6,1004.5,52.6,OBS_20240310_HIM
2024-03-10,Bihar,25.0961,85.3131,0.0,24.9,12.0,1005.2,63.9,OBS_20240310_BIH
2024-03-11,Gujarat,22.2587,71.1924,0.0,24.9,17.9,1004.5,58.6,OBS_20240311_GUJ
2024-03-11,Maharashtra,19.7515,75.7139,0.0,21.5,12.1,1007.6,35.6,OBS_20240311_MAH
2024-03-11,Kerala,10.8505,76.2711,0.0,27.0,7.3,1005.9,56.7,OBS_20240311_KER
2024-03-11,Rajasthan,27.0238,74.2179,13.4,24.4,12.7,1007.9,67.7,OBS_20240311_RAJ
2024-03-11,Odisha,20.9517,85.0985,0.0,28.1,6.2,1002.6,62.6,OBS_20240311_ODI
2024-03-11,Assam,26.2006,92.9376,0.0,24.0,10.1,1005.3,56.7,OBS_20240311_ASS
2024-03-11,Punjab,31.1471,75.3412,0.0,26.4,15.4,1006.4,49.3,OBS_20240311_PUN
2024-03-11,Tamil Nadu,11.1271,78.6569,15.4,20.4,12.7,1005.9,72.9,OBS_20240311_TAM
2024-03-11,Andhra Pradesh,15.9129,79.74,0.0,24.6,11.8,1007.2,52.8,OBS_20240311_AND
2024-03-11,West Bengal,22.9868,87.855,0.0,23.9,19.0,1009.7,53.1,OBS_20240311_WES
2024-03-11,Madhya Pradesh,22.9734,78.6569,0.0,24.9,9.4,1006.5,65.7,OBS_20240311_MAD
2024-03-11,Uttar Pradesh,26.8467,80.9462,0.0,26.1,21.1,1005.3,48.6,OBS_20240311_UTT
2024-03-11,Karnataka,15.3173,75.7139,16.3,21.2,6.8,1003.7,49.4,OBS_20240311_KAR
2024-03-11,Himachal Pradesh,31.1048,77.1734,0.0,23.8,12.2,1008.7,51.5,OBS_20240311_HIM
2024-03-11,Bihar,25.0961,85.3131,22.6,23.1,8.6,1007.6,54.2,OBS_20240311_BIH
2024-03-12,Gujarat,22.2587,71.1924,6.9,30.2,12.8,1007.7,58.3,OBS_20240312_GUJ
2024-03-12,Maharashtra,19.7515,75.7139,0.0,22.8,9.8,1004.2,62.9,OBS_20240312_MAH
2024-03-12,Kerala,10.8505,76.2711,4.2,23.9,9.8,1007.7,52.5,OBS_20240312_KER
2024-03-12,Rajasthan,27.0238,74.2179,0.0,22.0,8.8,1004.9,43.9,OBS_20240312_RAJ
2024-03-12,Odisha,20.9517,85.0985,14.9,22.5,13.2,1002.9,51.1,OBS_20240312_ODI
2024-03-12,Assam,26.2006,92.9376,2.8,24.4,9.0,1006.4,58.1,OBS_20240312_ASS
2024-03-12,Punjab,31.1471,75.3412,1.4,25.0,3.1,1005.1,47.3,OBS_20240312_PUN
2024-03-12,Tamil Nadu,11.1271,78.6569,4.4,25.9,9.9,1008.4,52.2,OBS_20240312_TAM
2024-03-12,Andhra Pradesh,15.9129,79.74,7.3,23.1,8.4,1007.4,58.2,OBS_20240312_AND
2024-03-12,West Bengal,22.9868,87.855,0.0,25.2,8.4,1009.4,48.9,OBS_20240312_WES
2024-03-12,Madhya Pradesh,22.9734,78.6569,0.0,22.3,13.3,1006.2,48.8,OBS_20240312_MAD
2024-03-12,Uttar Pradesh,26.8467,80.9462,0.0,26.4,11.7,1007.0,42.4,OBS_20240312_UTT
2024-03-12,Karnataka,15.3173,75.7139,0.0,22.0,16.2,1006.0,59.9,OBS_20240312_KAR
2024-03-12,Himachal Pradesh,31.1048,77.1734,10.2,24.8,8.7,1005.0,61.6,OBS_20240312_HIM
2024-03-12,Bihar,25.0961,85.3131,9.7,24.8,12.3,1001.9,65.3,OBS_20240312_BIH
2024-03-13,Gujarat,22.2587,71.1924,19.7,22.2,13.8,1010.0,63.8,OBS_20240313_GUJ
2024-03-13,Maharashtra,19.7515,75.7139,8.9,28.9,2.2,1010.4,57.8,OBS_20240313_MAH
2024-03-13,Kerala,10.8505,76.2711,10.6,24.1,20.2,1007.6,64.7,OBS_20240313_KER
2024-03-13,Rajasthan,27.0238,74.2179,0.0,23.8,8.4,1001.7,55.1,OBS_20240313_RAJ
2024-03-13,Odisha,20.9517,85.0985,0.0,25.8,11.2,1007.3,53.2,OBS_20240313_ODI
2024-03-13,Assam,26.2006,92.9376,1.4,26.2,8.8,1007.4,46.7,OBS_20240313_ASS
2024-03-13,Punjab,31.1471,75.3412,0.0,25.6,7.9,1006.7,63.8,OBS_20240313_PUN
2024-03-13,Tamil Nadu,11.1271,78.6569,0.0,23.8,13.5,1005.9,58.5,OBS_20240313_TAM
2024-03-13,Andhra Pradesh,15.9129,79.74,0.0,23.0,11.3,1005.0,70.6,OBS_20240313_AND
2024-03-13,West Bengal,22.9868,87.855,16.1,23.8,10.0,1006.0,50.8,OBS_20240313_WES
2024-03-13,Madhya Pradesh,22.9734,78.6569,26.5,25.6,20.2,1006.8,62.9,OBS_20240313_MAD
2024-03-13,Uttar Pradesh,26.8467,80.9462,10.8,25.9,8.7,1010.0,56.0,OBS_20240313_UTT
2024-03-13,Karnataka,15.3173,75.7139,0.0,26.7,9.4,1006.2,51.1,OBS_20240313_KAR
2024-03-13,Himachal Pradesh,31.1048,77.1734,4.9,21.8,11.5,1006.4,63.2,OBS_20240313_HIM
2024-03-13,Bihar,25.0961,85.3131,0.0,26.7,9.7,1006.0,44.9,OBS_20240313_BIH
2024-03-14,Gujarat,22.2587,71.1924,0.0,28.2,16.5,1008.4,49.0,OBS_20240314_GUJ
2024-03-14,Maharashtra,19.7515,75.7139,98.2,26.2,14.8,1003.9,60.2,OBS_20240314_MAH
2024-03-14,Kerala,10.8505,76.2711,13.3,23.7,14.4,1006.4,66.4,OBS_20240314_KER
2024-03-14,Rajasthan,27.0238,74.2179,1.5,28.6,13.6,1007.4,51.1,OBS_20240314_RAJ
2024-03-14,Odisha,20.9517,85.0985,0.0,25.0,8.4,1007.8,50.6,OBS_20240314_ODI
2024-03-14,Assam,26.2006,92.9376,4.9,29.3,11.8,1009.5,40.3,OBS_20240314_ASS
2024-03-14,Punjab,31.1471,75.3412,0.0,25.5,12.4,1002.8,52.5,OBS_20240314_PUN
2024-03-14,Tamil Nadu,11.1271,78.6569,0.6,28.2,9.0,1005.6,56.0,OBS_20240314_TAM
2024-03-14,Andhra Pradesh,15.9129,79.74,0.0,23.9,17.2,1004.7,48.0,OBS_20240314_AND
2024-03-14,West Bengal,22.9868,87.855,0.0,25.8,11.4,1009.2,61.0,OBS_20240314_WES
2024-03-14,Madhya Pradesh,22.9734,78.6569,0.0,20.9,6.8,1006.2,39.3,OBS_20240314_MAD
2024-03-14,Uttar Pradesh,26.8467,80.9462,0.0,26.4,13.0,1008.1,58.3,OBS_20240314_UTT
2024-03-14,Karnataka,15.3173,75.7139,22.6,23.5,8.5,1007.7,45.3,OBS_20240314_KAR
2024-03-14,Himachal Pradesh,31.1048,77.1734,0.0,23.4,13.6,1009.3,52.7,OBS_20240314_HIM
2024-03-14,Bihar,25.0961,85.3131,19.8,26.4,9.3,1005.1,66.5,OBS_20240314_BIH
2024-03-15,Gujarat,22.2587,71.1924,7.3,27.5,1.0,1009.8,43.9,OBS_20240315_GUJ
2024-03-15,Maharashtra,19.7515,75.7139,0.0,23.4,1.7,1003.1,51.6,OBS_20240315_MAH
2024-03-15,Kerala,10.8505,76.2711,0.0,26.9,13.5,1005.6,54.7,OBS_20240315_KER
2024-03-15,Rajasthan,27.0238,74.2179,10.8,26.3,10.8,1002.5,62.3,OBS_20240315_RAJ
2024-03-15,Odisha,20.9517,85.0985,15.3,22.6,9.5,1008.2,48.1,OBS_20240315_ODI
2024-03-15,Assam,26.2006,92.9376,0.0,22.1,21.1,1002.9,54.8,OBS_20240315_ASS
2024-03-15,Punjab,31.1471,75.3412,0.0,23.9,11.5,1002.2,61.5,OBS_20240315_PUN
2024-03-15,Tamil Nadu,11.1271,78.6569,5.8,27.3,8.4,1001.9,60.9,OBS_20240315_TAM
2024-03-15,Andhra Pradesh,15.9129,79.74,4.5,23.6,8.4,1001.7,46.2,OBS_20240315_AND
2024-03-15,West Bengal,22.9868,87.855,0.0,21.9,14.8,1003.4,51.3,OBS_20240315_WES
2024-03-15,Madhya Pradesh,22.9734,78.6569,0.0,24.8,12.3,1002.9,59.9,OBS_20240315_MAD
2024-03-15,Uttar Pradesh,26.8467,80.9462,8.3,22.8,11.7,1005.6,52.6,OBS_20240315_UTT
2024-03-15,Karnataka,15.3173,75.7139,0.9,24.0,15.9,1005.9,67.8,OBS_20240315_KAR
2024-03-15,Himachal Pradesh,31.1048,77.1734,9.0,28.6,17.0,1003.7,61.2,OBS_20240315_HIM
2024-03-15,Bihar,25.0961,85.3131,0.0,21.8,9.9,1002.4,55.5,OBS_20240315_BIH
2024-03-16,Gujarat,22.2587,71.1924,5.4,27.4,14.4,1007.2,39.6,OBS_20240316_GUJ
2024-03-16,Maharashtra,19.7515,75.7139,4.3,26.4,11.3,1010.0,53.6,OBS_20240316_MAH
2024-03-16,Kerala,10.8505,76.2711,22.0,28.0,12.9,1010.0,58.6,OBS_20240316_KER
2024-03-16,Rajasthan,27.0238,74.2179,0.0,26.0,12.2,1004.2,43.5,OBS_20240316_RAJ
2024-03-16,Odisha,20.9517,85.0985,0.0,25.4,7.7,1006.8,43.9,OBS_20240316_ODI
2024-03-16,Assam,26.2006,92.9376,3.1,24.5,13.7,1006.3,56.5,OBS_20240316_ASS
2024-03-16,Punjab,31.1471,75.3412,0.0,27.3,21.0,1008.6,64.4,OBS_20240316_PUN
2024-03-16,Tamil Nadu,11.1271,78.6569,10.3,22.1,8.1,1003.9,60.5,OBS_20240316_TAM
2024-03-16,Andhra Pradesh,15.9129,79.74,0.0,26.4,9.3,1008.3,60.8,OBS_20240316_AND
2024-03-16,West Bengal,22.9868,87.855,118.3,25.1,10.8,1011.0,53.4,OBS_20240316_WES
2024-03-16,Madhya Pradesh,22.9734,78.6569,0.0,24.5,9.2,1002.2,47.6,OBS_20240316_MAD
2024-03-16,Uttar Pradesh,26.8467,80.9462,0.0,26.3,16.2,1005.8,60.2,OBS_20240316_UTT
2024-03-16,Karnataka,15.3173,75.7139,0.0,24.6,18.9,1005.7,52.2,OBS_20240316_KAR
2024-03-16,Himachal Pradesh,31.1048,77.1734,8.2,25.7,11.3,1008.5,58.9,OBS_20240316_HIM
2024-03-16,Bihar,25.0961,85.3131,2.9,26.3,8.0,1007.9,49.9,OBS_20240316_BIH
2024-03-17,Gujarat,22.2587,71.1924,3.0,25.3,4.2,1007.3,59.6,OBS_20240317_GUJ
2024-03-17,Maharashtra,19.7515,75.7139,0.0,21.8,8.6,1006.1,57.9,OBS_20240317_MAH
2024-03-17,Kerala,10.8505,76.2711,7.5,24.0,15.0,1004.7,65.4,OBS_20240317_KER
2024-03-17,Rajasthan,27.0238,74.2179,0.0,21.2,12.2,1005.1,56.6,OBS_20240317_RAJ
2024-03-17,Odisha,20.9517,85.0985,0.0,24.5,11.3,1007.2,60.2,OBS_20240317_ODI
2024-03-17,Assam,26.2006,92.9376,0.0,24.3,15.4,1007.4,61.9,OBS_20240317_ASS
2024-03-17,Punjab,31.1471,75.3412,5.5,22.9,14.0,1008.2,46.6,OBS_20240317_PUN
2024-03-17,Tamil Nadu,11.1271,78.6569,12.0,27.8,6.3,1006.2,57.8,OBS_20240317_TAM
2024-03-17,Andhra Pradesh,15.9129,79.74,13.7,26.3,7.6,1011.1,61.2,OBS_20240317_AND
2024-03-17,West Bengal,22.9868,87.855,7.7,23.7,13.6,1006.7,55.5,OBS_20240317_WES
2024-03-17,Madhya Pradesh,22.9734,78.6569,2.6,27.1,9.1,1007.6,54.5,OBS_20240317_MAD
2024-03-17,Uttar Pradesh,26.8467,80.9462,0.0,25.9,16.4,1011.3,52.6,OBS_20240317_UTT
2024-03-17,Karnataka,15.3173,75.7139,0.0,25.3,8.8,1007.4,58.0,OBS_20240317_KAR
2024-03-17,Himachal Pradesh,31.1048,77.1734,0.0,25.7,10.6,1005.3,55.8,OBS_20240317_HIM
2024-03-17,Bihar,25.0961,85.3131,8.1,27.6,12.9,1003.8,57.2,OBS_20240317_BIH
2024-03-18,Gujarat,22.2587,71.1924,0.0,23.3,8.4,1002.3,47.1,OBS_20240318_GUJ
2024-03-18,Maharashtra,19.7515,75.7139,6.9,24.1,14.6,1008.1,63.3,OBS_20240318_MAH
2024-03-18,Kerala,10.8505,76.2711,20.6,23.7,6.5,1006.5,47.8,OBS_20240318_KER
2024-03-18,Rajasthan,27.0238,74.2179,0.0,27.2,10.5,1005.6,60.9,OBS_20240318_RAJ
2024-03-18,Odisha,20.9517,85.0985,0.5,26.4,6.2,1006.0,64.0,OBS_20240318_ODI
2024-03-18,Assam,26.2006,92.9376,0.0,27.6,12.7,1007.2,48.9,OBS_20240318_ASS
2024-03-18,Punjab,31.1471,75.3412,0.0,27.2,18.8,1003.2,49.3,OBS_20240318_PUN
2024-03-18,Tamil Nadu,11.1271,78.6569,0.0,27.0,6.9,1007.7,66.2,OBS_20240318_TAM
2024-03-18,Andhra Pradesh,15.9129,79.74,0.0,31.7,13.0,1006.6,56.4,OBS_20240318_AND
2024-03-18,West Bengal,22.9868,87.855,9.6,29.3,9.3,1007.9,54.0,OBS_20240318_WES
2024-03-18,Madhya Pradesh,22.9734,78.6569,13.1,26.8,18.1,1004.7,51.3,OBS_20240318_MAD
2024-03-18,Uttar Pradesh,26.8467,80.9462,6.1,21.9,10.0,1007.0,57.1,OBS_20240318_UTT
2024-03-18,Karnataka,15.3173,75.7139,2.7,26.3,16.2,1007.9,57.6,OBS_20240318_KAR
2024-03-18,Himachal Pradesh,31.1048,77.1734,6.0,28.2,18.5,1007.4,59.4,OBS_20240318_HIM
2024-03-18,Bihar,25.0961,85.3131,1.0,25.9,16.7,1010.4,48.4,OBS_20240318_BIH
2024-03-19,Gujarat,22.2587,71.1924,3.7,29.4,3.8,1010.9,54.4,OBS_20240319_GUJ
2024-03-19,Maharashtra,19.7515,75.7139,2.0,26.8,14.4,1005.8,50.3,OBS_20240319_MAH
2024-03-19,Kerala,10.8505,76.2711,2.1,28.4,10.5,1006.5,59.9,OBS_20240319_KER
2024-03-19,Rajasthan,27.0238,74.2179,4.1,28.9,14.5,1007.4,48.0,OBS_20240319_RAJ
2024-03-19,Odisha,20.9517,85.0985,11.8,22.1,10.1,1003.3,60.5,OBS_20240319_ODI
2024-03-19,Assam,26.2006,92.9376,0.0,25.1,16.7,1008.7,56.4,OBS_20240319_ASS
2024-03-19,Punjab,31.1471,75.3412,6.4,26.9,14.8,1007.3,47.0,OBS_20240319_PUN
2024-03-19,Tamil Nadu,11.1271,78.6569,6.1,28.1,11.7,1005.9,63.9,OBS_20240319_TAM
2024-03-19,Andhra Pradesh,15.9129,79.74,1.0,23.4,17.1,1003.3,47.9,OBS_20240319_AND
2024-03-19,West Bengal,22.9868,87.855,0.0,23.2,9.3,1004.8,50.0,OBS_20240319_WES
2024-03-19,Madhya Pradesh,22.9734,78.6569,5.1,25.0,16.1,1004.7,56.9,OBS_20240319_MAD
2024-03-19,Uttar Pradesh,26.8467,80.9462,8.8,25.7,8.1,1005.8,54.2,OBS_20240319_UTT
2024-03-19,Karnataka,15.3173,75.7139,0.3,26.3,11.3,1007.4,56.2,OBS_20240319_KAR
2024-03-19,Himachal Pradesh,31.1048,77.1734,0.0,24.9,5.8,1006.0,48.3,OBS_20240319_HIM
2024-03-19,Bihar,25.0961,85.3131,0.0,23.0,5.1,1004.0,43.4,OBS_20240319_BIH
2024-03-20,Gujarat,22.2587,71.1924,10.6,27.1,6.5,1006.0,54.3,OBS_20240320_GUJ
2024-03-20,Maharashtra,19.7515,75.7139,3.8,26.9,15.8,1006.2,52.0,OBS_20240320_MAH
2024-03-20,Kerala,10.8505,76.2711,8.7,26.0,10.1,1009.0,45.7,OBS_20240320_KER
2024-03-20,Rajasthan,27.0238,74.2179,3.5,27.5,6.1,1011.9,69.4,OBS_20240320_RAJ
2024-03-20,Odisha,20.9517,85.0985,0.0,23.0,7.5,1004.0,71.6,OBS_20240320_ODI
2024-03-20,Assam,26.2006,92.9376,0.0,27.1,10.1,1003.3,67.6,OBS_20240320_ASS
2024-03-20,Punjab,31.1471,75.3412,0.0,27.0,8.0,1000.6,56.7,OBS_20240320_PUN
2024-03-20,Tamil Nadu,11.1271,78.6569,18.3,23.3,18.9,1004.4,47.6,OBS_20240320_TAM
2024-03-20,Andhra Pradesh,15.9129,79.74,0.0,23.8,8.0,1006.7,49.3,OBS_20240320_AND
2024-03-20,West Bengal,22.9868,87.855,0.0,25.4,1.4,1009.9,57.9,OBS_20240320_WES
2024-03-20,Madhya Pradesh,22.9734,78.6569,0.0,24.7,13.4,1008.9,49.8,OBS_20240320_MAD
2024-03-20,Uttar Pradesh,26.8467,80.9462,0.0,26.3,11.2,1007.9,55.7,OBS_20240320_UTT
2024-03-20,Karnataka,15.3173,75.7139,3.6,25.3,5.8,1009.3,47.9,OBS_20240320_KAR
2024-03-20,Himachal Pradesh,31.1048,77.1734,5.3,20.6,8.9,1002.0,60.4,OBS_20240320_HIM
2024-03-20,Bihar,25.0961,85.3131,0.0,29.5,14.4,1007.2,44.6,OBS_20240320_BIH
2024-03-21,Gujarat,22.2587,71.1924,0.0,28.3,8.9,1003.7,49.1,OBS_20240321_GUJ
2024-03-21,Maharashtra,19.7515,75.7139,2.1,26.6,12.8,1003.3,45.2,OBS_20240321_MAH
2024-03-21,Kerala,10.8505,76.2711,25.4,25.0,13.5,1006.1,57.4,OBS_20240321_KER
2024-03-21,Rajasthan,27.0238,74.2179,8.8,27.7,11.4,1002.7,64.8,OBS_20240321_RAJ
2024-03-21,Odisha,20.9517,85.0985,0.0,27.7,7.4,1005.4,51.7,OBS_20240321_ODI
2024-03-21,Assam,26.2006,92.9376,5.0,24.3,10.9,1003.7,55.7,OBS_20240321_ASS
2024-03-21,Punjab,31.1471,75.3412,5.3,28.7,9.4,1002.8,56.3,OBS_20240321_PUN
2024-03-21,Tamil Nadu,11.1271,78.6569,0.0,23.6,9.8,1005.6,57.9,OBS_20240321_TAM
2024-03-21,Andhra Pradesh,15.9129,79.74,0.3,23.2,14.0,1007.2,54.4,OBS_20240321_AND
2024-03-21,West Bengal,22.9868,87.855,2.0,26.8,15.3,1006.1,55.7,OBS_20240321_WES
2024-03-21,Madhya Pradesh,22.9734,78.6569,0.0,26.4,17.2,1005.4,65.6,OBS_20240321_MAD
2024-03-21,Uttar Pradesh,26.8467,80.9462,0.0,24.7,12.2,1006.8,47.8,OBS_20240321_UTT
2024-03-21,Karnataka,15.3173,75.7139,4.4,25.4,13.7,1009.5,59.8,OBS_20240321_KAR
2024-03-21,Himachal Pradesh,31.1048,77.1734,35.1,24.7,15.9,1008.6,57.2,OBS_20240321_HIM
2024-03-21,Bihar,25.0961,85.3131,7.5,29.1,8.9,1008.6,53.7,OBS_20240321_BIH
2024-03-22,Gujarat,22.2587,71.1924,0.0,26.2,12.0,1009.9,64.0,OBS_20240322_GUJ
2024-03-22,Maharashtra,19.7515,75.7139,0.0,27.3,5.6,1005.0,55.0,OBS_20240322_MAH
2024-03-22,Kerala,10.8505,76.2711,2.7,24.9,13.0,1007.7,65.5,OBS_20240322_KER
2024-03-22,Rajasthan,27.0238,74.2179,6.8,27.5,16.5,1005.6,46.7,OBS_20240322_RAJ
2024-03-22,Odisha,20.9517,85.0985,0.0,22.8,15.2,1003.3,47.7,OBS_20240322_ODI
2024-03-22,Assam,26.2006,92.9376,0.0,27.9,2.6,1007.5,50.5,OBS_20240322_ASS
2024-03-22,Punjab,31.1471,75.3412,22.6,26.8,15.3,1004.8,53.1,OBS_20240322_PUN
2024-03-22,Tamil Nadu,11.1271,78.6569,0.0,24.3,14.7,1003.4,53.3,OBS_20240322_TAM
2024-03-22,Andhra Pradesh,15.9129,79.74,4.8,24.1,7.7,1007.9,54.1,OBS_20240322_AND
2024-03-22,West Bengal,22.9868,87.855,7.8,27.5,11.4,1006.3,44.8,OBS_20240322_WES
2024-03-22,Madhya Pradesh,22.9734,78.6569,0.0,24.3,7.6,1005.2,43.5,OBS_20240322_MAD
2024-03-22,Uttar Pradesh,26.8467,80.9462,0.0,22.0,4.8,1002.1,65.5,OBS_20240322_UTT
2024-03-22,Karnataka,15.3173,75.7139,13.3,26.7,5.2,1004.7,46.1,OBS_20240322_KAR
2024-03-22,Himachal Pradesh,31.1048,77.1734,0.0,28.2,12.1,1006.7,54.4,OBS_20240322_HIM
2024-03-22,Bihar,25.0961,85.3131,0.1,25.3,9.0,1008.5,59.2,OBS_20240322_BIH
2024-03-23,Gujarat,22.2587,71.1924,16.1,25.5,9.4,1005.9,47.6,OBS_20240323_GUJ
2024-03-23,Maharashtra,19.7515,75.7139,0.0,22.7,12.6,1004.2,64.8,OBS_20240323_MAH
2024-03-23,Kerala,10.8505,76.2711,4.7,28.1,20.9,1005.5,56.5,OBS_20240323_KER
2024-03-23,Rajasthan,27.0238,74.2179,4.5,24.4,2.6,1007.5,65.2,OBS_20240323_RAJ
2024-03-23,Odisha,20.9517,85.0985,0.0,21.8,11.5,1003.3,54.5,OBS_20240323_ODI
2024-03-23,Assam,26.2006,92.9376,0.0,23.8,7.7,1008.6,53.5,OBS_20240323_ASS
2024-03-23,Punjab,31.1471,75.3412,6.5,24.5,14.9,1004.8,65.8,OBS_20240323_PUN
2024-03-23,Tamil Nadu,11.1271,78.6569,0.0,26.6,11.2,1009.4,58.2,OBS_20240323_TAM
2024-03-23,Andhra Pradesh,15.9129,79.74,0.0,24.0,9.7,1006.1,49.9,OBS_20240323_AND
2024-03-23,West Bengal,22.9868,87.855,0.0,25.4,14.2,1003.8,77.5,OBS_20240323_WES
2024-03-23,Madhya Pradesh,22.9734,78.6569,0.0,30.2,16.0,1005.7,46.6,OBS_20240323_MAD
2024-03-23,Uttar Pradesh,26.8467,80.9462,0.0,21.7,6.5,1005.8,55.8,OBS_20240323_UTT
2024-03-23,Karnataka,15.3173,75.7139,0.0,25.0,12.5,1008.9,65.8,OBS_20240323_KAR
2024-03-23,Himachal Pradesh,31.1048,77.1734,11.7,24.2,5.9,1005.8,63.2,OBS_20240323_HIM
2024-03-23,Bihar,25.0961,85.3131,0.0,25.0,9.3,1007.1,56.3,OBS_20240323_BIH
2024-03-24,Gujarat,22.2587,71.1924,0.0,21.9,12.1,1005.9,48.8,OBS_20240324_GUJ
2024-03-24,Maharashtra,19.7515,75.7139,11.0,26.6,15.9,1002.1,67.3,OBS_20240324_MAH
2024-03-24,Kerala,10.8505,76.2711,0.0,24.3,11.0,1004.5,56.1,OBS_20240324_KER
2024-03-24,Rajasthan,27.0238,74.2179,0.0,25.7,12.5,1006.4,48.8,OBS_20240324_RAJ
2024-03-24,Odisha,20.9517,85.0985,0.0,26.8,9.0,1002.3,54.7,OBS_20240324_ODI
2024-03-24,Assam,26.2006,92.9376,0.0,25.1,12.9,1005.7,56.3,OBS_20240324_ASS
2024-03-24,Punjab,31.1471,75.3412,22.1,24.9,11.7,1010.3,68.2,OBS_20240324_PUN
2024-03-24,Tamil Nadu,11.1271,78.6569,1.7,27.9,14.1,1004.9,49.8,OBS_20240324_TAM
2024-03-24,Andhra Pradesh,15.9129,79.74,0.0,28.7,10.7,1007.6,66.7,OBS_20240324_AND
2024-03-24,West Bengal,22.9868,87.855,1.0,21.5,9.9,1005.6,57.6,OBS_20240324_WES
2024-03-24,Madhya Pradesh,22.9734,78.6569,18.0,24.8,9.5,1007.2,56.7,OBS_20240324_MAD
2024-03-24,Uttar Pradesh,26.8467,80.9462,0.0,25.8,17.1,1007.9,53.2,OBS_20240324_UTT
2024-03-24,Karnataka,15.3173,75.7139,0.0,28.7,9.1,1004.5,49.3,OBS_20240324_KAR
2024-03-24,Himachal Pradesh,31.1048,77.1734,18.7,23.3,10.7,1004.8,64.5,OBS_20240324_HIM
2024-03-24,Bihar,25.0961,85.3131,23.8,26.8,11.8,1008.4,59.9,OBS_20240324_BIH
2024-03-25,Gujarat,22.2587,71.1924,0.0,27.7,8.8,1006.0,63.1,OBS_20240325_GUJ
2024-03-25,Maharashtra,19.7515,75.7139,1.7,23.9,11.2,1007.7,59.2,OBS_20240325_MAH
2024-03-25,Kerala,10.8505,76.2711,6.7,26.8,6.3,1009.4,57.6,OBS_20240325_KER
2024-03-25,Rajasthan,27.0238,74.2179,13.1,23.1,15.4,1008.3,52.4,OBS_20240325_RAJ
2024-03-25,Odisha,20.9517,85.0985,6.9,27.9,17.6,1004.6,70.7,OBS_20240325_ODI
2024-03-25,Assam,26.2006,92.9376,0.0,27.3,16.5,1007.2,52.1,OBS_20240325_ASS
2024-03-25,Punjab,31.1471,75.3412,0.0,25.3,11.5,1006.5,61.7,OBS_20240325_PUN
2024-03-25,Tamil Nadu,11.1271,78.6569,0.0,30.4,15.0,1010.5,51.3,OBS_20240325_TAM
2024-03-25,Andhra Pradesh,15.9129,79.74,9.2,26.7,13.4,1003.7,43.9,OBS_20240325_AND
2024-03-25,West Bengal,22.9868,87.855,0.0,27.4,7.0,1006.1,54.1,OBS_20240325_WES
2024-03-25,Madhya Pradesh,22.9734,78.6569,0.0,26.7,11.7,1003.7,60.3,OBS_20240325_MAD
2024-03-25,Uttar Pradesh,26.8467,80.9462,0.0,27.8,13.9,1003.8,58.6,OBS_20240325_UTT
2024-03-25,Karnataka,15.3173,75.7139,5.3,29.2,20.4,1010.2,50.9,OBS_20240325_KAR
2024-03-25,Himachal Pradesh,31.1048,77.1734,0.0,31.8,10.7,1005.8,62.9,OBS_20240325_HIM
2024-03-25,Bihar,25.0961,85.3131,1.8,30.9,14.6,1004.8,42.8,OBS_20240325_BIH
2024-03-26,Gujarat,22.2587,71.1924,2.4,28.5,13.6,1009.1,57.5,OBS_20240326_GUJ
2024-03-26,Maharashtra,19.7515,75.7139,0.0,28.9,13.5,1005.5,45.0,OBS_20240326_MAH
2024-03-26,Kerala,10.8505,76.2711,1.1,26.0,11.0,1005.0,40.4,OBS_20240326_KER
2024-03-26,Rajasthan,27.0238,74.2179,7.1,27.5,21.4,1004.8,63.0,OBS_20240326_RAJ
2024-03-26,Odisha,20.9517,85.0985,0.0,27.0,12.1,1010.0,64.8,OBS_20240326_ODI
2024-03-26,Assam,26.2006,92.9376,18.1,23.7,5.1,1006.6,53.4,OBS_20240326_ASS
2024-03-26,Punjab,31.1471,75.3412,10.3,20.2,17.6,1004.1,52.5,OBS_20240326_PUN
2024-03-26,Tamil Nadu,11.1271,78.6569,0.4,25.9,13.1,1005.9,56.5,OBS_20240326_TAM
2024-03-26,Andhra Pradesh,15.9129,79.74,25.0,27.2,10.9,1003.9,47.1,OBS_20240326_AND
2024-03-26,West Bengal,22.9868,87.855,0.0,23.9,11.0,1005.2,59.7,OBS_20240326_WES
2024-03-26,Madhya Pradesh,22.9734,78.6569,8.9,25.6,12.9,1006.8,44.8,OBS_20240326_MAD
2024-03-26,Uttar Pradesh,26.8467,80.9462,0.0,24.0,17.3,1008.9,44.1,OBS_20240326_UTT
2024-03-26,Karnataka,15.3173,75.7139,0.0,25.2,5.6,1004.7,50.7,OBS_20240326_KAR
2024-03-26,Himachal Pradesh,31.1048,77.1734,0.6,21.8,12.0,1009.4,60.2,OBS_20240326_HIM
2024-03-26,Bihar,25.0961,85.3131,11.7,25.2,6.5,1006.7,50.5,OBS_20240326_BIH
2024-03-27,Gujarat,22.2587,71.1924,0.6,27.6,5.0,1007.6,55.3,OBS_20240327_GUJ
2024-03-27,Maharashtra,19.7515,75.7139,8.2,29.3,12.6,1008.7,68.3,OBS_20240327_MAH
2024-03-27,Kerala,10.8505,76.2711,10.9,27.3,11.5,1003.8,50.9,OBS_20240327_KER
2024-03-27,Rajasthan,27.0238,74.2179,6.1,31.4,15.9,1003.7,54.1,OBS_20240327_RAJ
2024-03-27,Odisha,20.9517,85.0985,3.3,23.1,11.0,1009.4,41.5,OBS_20240327_ODI
2024-03-27,Assam,26.2006,92.9376,41.1,28.3,15.7,1007.6,47.9,OBS_20240327_ASS
2024-03-27,Punjab,31.1471,75.3412,5.5,22.7,15.5,1001.0,59.7,OBS_20240327_PUN
2024-03-27,Tamil Nadu,11.1271,78.6569,3.2,23.5,18.6,1008.4,64.3,OBS_20240327_TAM
2024-03-27,Andhra Pradesh,15.9129,79.74,6.9,26.9,8.4,1003.2,53.7,OBS_20240327_AND
2024-03-27,West Bengal,22.9868,87.855,10.6,25.7,14.1,1009.3,63.4,OBS_20240327_WES
2024-03-27,Madhya Pradesh,22.9734,78.6569,123.9,26.8,7.5,1003.6,52.9,OBS_20240327_MAD
2024-03-27,Uttar Pradesh,26.8467,80.9462,2.3,23.9,9.4,1002.2,53.6,OBS_20240327_UTT
2024-03-27,Karnataka,15.3173,75.7139,0.0,28.0,9.1,1009.3,55.2,OBS_20240327_KAR
2024-03-27,Himachal Pradesh,31.1048,77.1734,13.7,28.3,8.2,1007.0,59.1,OBS_20240327_HIM
2024-03-27,Bihar,25.0961,85.3131,19.3,20.6,8.1,1006.7,59.3,OBS_20240327_BIH
2024-03-28,Gujarat,22.2587,71.1924,4.4,28.4,16.8,1005.2,56.4,OBS_20240328_GUJ
2024-03-28,Maharashtra,19.7515,75.7139,3.2,23.1,15.0,1006.8,54.3,OBS_20240328_MAH
2024-03-28,Kerala,10.8505,76.2711,0.0,25.9,5.5,1003.3,43.0,OBS_20240328_KER
2024-03-28,Rajasthan,27.0238,74.2179,0.9,28.2,2.2,1006.8,57.7,OBS_20240328_RAJ
2024-03-28,Odisha,20.9517,85.0985,0.0,29.5,10.0,1005.2,73.1,OBS_20240328_ODI
2024-03-28,Assam,26.2006,92.9376,0.0,22.7,8.4,1003.1,54.8,OBS_20240328_ASS
2024-03-28,Punjab,31.1471,75.3412,0.0,25.7,19.1,1002.6,50.7,OBS_20240328_PUN
2024-03-28,Tamil Nadu,11.1271,78.6569,0.0,30.6,18.0,1004.8,57.4,OBS_20240328_TAM
2024-03-28,Andhra Pradesh,15.9129,79.74,105.2,28.2,9.6,1006.6,53.6,OBS_20240328_AND
2024-03-28,West Bengal,22.9868,87.855,0.0,28.0,12.4,1005.9,59.2,OBS_20240328_WES
2024-03-28,Madhya Pradesh,22.9734,78.6569,0.0,26.3,25.0,1004.9,60.9,OBS_20240328_MAD
2024-03-28,Uttar Pradesh,26.8467,80.9462,16.0,24.7,8.1,1005.5,49.5,OBS_20240328_UTT
2024-03-28,Karnataka,15.3173,75.7139,0.0,27.6,11.0,1003.5,42.5,OBS_20240328_KAR
2024-03-28,Himachal Pradesh,31.1048,77.1734,20.1,23.3,14.2,1008.3,44.3,OBS_20240328_HIM
2024-03-28,Bihar,25.0961,85.3131,13.9,24.8,11.8,1006.6,56.9,OBS_20240328_BIH
2024-03-29,Gujarat,22.2587,71.1924,14.5,27.5,17.3,1006.8,53.6,OBS_20240329_GUJ
2024-03-29,Maharashtra,19.7515,75.7139,0.0,28.5,13.8,1005.7,55.2,OBS_20240329_MAH
2024-03-29,Kerala,10.8505,76.2711,18.4,26.6,13.8,1002.0,53.0,OBS_20240329_KER
2024-03-29,Rajasthan,27.0238,74.2179,0.0,27.5,14.0,1006.0,57.6,OBS_20240329_RAJ
2024-03-29,Odisha,20.9517,85.0985,0.0,26.3,13.2,1005.3,54.5,OBS_20240329_ODI
2024-03-29,Assam,26.2006,92.9376,0.0,28.5,9.4,1007.1,65.2,OBS_20240329_ASS
2024-03-29,Punjab,31.1471,75.3412,5.9,31.1,11.6,1008.2,48.8,OBS_20240329_PUN
2024-03-29,Tamil Nadu,11.1271,78.6569,0.0,24.8,13.2,1009.1,54.6,OBS_20240329_TAM
2024-03-29,Andhra Pradesh,15.9129,79.74,0.0,25.0,17.4,1008.5,63.4,OBS_20240329_AND
2024-03-29,West Bengal,22.9868,87.855,3.2,25.9,12.0,1003.5,60.2,OBS_20240329_WES
2024-03-29,Madhya Pradesh,22.9734,78.6569,9.5,28.0,12.3,1003.1,54.7,OBS_20240329_MAD
2024-03-29,Uttar Pradesh,26.8467,80.9462,0.0,24.5,15.5,1001.6,52.8,OBS_20240329_UTT
2024-03-29,Karnataka,15.3173,75.7139,0.0,28.1,5.6,1005.2,43.1,OBS_20240329_KAR
2024-03-29,Himachal Pradesh,31.1048,77.1734,5.7,26.0,13.4,1005.7,68.1,OBS_20240329_HIM
2024-03-29,Bihar,25.0961,85.3131,0.0,26.9,12.3,1008.6,50.1,OBS_20240329_BIH
2024-03-30,Gujarat,22.2587,71.1924,3.0,27.5,7.4,1005.9,66.2,OBS_20240330_GUJ
2024-03-30,Maharashtra,19.7515,75.7139,0.0,28.3,17.8,1009.9,59.3,OBS_20240330_MAH
2024-03-30,Kerala,10.8505,76.2711,21.5,25.8,6.7,1004.6,50.7,OBS_20240330_KER
2024-03-30,Rajasthan,27.0238,74.2179,0.0,27.9,10.8,1008.4,62.2,OBS_20240330_RAJ
2024-03-30,Odisha,20.9517,85.0985,0.0,32.6,8.0,1002.8,48.6,OBS_20240330_ODI
2024-03-30,Assam,26.2006,92.9376,0.0,26.2,9.5,1005.7,61.1,OBS_20240330_ASS
2024-03-30,Punjab,31.1471,75.3412,0.0,25.1,8.8,1007.4,58.6,OBS_20240330_PUN
2024-03-30,Tamil Nadu,11.1271,78.6569,5.4,26.7,14.8,1006.0,61.8,OBS_20240330_TAM
2024-03-30,Andhra Pradesh,15.9129,79.74,0.0,26.4,15.6,1007.3,65.5,OBS_20240330_AND
2024-03-30,West Bengal,22.9868,87.855,0.0,28.4,9.4,1008.6,54.4,OBS_20240330_WES
2024-03-30,Madhya Pradesh,22.9734,78.6569,8.5,26.4,8.4,1006.7,48.1,OBS_20240330_MAD
2024-03-30,Uttar Pradesh,26.8467,80.9462,0.6,30.6,7.4,1007.6,47.0,OBS_20240330_UTT
2024-03-30,Karnataka,15.3173,75.7139,8.3,29.6,18.1,1006.0,65.5,OBS_20240330_KAR
2024-03-30,Himachal Pradesh,31.1048,77.1734,0.0,27.9,14.0,1006.5,53.5,OBS_20240330_HIM
2024-03-30,Bihar,25.0961,85.3131,0.0,20.5,11.4,1004.2,48.9,OBS_20240330_BIH
2024-03-31,Gujarat,22.2587,71.1924,7.4,23.4,16.0,1008.1,49.9,OBS_20240331_GUJ
2024-03-31,Maharashtra,19.7515,75.7139,7.0,25.0,9.5,1006.5,71.1,OBS_20240331_MAH
2024-03-31,Kerala,10.8505,76.2711,1.3,27.5,7.5,1002.0,53.0,OBS_20240331_KER
2024-03-31,Rajasthan,27.0238,74.2179,0.0,30.5,14.0,1004.8,60.8,OBS_20240331_RAJ
2024-03-31,Odisha,20.9517,85.0985,13.5,28.3,15.8,1007.3,48.9,OBS_20240331_ODI
2024-03-31,Assam,26.2006,92.9376,0.0,27.1,9.9,1003.5,50.1,OBS_20240331_ASS
2024-03-31,Punjab,31.1471,75.3412,0.8,27.6,13.5,1005.5,55.8,OBS_20240331_PUN
2024-03-31,Tamil Nadu,11.1271,78.6569,5.0,26.3,11.4,1002.1,63.4,OBS_20240331_TAM
2024-03-31,Andhra Pradesh,15.9129,79.74,8.1,24.3,8.8,1008.4,48.9,OBS_20240331_AND
2024-03-31,West Bengal,22.9868,87.855,6.1,21.9,11.1,1006.0,42.5,OBS_20240331_WES
2024-03-31,Madhya Pradesh,22.9734,78.6569,0.0,21.2,9.1,1002.7,60.1,OBS_20240331_MAD
2024-03-31,Uttar Pradesh,26.8467,80.9462,0.0,26.1,10.9,1004.6,56.7,OBS_20240331_UTT
2024-03-31,Karnataka,15.3173,75.7139,5.1,23.1,13.8,1005.2,59.8,OBS_20240331_KAR
2024-03-31,Himachal Pradesh,31.1048,77.1734,7.6,25.8,16.3,1008.0,61.1,OBS_20240331_HIM
2024-03-31,Bihar,25.0961,85.3131,7.6,26.1,10.8,1006.7,60.4,OBS_20240331_BIH
2024-04-01,Gujarat,22.2587,71.1924,0.0,22.3,10.6,1008.3,60.3,OBS_20240401_GUJ
2024-04-01,Maharashtra,19.7515,75.7139,0.0,28.5,10.2,1002.3,44.2,OBS_20240401_MAH
2024-04-01,Kerala,10.8505,76.2711,0.0,26.7,14.3,1004.3,55.6,OBS_20240401_KER
2024-04-01,Rajasthan,27.0238,74.2179,0.4,26.9,12.3,1005.8,61.0,OBS_20240401_RAJ
2024-04-01,Odisha,20.9517,85.0985,12.7,23.1,12.2,1006.3,42.4,OBS_20240401_ODI
2024-04-01,Assam,26.2006,92.9376,0.0,27.7,7.6,1007.3,53.6,OBS_20240401_ASS
2024-04-01,Punjab,31.1471,75.3412,5.3,26.0,10.0,1005.7,55.4,OBS_20240401_PUN
2024-04-01,Tamil Nadu,11.1271,78.6569,7.7,32.7,15.3,1004.4,57.5,OBS_20240401_TAM
2024-04-01,Andhra Pradesh,15.9129,79.74,0.0,24.2,13.1,1008.6,48.4,OBS_20240401_AND
2024-04-01,West Bengal,22.9868,87.855,0.0,31.1,3.8,1008.4,60.0,OBS_20240401_WES
2024-04-01,Madhya Pradesh,22.9734,78.6569,0.0,27.1,15.1,1005.8,63.5,OBS_20240401_MAD
2024-04-01,Uttar Pradesh,26.8467,80.9462,2.8,27.4,6.6,1005.5,58.6,OBS_20240401_UTT
2024-04-01,Karnataka,15.3173,75.7139,0.0,30.6,6.9,1006.4,56.5,OBS_20240401_KAR
2024-04-01,Himachal Pradesh,31.1048,77.1734,0.0,26.1,13.8,1008.6,43.3,OBS_20240401_HIM
2024-04-01,Bihar,25.0961,85.3131,0.0,28.9,8.2,1006.4,60.9,OBS_20240401_BIH
2024-04-02,Gujarat,22.2587,71.1924,113.8,32.6,16.3,1006.2,55.0,OBS_20240402_GUJ
2024-04-02,Maharashtra,19.7515,75.7139,0.0,28.4,12.7,1005.6,42.0,OBS_20240402_MAH
2024-04-02,Kerala,10.8505,76.2711,3.0,25.5,9.9,1007.8,68.9,OBS_20240402_KER
2024-04-02,Rajasthan,27.0238,74.2179,9.6,25.0,11.1,1005.5,54.1,OBS_20240402_RAJ
2024-04-02,Odisha,20.9517,85.0985,7.0,29.0,14.7,1004.5,59.8,OBS_20240402_ODI
2024-04-02,Assam,26.2006,92.9376,6.4,27.8,9.8,1004.9,55.4,OBS_20240402_ASS
2024-04-02,Punjab,31.1471,75.3412,0.0,29.5,10.0,1006.7,53.3,OBS_20240402_PUN
2024-04-02,Tamil Nadu,11.1271,78.6569,1.2,29.3,13.1,1002.1,53.5,OBS_20240402_TAM
2024-04-02,Andhra Pradesh,15.9129,79.74,0.0,30.9,14.9,1004.1,70.4,OBS_20240402_AND
2024-04-02,West Bengal,22.9868,87.855,0.4,26.5,7.6,1005.1,56.1,OBS_20240402_WES
2024-04-02,Madhya Pradesh,22.9734,78.6569,7.4,27.5,14.2,1009.2,48.9,OBS_20240402_MAD
2024-04-02,Uttar Pradesh,26.8467,80.9462,0.0,25.6,12.0,1005.1,62.4,OBS_20240402_UTT
2024-04-02,Karnataka,15.3173,75.7139,0.0,26.1,5.9,1008.9,50.6,OBS_20240402_KAR
2024-04-02,Himachal Pradesh,31.1048,77.1734,1.1,21.7,15.3,1005.7,49.4,OBS_20240402_HIM
2024-04-02,Bihar,25.0961,85.3131,9.2,26.9,12.1,1005.6,59.2,OBS_20240402_BIH
2024-04-03,Gujarat,22.2587,71.1924,0.0,27.7,7.1,1008.7,52.2,OBS_20240403_GUJ
2024-04-03,Maharashtra,19.7515,75.7139,0.0,27.9,9.4,1007.6,57.6,OBS_20240403_MAH
2024-04-03,Kerala,10.8505,76.2711,26.0,27.5,11.3,1004.2,41.2,OBS_20240403_KER
2024-04-03,Rajasthan,27.0238,74.2179,0.0,26.4,11.8,1010.3,56.0,OBS_20240403_RAJ
2024-04-03,Odisha,20.9517,85.0985,17.8,28.6,11.3,1004.8,58.4,OBS_20240403_ODI
2024-04-03,Assam,26.2006,92.9376,7.9,24.1,1.0,1006.9,49.0,OBS_20240403_ASS
2024-04-03,Punjab,31.1471,75.3412,13.5,28.1,6.8,1004.4,54.0,OBS_20240403_PUN
2024-04-03,Tamil Nadu,11.1271,78.6569,0.0,26.2,20.9,1006.1,66.8,OBS_20240403_TAM
2024-04-03,Andhra Pradesh,15.9129,79.74,0.0,31.9,12.1,1005.4,64.6,OBS_20240403_AND
2024-04-03,West Bengal,22.9868,87.855,4.8,23.7,8.2,1007.4,65.9,OBS_20240403_WES
2024-04-03,Madhya Pradesh,22.9734,78.6569,2.4,25.7,9.9,1002.7,66.7,OBS_20240403_MAD
2024-04-03,Uttar Pradesh,26.8467,80.9462,0.0,23.0,15.8,1003.6,63.2,OBS_20240403_UTT
2024-04-03,Karnataka,15.3173,75.7139,8.3,26.8,8.7,1005.8,51.5,OBS_20240403_KAR
2024-04-03,Himachal Pradesh,31.1048,77.1734,0.0,27.0,21.4,1003.8,64.4,OBS_20240403_HIM
2024-04-03,Bihar,25.0961,85.3131,0.0,27.4,14.0,1005.6,54.8,OBS_20240403_BIH
2024-04-04,Gujarat,22.2587,71.1924,2.5,29.1,13.5,1005.8,54.1,OBS_20240404_GUJ
2024-04-04,Maharashtra,19.7515,75.7139,8.4,26.9,21.0,1006.4,47.5,OBS_20240404_MAH
2024-04-04,Kerala,10.8505,76.2711,0.0,28.4,4.2,1006.5,61.4,OBS_20240404_KER
2024-04-04,Rajasthan,27.0238,74.2179,0.0,24.2,15.3,1006.2,65.3,OBS_20240404_RAJ
2024-04-04,Odisha,20.9517,85.0985,0.0,27.1,10.9,1006.4,51.8,OBS_20240404_ODI
2024-04-04,Assam,26.2006,92.9376,10.7,26.4,12.7,1005.7,66.4,OBS_20240404_ASS
2024-04-04,Punjab,31.1471,75.3412,10.1,27.5,9.6,1002.2,54.4,OBS_20240404_PUN
2024-04-04,Tamil Nadu,11.1271,78.6569,12.4,29.4,10.6,1012.5,56.8,OBS_20240404_TAM
2024-04-04,Andhra Pradesh,15.9129,79.74,0.0,27.7,9.4,1003.9,64.4,OBS_20240404_AND
2024-04-04,West Bengal,22.9868,87.855,0.0,25.0,11.2,1005.0,62.7,OBS_20240404_WES
2024-04-04,Madhya Pradesh,22.9734,78.6569,9.8,27.8,6.8,1006.2,49.2,OBS_20240404_MAD
2024-04-04,Uttar Pradesh,26.8467,80.9462,7.8,27.4,13.9,1005.1,56.8,OBS_20240404_UTT
2024-04-04,Karnataka,15.3173,75.7139,0.0,28.8,17.1,1006.5,60.7,OBS_20240404_KAR
2024-04-04,Himachal Pradesh,31.1048,77.1734,11.2,26.2,5.6,1006.1,64.4,OBS_20240404_HIM
2024-04-04,Bihar,25.0961,85.3131,12.3,27.5,12.6,1002.1,66.2,OBS_20240404_BIH
2024-04-05,Gujarat,22.2587,71.1924,0.0,28.7,14.2,1007.1,60.5,OBS_20240405_GUJ
2024-04-05,Maharashtra,19.7515,75.7139,2.1,24.9,14.5,1002.9,45.1,OBS_20240405_MAH
2024-04-05,Kerala,10.8505,76.2711,5.5,27.7,13.7,1009.9,62.8,OBS_20240405_KER
2024-04-05,Rajasthan,27.0238,74.2179,23.1,24.6,15.6,1003.0,70.4,OBS_20240405_RAJ
2024-04-05,Odisha,20.9517,85.0985,0.0,28.1,15.5,1007.9,61.7,OBS_20240405_ODI
2024-04-05,Assam,26.2006,92.9376,0.0,33.9,11.1,1003.0,49.3,OBS_20240405_ASS
2024-04-05,Punjab,31.1471,75.3412,0.0,26.4,14.4,1005.5,51.2,OBS_20240405_PUN
2024-04-05,Tamil Nadu,11.1271,78.6569,0.0,27.1,15.1,1004.7,49.1,OBS_20240405_TAM
2024-04-05,Andhra Pradesh,15.9129,79.74,0.0,29.2,10.4,1005.6,47.5,OBS_20240405_AND
2024-04-05,West Bengal,22.9868,87.855,2.7,26.0,19.5,1004.8,54.5,OBS_20240405_WES
2024-04-05,Madhya Pradesh,22.9734,78.6569,0.0,29.3,13.3,1011.5,54.7,OBS_20240405_MAD
2024-04-05,Uttar Pradesh,26.8467,80.9462,0.0,30.8,11.6,1008.8,45.7,OBS_20240405_UTT
2024-04-05,Karnataka,15.3173,75.7139,8.9,24.8,14.8,1006.0,55.7,OBS_20240405_KAR
2024-04-05,Himachal Pradesh,31.1048,77.1734,12.1,24.4,10.4,1004.3,57.0,OBS_20240405_HIM
2024-04-05,Bihar,25.0961,85.3131,0.0,27.1,12.3,1004.5,51.1,OBS_20240405_BIH
2024-04-06,Gujarat,22.2587,71.1924,1.4,25.7,12.7,1005.9,49.7,OBS_20240406_GUJ
2024-04-06,Maharashtra,19.7515,75.7139,0.0,25.1,5.6,1006.6,44.7,OBS_20240406_MAH
2024-04-06,Kerala,10.8505,76.2711,6.7,25.2,4.6,1009.4,49.5,OBS_20240406_KER
2024-04-06,Rajasthan,27.0238,74.2179,7.8,22.1,12.3,1006.9,61.6,OBS_20240406_RAJ
2024-04-06,Odisha,20.9517,85.0985,5.6,23.5,9.9,1006.6,46.8,OBS_20240406_ODI
2024-04-06,Assam,26.2006,92.9376,0.5,27.1,10.4,1007.9,55.8,OBS_20240406_ASS
2024-04-06,Punjab,31.1471,75.3412,0.0,27.1,13.4,1004.5,52.5,OBS_20240406_PUN
2024-04-06,Tamil Nadu,11.1271,78.6569,4.5,25.6,12.0,1004.4,64.6,OBS_20240406_TAM
2024-04-06,Andhra Pradesh,15.9129,79.74,18.9,25.4,15.1,1000.8,47.0,OBS_20240406_AND
2024-04-06,West Bengal,22.9868,87.855,0.0,28.6,17.8,1005.6,56.4,OBS_20240406_WES
2024-04-06,Madhya Pradesh,22.9734,78.6569,5.5,30.1,7.8,1008.9,59.4,OBS_20240406_MAD
2024-04-06,Uttar Pradesh,26.8467,80.9462,0.0,25.4,19.5,1006.7,62.3,OBS_20240406_UTT
2024-04-06,Karnataka,15.3173,75.7139,3.6,24.1,4.7,1009.5,55.2,OBS_20240406_KAR
2024-04-06,Himachal Pradesh,31.1048,77.1734,0.0,25.8,4.8,1004.2,61.1,OBS_20240406_HIM
2024-04-06,Bihar,25.0961,85.3131,11.7,24.8,14.3,1005.3,54.7,OBS_20240406_BIH
2024-04-07,Gujarat,22.2587,71.1924,4.7,28.2,17.3,1007.5,66.5,OBS_20240407_GUJ
2024-04-07,Maharashtra,19.7515,75.7139,8.2,27.0,13.8,1004.4,59.3,OBS_20240407_MAH
2024-04-07,Kerala,10.8505,76.2711,21.9,27.9,17.8,1005.1,56.6,OBS_20240407_KER
2024-04-07,Rajasthan,27.0238,74.2179,10.8,28.7,15.7,1007.9,55.4,OBS_20240407_RAJ
2024-04-07,Odisha,20.9517,85.0985,7.9,29.4,12.8,1003.8,51.0,OBS_20240407_ODI
2024-04-07,Assam,26.2006,92.9376,0.0,25.7,12.7,1009.5,58.8,OBS_20240407_ASS
2024-04-07,Punjab,31.1471,75.3412,0.0,26.4,6.1,1004.4,54.2,OBS_20240407_PUN
2024-04-07,Tamil Nadu,11.1271,78.6569,6.7,24.2,9.9,1005.8,52.1,OBS_20240407_TAM
2024-04-07,Andhra Pradesh,15.9129,79.74,0.0,29.5,15.1,1002.7,51.1,OBS_20240407_AND
2024-04-07,West Bengal,22.9868,87.855,3.0,26.2,16.3,1009.6,68.8,OBS_20240407_WES
2024-04-07,Madhya Pradesh,22.9734,78.6569,3.6,28.6,14.0,1010.1,49.1,OBS_20240407_MAD
2024-04-07,Uttar Pradesh,26.8467,80.9462,0.0,30.5,13.1,1008.1,49.0,OBS_20240407_UTT
2024-04-07,Karnataka,15.3173,75.7139,0.0,26.4,5.8,1001.2,44.9,OBS_20240407_KAR
2024-04-07,Himachal Pradesh,31.1048,77.1734,0.0,27.3,10.3,1007.4,64.9,OBS_20240407_HIM
2024-04-07,Bihar,25.0961,85.3131,18.7,26.4,12.3,1004.9,53.9,OBS_20240407_BIH
2024-04-08,Gujarat,22.2587,71.1924,13.9,26.5,14.8,1003.5,48.3,OBS_20240408_GUJ
2024-04-08,Maharashtra,19.7515,75.7139,0.0,30.2,7.9,1005.1,57.4,OBS_20240408_MAH
2024-04-08,Kerala,10.8505,76.2711,4.9,29.0,9.3,1008.2,54.0,OBS_20240408_KER
2024-04-08,Rajasthan,27.0238,74.2179,10.9,27.1,17.1,1006.8,62.4,OBS_20240408_RAJ
2024-04-08,Odisha,20.9517,85.0985,0.0,25.7,3.3,1004.3,49.2,OBS_20240408_ODI
2024-04-08,Assam,26.2006,92.9376,13.2,27.7,7.0,1004.3,61.0,OBS_20240408_ASS
2024-04-08,Punjab,31.1471,75.3412,11.0,28.5,9.5,1007.9,58.9,OBS_20240408_PUN
2024-04-08,Tamil Nadu,11.1271,78.6569,0.0,27.0,12.5,1005.9,57.8,OBS_20240408_TAM
2024-04-08,Andhra Pradesh,15.9129,79.74,19.1,25.2,12.3,1005.8,52.3,OBS_20240408_AND
2024-04-08,West Bengal,22.9868,87.855,0.0,21.0,8.7,1005.7,64.1,OBS_20240408_WES
2024-04-08,Madhya Pradesh,22.9734,78.6569,0.0,27.6,12.4,1001.7,50.3,OBS_20240408_MAD
2024-04-08,Uttar Pradesh,26.8467,80.9462,0.0,33.7,9.4,1009.3,57.7,OBS_20240408_UTT
2024-04-08,Karnataka,15.3173,75.7139,0.0,28.5,16.9,1003.3,61.4,OBS_20240408_KAR
2024-04-08,Himachal Pradesh,31.1048,77.1734,6.6,27.1,13.4,1007.0,51.9,OBS_20240408_HIM
2024-04-08,Bihar,25.0961,85.3131,0.0,26.3,16.8,1008.0,43.9,OBS_20240408_BIH
2024-04-09,Gujarat,22.2587,71.1924,0.0,28.5,13.0,1007.0,60.5,OBS_20240409_GUJ
2024-04-09,Maharashtra,19.7515,75.7139,0.0,25.7,10.4,1004.4,64.7,OBS_20240409_MAH
2024-04-09,Kerala,10.8505,76.2711,0.0,28.6,1.7,1008.1,49.7,OBS_20240409_KER
2024-04-09,Rajasthan,27.0238,74.2179,0.0,26.6,10.7,1003.4,55.2,OBS_20240409_RAJ
2024-04-09,Odisha,20.9517,85.0985,13.2,31.0,10.1,1008.8,59.3,OBS_20240409_ODI
2024-04-09,Assam,26.2006,92.9376,12.9,26.6,13.6,1003.8,58.5,OBS_20240409_ASS
2024-04-09,Punjab,31.1471,75.3412,0.0,28.8,10.9,1010.4,62.2,OBS_20240409_PUN
2024-04-09,Tamil Nadu,11.1271,78.6569,25.0,23.4,14.4,1006.8,42.3,OBS_20240409_TAM
2024-04-09,Andhra Pradesh,15.9129,79.74,0.0,26.7,15.8,1006.9,50.8,OBS_20240409_AND
2024-04-09,West Bengal,22.9868,87.855,8.3,25.4,10.6,1005.4,46.6,OBS_20240409_WES
2024-04-09,Madhya Pradesh,22.9734,78.6569,6.2,30.5,12.7,1005.9,46.4,OBS_20240409_MAD
2024-04-09,Uttar Pradesh,26.8467,80.9462,5.7,28.5,11.9,1009.7,49.8,OBS_20240409_UTT
2024-04-09,Karnataka,15.3173,75.7139,13.4,27.2,6.0,1006.4,61.1,OBS_20240409_KAR
2024-04-09,Himachal Pradesh,31.1048,77.1734,0.0,31.5,17.0,1010.4,46.8,OBS_20240409_HIM
2024-04-09,Bihar,25.0961,85.3131,0.0,26.6,12.2,1006.1,54.6,OBS_20240409_BIH
2024-04-10,Gujarat,22.2587,71.1924,6.9,21.9,13.3,1003.4,57.4,OBS_20240410_GUJ
2024-04-10,Maharashtra,19.7515,75.7139,3.2,23.4,15.5,1006.6,50.7,OBS_20240410_MAH
2024-04-10,Kerala,10.8505,76.2711,16.2,27.9,16.1,1005.3,48.7,OBS_20240410_KER
2024-04-10,Rajasthan,27.0238,74.2179,0.0,24.1,16.6,1008.7,52.7,OBS_20240410_RAJ
2024-04-10,Odisha,20.9517,85.0985,1.2,30.8,1.0,1005.4,50.1,OBS_20240410_ODI
2024-04-10,Assam,26.2006,92.9376,0.0,29.6,9.5,1005.4,50.3,OBS_20240410_ASS
2024-04-10,Punjab,31.1471,75.3412,20.2,29.5,5.7,1005.9,55.8,OBS_20240410_PUN
2024-04-10,Tamil Nadu,11.1271,78.6569,0.0,26.6,14.4,1007.3,58.5,OBS_20240410_TAM
2024-04-10,Andhra Pradesh,15.9129,79.74,1.7,24.0,10.7,1005.6,46.5,OBS_20240410_AND
2024-04-10,West Bengal,22.9868,87.855,0.0,28.5,16.6,1006.8,48.7,OBS_20240410_WES
2024-04-10,Madhya Pradesh,22.9734,78.6569,0.0,27.4,13.5,1007.2,57.4,OBS_20240410_MAD
2024-04-10,Uttar Pradesh,26.8467,80.9462,15.1,28.2,12.9,1006.3,59.8,OBS_20240410_UTT
2024-04-10,Karnataka,15.3173,75.7139,0.0,21.5,5.7,1009.0,56.3,OBS_20240410_KAR
2024-04-10,Himachal Pradesh,31.1048,77.1734,7.4,25.9,7.0,1005.2,55.6,OBS_20240410_HIM
2024-04-10,Bihar,25.0961,85.3131,0.0,28.0,8.9,1008.7,62.2,OBS_20240410_BIH
2024-04-11,Gujarat,22.2587,71.1924,8.0,21.4,18.2,1002.7,61.0,OBS_20240411_GUJ
2024-04-11,Maharashtra,19.7515,75.7139,4.5,28.3,19.3,1003.1,51.9,OBS_20240411_MAH
2024-04-11,Kerala,10.8505,76.2711,4.3,28.4,14.8,1002.0,55.6,OBS_20240411_KER
2024-04-11,Rajasthan,27.0238,74.2179,20.1,26.9,16.7,1004.6,70.4,OBS_20240411_RAJ
2024-04-11,Odisha,20.9517,85.0985,0.0,29.8,20.7,1005.4,70.0,OBS_20240411_ODI
2024-04-11,Assam,26.2006,92.9376,9.6,27.2,23.4,1001.6,67.7,OBS_20240411_ASS
2024-04-11,Punjab,31.1471,75.3412,0.0,26.0,19.5,1006.0,50.2,OBS_20240411_PUN
2024-04-11,Tamil Nadu,11.1271,78.6569,19.2,26.9,14.7,1006.9,53.7,OBS_20240411_TAM
2024-04-11,Andhra Pradesh,15.9129,79.74,2.6,24.7,19.5,1001.4,69.0,OBS_20240411_AND
2024-04-11,West Bengal,22.9868,87.855,129.0,27.4,21.0,1000.6,63.0,OBS_20240411_WES
2024-04-11,Madhya Pradesh,22.9734,78.6569,0.0,27.0,18.5,1001.8,67.4,OBS_20240411_MAD
2024-04-11,Uttar Pradesh,26.8467,80.9462,0.0,24.2,18.5,998.6,62.9,OBS_20240411_UTT
2024-04-11,Karnataka,15.3173,75.7139,1.0,29.9,14.9,1002.3,60.7,OBS_20240411_KAR
2024-04-11,Himachal Pradesh,31.1048,77.1734,0.0,26.7,18.1,1004.0,71.8,OBS_20240411_HIM
2024-04-11,Bihar,25.0961,85.3131,0.0,23.1,12.3,998.5,70.8,OBS_20240411_BIH
2024-04-12,Gujarat,22.2587,71.1924,13.8,26.0,22.0,1001.3,48.7,OBS_20240412_GUJ
2024-04-12,Maharashtra,19.7515,75.7139,45.7,24.8,27.4,1005.8,58.2,OBS_20240412_MAH
2024-04-12,Kerala,10.8505,76.2711,19.4,26.8,20.3,1002.2,71.2,OBS_20240412_KER
2024-04-12,Rajasthan,27.0238,74.2179,13.2,24.8,22.6,1001.5,54.6,OBS_20240412_RAJ
2024-04-12,Odisha,20.9517,85.0985,0.0,21.6,11.8,1005.9,71.3,OBS_20240412_ODI
2024-04-12,Assam,26.2006,92.9376,2.9,24.2,22.1,1001.4,63.5,OBS_20240412_ASS
2024-04-12,Punjab,31.1471,75.3412,16.3,31.2,15.7,1002.2,64.8,OBS_20240412_PUN
2024-04-12,Tamil Nadu,11.1271,78.6569,8.8,29.7,9.4,1009.5,53.2,OBS_20240412_TAM
2024-04-12,Andhra Pradesh,15.9129,79.74,49.2,26.6,23.6,1004.3,71.5,OBS_20240412_AND
2024-04-12,West Bengal,22.9868,87.855,3.6,24.0,22.9,1003.8,60.1,OBS_20240412_WES
2024-04-12,Madhya Pradesh,22.9734,78.6569,106.6,24.1,14.4,1003.7,61.7,OBS_20240412_MAD
2024-04-12,Uttar Pradesh,26.8467,80.9462,14.3,28.2,22.7,1000.1,60.8,OBS_20240412_UTT
2024-04-12,Karnataka,15.3173,75.7139,0.0,22.4,19.7,1002.0,71.6,OBS_20240412_KAR
2024-04-12,Himachal Pradesh,31.1048,77.1734,30.9,24.7,16.6,1001.2,54.0,OBS_20240412_HIM
2024-04-12,Bihar,25.0961,85.3131,6.5,28.6,10.6,1005.7,57.9,OBS_20240412_BIH
2024-04-13,Gujarat,22.2587,71.1924,9.7,30.6,20.3,1001.3,68.3,OBS_20240413_GUJ
2024-04-13,Maharashtra,19.7515,75.7139,1.3,26.9,22.4,1000.5,57.2,OBS_20240413_MAH
2024-04-13,Kerala,10.8505,76.2711,1.2,27.3,19.3,1003.6,73.1,OBS_20240413_KER
2024-04-13,Rajasthan,27.0238,74.2179,0.0,27.8,20.3,1001.5,61.1,OBS_20240413_RAJ
2024-04-13,Odisha,20.9517,85.0985,0.0,27.4,21.0,1002.7,60.0,OBS_20240413_ODI
2024-04-13,Assam,26.2006,92.9376,66.6,24.1,20.1,999.9,71.4,OBS_20240413_ASS
2024-04-13,Punjab,31.1471,75.3412,0.0,29.4,23.5,1001.4,59.5,OBS_20240413_PUN
2024-04-13,Tamil Nadu,11.1271,78.6569,3.0,26.7,16.8,1008.6,47.4,OBS_20240413_TAM
2024-04-13,Andhra Pradesh,15.9129,79.74,95.3,26.2,18.1,1006.3,69.4,OBS_20240413_AND
2024-04-13,West Bengal,22.9868,87.855,0.5,23.7,15.4,1003.8,61.4,OBS_20240413_WES
2024-04-13,Madhya Pradesh,22.9734,78.6569,2.4,27.0,16.6,1004.7,61.5,OBS_20240413_MAD
2024-04-13,Uttar Pradesh,26.8467,80.9462,46.3,25.5,23.9,1002.9,66.6,OBS_20240413_UTT
2024-04-13,Karnataka,15.3173,75.7139,24.4,27.2,18.9,1003.2,68.2,OBS_20240413_KAR
2024-04-13,Himachal Pradesh,31.1048,77.1734,7.6,25.5,19.0,1003.7,68.2,OBS_20240413_HIM
2024-04-13,Bihar,25.0961,85.3131,31.5,25.8,23.4,999.7,73.3,OBS_20240413_BIH
2024-04-14,Gujarat,22.2587,71.1924,4.4,24.6,20.3,998.7,70.0,OBS_20240414_GUJ
2024-04-14,Maharashtra,19.7515,75.7139,0.0,26.8,22.4,1002.0,61.1,OBS_20240414_MAH
2024-04-14,Kerala,10.8505,76.2711,25.7,28.7,20.7,997.0,63.6,OBS_20240414_KER
2024-04-14,Rajasthan,27.0238,74.2179,2.4,25.2,17.5,1003.7,72.6,OBS_20240414_RAJ
2024-04-14,Odisha,20.9517,85.0985,7.7,26.0,16.4,1000.4,65.1,OBS_20240414_ODI
2024-04-14,Assam,26.2006,92.9376,15.3,26.9,18.0,1001.9,52.6,OBS_20240414_ASS
2024-04-14,Punjab,31.1471,75.3412,0.0,20.0,18.6,1005.3,76.0,OBS_20240414_PUN
2024-04-14,Tamil Nadu,11.1271,78.6569,0.0,29.5,15.0,1003.2,60.0,OBS_20240414_TAM
2024-04-14,Andhra Pradesh,15.9129,79.74,203.8,24.3,18.3,1003.9,45.4,OBS_20240414_AND
2024-04-14,West Bengal,22.9868,87.855,0.0,27.4,18.6,1001.3,54.1,OBS_20240414_WES
2024-04-14,Madhya Pradesh,22.9734,78.6569,0.0,23.1,24.1,1000.5,78.4,OBS_20240414_MAD
2024-04-14,Uttar Pradesh,26.8467,80.9462,4.4,26.2,15.0,1004.3,68.3,OBS_20240414_UTT
2024-04-14,Karnataka,15.3173,75.7139,25.5,27.8,22.1,1002.6,60.2,OBS_20240414_KAR
2024-04-14,Himachal Pradesh,31.1048,77.1734,0.0,27.1,25.9,1001.8,59.2,OBS_20240414_HIM
2024-04-14,Bihar,25.0961,85.3131,6.7,26.0,21.4,1000.7,65.2,OBS_20240414_BIH
2024-04-15,Gujarat,22.2587,71.1924,6.0,28.1,17.1,1003.4,57.8,OBS_20240415_GUJ
2024-04-15,Maharashtra,19.7515,75.7139,8.1,23.2,23.5,1003.4,69.0,OBS_20240415_MAH
2024-04-15,Kerala,10.8505,76.2711,16.1,25.2,17.6,1003.5,75.1,OBS_20240415_KER
2024-04-15,Rajasthan,27.0238,74.2179,0.0,29.5,18.2,1001.8,64.0,OBS_20240415_RAJ
2024-04-15,Odisha,20.9517,85.0985,11.3,29.5,15.9,1001.3,64.2,OBS_20240415_ODI
2024-04-15,Assam,26.2006,92.9376,0.0,26.4,16.1,1004.5,66.9,OBS_20240415_ASS
2024-04-15,Punjab,31.1471,75.3412,0.0,26.1,17.9,1005.2,65.4,OBS_20240415_PUN
2024-04-15,Tamil Nadu,11.1271,78.6569,14.8,29.3,10.1,1004.1,51.2,OBS_20240415_TAM
2024-04-15,Andhra Pradesh,15.9129,79.74,0.6,29.5,19.3,1001.5,71.1,OBS_20240415_AND
2024-04-15,West Bengal,22.9868,87.855,13.2,23.5,15.1,1002.0,66.3,OBS_20240415_WES
2024-04-15,Madhya Pradesh,22.9734,78.6569,0.0,27.5,12.6,998.3,69.5,OBS_20240415_MAD
2024-04-15,Uttar Pradesh,26.8467,80.9462,12.3,24.8,25.6,1000.8,64.3,OBS_20240415_UTT
2024-04-15,Karnataka,15.3173,75.7139,0.0,26.5,21.1,1005.1,64.3,OBS_20240415_KAR
2024-04-15,Himachal Pradesh,31.1048,77.1734,7.4,28.5,24.4,997.9,69.8,OBS_20240415_HIM
2024-04-15,Bihar,25.0961,85.3131,0.0,23.9,14.5,1004.3,61.0,OBS_20240415_BIH
2024-04-16,Gujarat,22.2587,71.1924,0.0,25.9,17.9,996.6,60.8,OBS_20240416_GUJ
2024-04-16,Maharashtra,19.7515,75.7139,14.3,30.5,19.5,1006.0,73.0,OBS_20240416_MAH
2024-04-16,Kerala,10.8505,76.2711,37.2,28.1,22.0,1003.5,63.6,OBS_20240416_KER
2024-04-16,Rajasthan,27.0238,74.2179,3.5,29.6,13.0,1005.7,65.6,OBS_20240416_RAJ
2024-04-16,Odisha,20.9517,85.0985,1.3,25.1,23.5,1004.7,67.8,OBS_20240416_ODI
2024-04-16,Assam,26.2006,92.9376,0.0,26.2,26.7,1003.1,65.2,OBS_20240416_ASS
2024-04-16,Punjab,31.1471,75.3412,21.9,24.5,18.6,1003.6,74.8,OBS_20240416_PUN
2024-04-16,Tamil Nadu,11.1271,78.6569,3.9,30.8,18.1,1000.5,59.5,OBS_20240416_TAM
2024-04-16,Andhra Pradesh,15.9129,79.74,0.0,24.0,16.4,1002.8,69.2,OBS_20240416_AND
2024-04-16,West Bengal,22.9868,87.855,0.0,26.7,22.0,1001.1,67.1,OBS_20240416_WES
2024-04-16,Madhya Pradesh,22.9734,78.6569,0.0,30.0,10.1,1003.0,66.0,OBS_20240416_MAD
2024-04-16,Uttar Pradesh,26.8467,80.9462,54.1,26.3,20.3,1007.9,60.1,OBS_20240416_UTT
2024-04-16,Karnataka,15.3173,75.7139,1.2,28.3,19.6,1003.7,71.1,OBS_20240416_KAR
2024-04-16,Himachal Pradesh,31.1048,77.1734,4.0,25.1,17.6,1004.0,64.8,OBS_20240416_HIM
2024-04-16,Bihar,25.0961,85.3131,3.2,24.1,14.5,1005.0,74.7,OBS_20240416_BIH
2024-04-17,Gujarat,22.2587,71.1924,0.0,27.6,24.3,1005.9,69.3,OBS_20240417_GUJ
2024-04-17,Maharashtra,19.7515,75.7139,20.6,26.8,18.1,1002.4,58.5,OBS_20240417_MAH
2024-04-17,Kerala,10.8505,76.2711,56.2,27.9,20.6,1000.6,56.6,OBS_20240417_KER
2024-04-17,Rajasthan,27.0238,74.2179,9.1,27.9,10.6,1003.5,64.6,OBS_20240417_RAJ
2024-04-17,Odisha,20.9517,85.0985,0.0,29.1,23.2,1003.7,62.1,OBS_20240417_ODI
2024-04-17,Assam,26.2006,92.9376,24.9,22.7,17.9,1004.9,63.2,OBS_20240417_ASS
2024-04-17,Punjab,31.1471,75.3412,48.6,24.3,12.8,1002.5,69.1,OBS_20240417_PUN
2024-04-17,Tamil Nadu,11.1271,78.6569,2.9,24.2,9.8,1004.5,57.5,OBS_20240417_TAM
2024-04-17,Andhra Pradesh,15.9129,79.74,54.9,26.4,24.3,1001.8,63.6,OBS_20240417_AND
2024-04-17,West Bengal,22.9868,87.855,0.0,28.2,17.8,1001.2,71.5,OBS_20240417_WES
2024-04-17,Madhya Pradesh,22.9734,78.6569,1.0,25.4,12.7,1003.3,57.6,OBS_20240417_MAD
2024-04-17,Uttar Pradesh,26.8467,80.9462,8.7,25.3,17.6,1002.1,62.1,OBS_20240417_UTT
2024-04-17,Karnataka,15.3173,75.7139,0.0,23.5,18.2,1004.0,61.4,OBS_20240417_KAR
2024-04-17,Himachal Pradesh,31.1048,77.1734,4.9,25.9,13.3,1005.7,63.6,OBS_20240417_HIM
2024-04-17,Bihar,25.0961,85.3131,0.0,30.5,14.4,999.3,69.8,OBS_20240417_BIH
2024-04-18,Gujarat,22.2587,71.1924,13.4,28.8,17.4,1002.2,71.4,OBS_20240418_GUJ
2024-04-18,Maharashtra,19.7515,75.7139,3.3,25.8,22.2,1004.5,62.0,OBS_20240418_MAH
2024-04-18,Kerala,10.8505,76.2711,0.1,30.3,19.2,1000.7,64.5,OBS_20240418_KER
2024-04-18,Rajasthan,27.0238,74.2179,0.0,27.8,18.5,1003.4,68.4,OBS_20240418_RAJ
2024-04-18,Odisha,20.9517,85.0985,9.7,28.4,13.1,1003.0,66.1,OBS_20240418_ODI
2024-04-18,Assam,26.2006,92.9376,85.8,29.3,8.9,999.4,71.8,OBS_20240418_ASS
2024-04-18,Punjab,31.1471,75.3412,11.4,29.9,22.6,998.2,48.8,OBS_20240418_PUN
2024-04-18,Tamil Nadu,11.1271,78.6569,2.6,32.1,7.6,1006.3,58.7,OBS_20240418_TAM
2024-04-18,Andhra Pradesh,15.9129,79.74,12.4,28.5,14.7,1005.6,76.1,OBS_20240418_AND
2024-04-18,West Bengal,22.9868,87.855,4.7,24.1,19.4,1005.4,63.5,OBS_20240418_WES
2024-04-18,Madhya Pradesh,22.9734,78.6569,16.6,28.4,16.2,1002.5,60.9,OBS_20240418_MAD
2024-04-18,Uttar Pradesh,26.8467,80.9462,0.0,26.7,16.8,1003.0,57.0,OBS_20240418_UTT
2024-04-18,Karnataka,15.3173,75.7139,0.0,28.4,18.4,1002.8,62.9,OBS_20240418_KAR
2024-04-18,Himachal Pradesh,31.1048,77.1734,10.0,27.2,10.6,1003.2,69.6,OBS_20240418_HIM
2024-04-18,Bihar,25.0961,85.3131,0.0,25.3,20.3,1006.0,76.4,OBS_20240418_BIH
2024-04-19,Gujarat,22.2587,71.1924,52.1,22.1,14.6,1001.8,61.1,OBS_20240419_GUJ
2024-04-19,Maharashtra,19.7515,75.7139,0.0,26.0,16.4,1003.9,60.6,OBS_20240419_MAH
2024-04-19,Kerala,10.8505,76.2711,0.0,22.6,16.8,1003.3,69.5,OBS_20240419_KER
2024-04-19,Rajasthan,27.0238,74.2179,9.5,23.3,16.7,1000.4,53.5,OBS_20240419_RAJ
2024-04-19,Odisha,20.9517,85.0985,0.0,26.2,20.2,1006.0,70.9,OBS_20240419_ODI
2024-04-19,Assam,26.2006,92.9376,0.0,24.6,20.4,1004.4,65.9,OBS_20240419_ASS
2024-04-19,Punjab,31.1471,75.3412,22.7,28.1,21.9,1001.7,62.0,OBS_20240419_PUN
2024-04-19,Tamil Nadu,11.1271,78.6569,3.7,28.4,16.4,1004.5,60.6,OBS_20240419_TAM
2024-04-19,Andhra Pradesh,15.9129,79.74,13.0,26.3,21.0,1005.1,60.6,OBS_20240419_AND
2024-04-19,West Bengal,22.9868,87.855,0.0,26.6,18.0,1004.7,62.3,OBS_20240419_WES
2024-04-19,Madhya Pradesh,22.9734,78.6569,6.0,26.8,17.2,1001.5,76.6,OBS_20240419_MAD
2024-04-19,Uttar Pradesh,26.8467,80.9462,0.0,28.6,23.9,1005.2,68.1,OBS_20240419_UTT
2024-04-19,Karnataka,15.3173,75.7139,28.1,31.4,20.0,1001.3,69.1,OBS_20240419_KAR
2024-04-19,Himachal Pradesh,31.1048,77.1734,66.4,25.3,14.6,1002.8,64.6,OBS_20240419_HIM
2024-04-19,Bihar,25.0961,85.3131,9.2,27.3,14.9,1002.3,56.3,OBS_20240419_BIH
2024-04-20,Gujarat,22.2587,71.1924,5.1,27.5,23.3,1001.6,63.9,OBS_20240420_GUJ
2024-04-20,Maharashtra,19.7515,75.7139,6.4,28.7,14.4,1000.8,63.8,OBS_20240420_MAH
2024-04-20,Kerala,10.8505,76.2711,30.9,25.1,20.8,1003.3,67.5,OBS_20240420_KER
2024-04-20,Rajasthan,27.0238,74.2179,0.0,27.4,18.7,1000.4,57.8,OBS_20240420_RAJ
2024-04-20,Odisha,20.9517,85.0985,45.4,24.4,16.9,1004.3,85.2,OBS_20240420_ODI
2024-04-20,Assam,26.2006,92.9376,0.0,29.1,22.0,1005.0,58.6,OBS_20240420_ASS
2024-04-20,Punjab,31.1471,75.3412,9.2,31.2,19.5,1002.8,73.5,OBS_20240420_PUN
2024-04-20,Tamil Nadu,11.1271,78.6569,8.6,28.6,10.7,1005.0,61.4,OBS_20240420_TAM
2024-04-20,Andhra Pradesh,15.9129,79.74,0.0,27.1,24.0,1001.4,67.6,OBS_20240420_AND
2024-04-20,West Bengal,22.9868,87.855,95.5,30.4,17.4,1003.9,65.4,OBS_20240420_WES
2024-04-20,Madhya Pradesh,22.9734,78.6569,7.3,25.5,18.2,1001.1,72.7,OBS_20240420_MAD
2024-04-20,Uttar Pradesh,26.8467,80.9462,0.0,28.1,23.5,1004.5,60.0,OBS_20240420_UTT
2024-04-20,Karnataka,15.3173,75.7139,34.9,28.5,20.6,998.4,55.0,OBS_20240420_KAR
2024-04-20,Himachal Pradesh,31.1048,77.1734,0.0,24.1,17.3,1000.6,59.6,OBS_20240420_HIM
2024-04-20,Bihar,25.0961,85.3131,0.0,26.7,16.5,1005.5,61.1,OBS_20240420_BIH
2024-04-21,Gujarat,22.2587,71.1924,1.2,23.5,16.2,1005.2,75.6,OBS_20240421_GUJ
2024-04-21,Maharashtra,19.7515,75.7139,0.0,27.9,18.4,1002.2,68.7,OBS_20240421_MAH
2024-04-21,Kerala,10.8505,76.2711,1.2,26.5,23.3,1001.5,75.3,OBS_20240421_KER
2024-04-21,Rajasthan,27.0238,74.2179,8.0,26.8,9.4,1004.9,65.5,OBS_20240421_RAJ
2024-04-21,Odisha,20.9517,85.0985,0.0,25.7,16.9,1002.6,65.0,OBS_20240421_ODI
2024-04-21,Assam,26.2006,92.9376,15.2,25.7,18.4,1000.7,69.1,OBS_20240421_ASS
2024-04-21,Punjab,31.1471,75.3412,12.0,27.7,15.6,1003.1,70.1,OBS_20240421_PUN
2024-04-21,Tamil Nadu,11.1271,78.6569,9.0,27.3,11.8,1003.6,41.1,OBS_20240421_TAM
2024-04-21,Andhra Pradesh,15.9129,79.74,0.0,24.6,17.4,1002.0,64.8,OBS_20240421_AND
2024-04-21,West Bengal,22.9868,87.855,5.7,28.9,24.8,1000.0,73.3,OBS_20240421_WES
2024-04-21,Madhya Pradesh,22.9734,78.6569,2.8,25.0,18.6,1001.3,74.7,OBS_20240421_MAD
2024-04-21,Uttar Pradesh,26.8467,80.9462,0.0,28.0,21.2,1004.6,50.8,OBS_20240421_UTT
2024-04-21,Karnataka,15.3173,75.7139,2.0,33.7,21.8,1002.2,64.6,OBS_20240421_KAR
2024-04-21,Himachal Pradesh,31.1048,77.1734,3.6,27.8,20.0,1004.6,75.2,OBS_20240421_HIM
2024-04-21,Bihar,25.0961,85.3131,3.5,27.6,12.5,1002.7,67.8,OBS_20240421_BIH
2024-04-22,Gujarat,22.2587,71.1924,0.0,26.3,22.1,998.6,69.1,OBS_20240422_GUJ
2024-04-22,Maharashtra,19.7515,75.7139,11.7,28.4,22.2,999.6,62.8,OBS_20240422_MAH
2024-04-22,Kerala,10.8505,76.2711,0.0,31.5,18.9,1001.3,63.2,OBS_20240422_KER
2024-04-22,Rajasthan,27.0238,74.2179,0.0,24.9,20.8,999.6,68.2,OBS_20240422_RAJ
2024-04-22,Odisha,20.9517,85.0985,154.9,27.1,12.0,1006.1,60.6,OBS_20240422_ODI
2024-04-22,Assam,26.2006,92.9376,4.0,28.3,18.8,1004.2,59.4,OBS_20240422_ASS
2024-04-22,Punjab,31.1471,75.3412,8.0,32.1,18.6,999.5,60.0,OBS_20240422_PUN
2024-04-22,Tamil Nadu,11.1271,78.6569,0.0,29.5,8.0,1003.8,52.5,OBS_20240422_TAM
2024-04-22,Andhra Pradesh,15.9129,79.74,4.9,26.5,21.6,996.9,60.8,OBS_20240422_AND
2024-04-22,West Bengal,22.9868,87.855,4.1,30.4,25.0,1000.4,71.4,OBS_20240422_WES
2024-04-22,Madhya Pradesh,22.9734,78.6569,43.1,25.1,20.2,999.8,67.7,OBS_20240422_MAD
2024-04-22,Uttar Pradesh,26.8467,80.9462,3.3,31.5,14.3,1004.0,59.7,OBS_20240422_UTT
2024-04-22,Karnataka,15.3173,75.7139,8.9,26.1,21.8,1000.4,68.7,OBS_20240422_KAR
2024-04-22,Himachal Pradesh,31.1048,77.1734,26.7,24.5,15.3,1004.5,72.3,OBS_20240422_HIM
2024-04-22,Bihar,25.0961,85.3131,34.4,26.5,23.4,1004.7,72.3,OBS_20240422_BIH
2024-04-23,Gujarat,22.2587,71.1924,12.0,26.8,18.3,1002.3,71.6,OBS_20240423_GUJ
2024-04-23,Maharashtra,19.7515,75.7139,8.1,29.7,22.6,1002.1,58.2,OBS_20240423_MAH
2024-04-23,Kerala,10.8505,76.2711,0.0,28.5,20.8,999.4,63.7,OBS_20240423_KER
2024-04-23,Rajasthan,27.0238,74.2179,0.0,28.8,19.7,1003.9,50.0,OBS_20240423_RAJ
2024-04-23,Odisha,20.9517,85.0985,21.3,25.7,17.2,999.0,76.1,OBS_20240423_ODI
2024-04-23,Assam,26.2006,92.9376,109.2,25.6,15.5,1002.7,67.3,OBS_20240423_ASS
2024-04-23,Punjab,31.1471,75.3412,0.0,23.9,12.4,1004.7,67.2,OBS_20240423_PUN
2024-04-23,Tamil Nadu,11.1271,78.6569,0.0,29.2,11.8,1004.9,65.3,OBS_20240423_TAM
2024-04-23,Andhra Pradesh,15.9129,79.74,5.4,26.3,15.4,1003.6,68.5,OBS_20240423_AND
2024-04-23,West Bengal,22.9868,87.855,43.5,27.2,19.4,1002.2,64.7,OBS_20240423_WES
2024-04-23,Madhya Pradesh,22.9734,78.6569,13.1,24.8,18.6,999.2,63.0,OBS_20240423_MAD
2024-04-23,Uttar Pradesh,26.8467,80.9462,0.0,27.9,17.0,1003.9,55.9,OBS_20240423_UTT
2024-04-23,Karnataka,15.3173,75.7139,92.2,27.1,15.9,1006.8,72.6,OBS_20240423_KAR
2024-04-23,Himachal Pradesh,31.1048,77.1734,17.2,28.2,17.1,999.6,63.6,OBS_20240423_HIM
2024-04-23,Bihar,25.0961,85.3131,89.0,27.3,13.9,1002.8,64.8,OBS_20240423_BIH
2024-04-24,Gujarat,22.2587,71.1924,5.5,26.6,21.0,1003.2,65.6,OBS_20240424_GUJ
2024-04-24,Maharashtra,19.7515,75.7139,0.0,26.0,8.8,1001.9,72.1,OBS_20240424_MAH
2024-04-24,Kerala,10.8505,76.2711,7.3,29.4,16.3,1003.9,73.1,OBS_20240424_KER
2024-04-24,Rajasthan,27.0238,74.2179,5.7,28.3,15.3,999.3,60.0,OBS_20240424_RAJ
2024-04-24,Odisha,20.9517,85.0985,20.5,25.7,15.2,1006.0,69.9,OBS_20240424_ODI
2024-04-24,Assam,26.2006,92.9376,172.1,27.3,16.9,1004.2,69.9,OBS_20240424_ASS
2024-04-24,Punjab,31.1471,75.3412,0.0,33.3,22.2,1000.5,52.8,OBS_20240424_PUN
2024-04-24,Tamil Nadu,11.1271,78.6569,5.6,28.1,4.3,1006.6,53.9,OBS_20240424_TAM
2024-04-24,Andhra Pradesh,15.9129,79.74,42.7,27.3,20.5,1004.7,68.7,OBS_20240424_AND
2024-04-24,West Bengal,22.9868,87.855,0.0,29.7,9.5,1000.8,67.8,OBS_20240424_WES
2024-04-24,Madhya Pradesh,22.9734,78.6569,18.8,25.9,14.6,1001.9,72.3,OBS_20240424_MAD
2024-04-24,Uttar Pradesh,26.8467,80.9462,0.0,26.9,19.4,1003.9,75.1,OBS_20240424_UTT
2024-04-24,Karnataka,15.3173,75.7139,0.0,25.5,20.5,1005.2,57.0,OBS_20240424_KAR
2024-04-24,Himachal Pradesh,31.1048,77.1734,0.0,25.3,14.5,1005.0,69.9,OBS_20240424_HIM
2024-04-24,Bihar,25.0961,85.3131,1.3,26.0,16.6,1005.1,62.8,OBS_20240424_BIH
2024-04-25,Gujarat,22.2587,71.1924,0.6,26.2,22.9,1003.1,56.9,OBS_20240425_GUJ
2024-04-25,Maharashtra,19.7515,75.7139,0.0,31.5,11.9,1005.6,69.5,OBS_20240425_MAH
2024-04-25,Kerala,10.8505,76.2711,2.7,26.6,16.9,1000.6,57.2,OBS_20240425_KER
2024-04-25,Rajasthan,27.0238,74.2179,0.0,25.1,12.1,1005.1,71.0,OBS_20240425_RAJ
2024-04-25,Odisha,20.9517,85.0985,0.8,26.0,23.5,1003.7,60.6,OBS_20240425_ODI
2024-04-25,Assam,26.2006,92.9376,0.0,25.3,25.4,1002.5,63.8,OBS_20240425_ASS
2024-04-25,Punjab,31.1471,75.3412,0.5,29.4,18.5,1001.4,58.9,OBS_20240425_PUN
2024-04-25,Tamil Nadu,11.1271,78.6569,4.2,25.8,16.4,1005.6,54.2,OBS_20240425_TAM
2024-04-25,Andhra Pradesh,15.9129,79.74,22.2,30.0,22.8,1001.9,71.5,OBS_20240425_AND
2024-04-25,West Bengal,22.9868,87.855,5.2,30.0,15.6,999.8,70.6,OBS_20240425_WES
2024-04-25,Madhya Pradesh,22.9734,78.6569,14.8,27.8,14.9,1003.5,68.1,OBS_20240425_MAD
2024-04-25,Uttar Pradesh,26.8467,80.9462,10.3,29.6,20.4,1005.4,64.0,OBS_20240425_UTT
2024-04-25,Karnataka,15.3173,75.7139,0.0,26.7,19.9,1003.5,64.5,OBS_20240425_KAR
2024-04-25,Himachal Pradesh,31.1048,77.1734,0.0,25.0,22.3,1003.9,71.3,OBS_20240425_HIM
2024-04-25,Bihar,25.0961,85.3131,1.8,28.5,15.9,1001.9,72.4,OBS_20240425_BIH
2024-04-26,Gujarat,22.2587,71.1924,0.0,29.3,24.2,1005.0,55.1,OBS_20240426_GUJ
2024-04-26,Maharashtra,19.7515,75.7139,13.8,29.5,18.5,1005.0,80.6,OBS_20240426_MAH
2024-04-26,Kerala,10.8505,76.2711,0.0,30.3,15.1,1001.3,67.9,OBS_20240426_KER
2024-04-26,Rajasthan,27.0238,74.2179,12.8,24.3,23.7,1003.8,67.0,OBS_20240426_RAJ
2024-04-26,Odisha,20.9517,85.0985,3.4,30.4,18.8,1004.3,59.1,OBS_20240426_ODI
2024-04-26,Assam,26.2006,92.9376,98.5,28.0,11.8,1004.2,81.5,OBS_20240426_ASS
2024-04-26,Punjab,31.1471,75.3412,27.1,26.5,14.4,1001.9,72.1,OBS_20240426_PUN
2024-04-26,Tamil Nadu,11.1271,78.6569,0.0,27.4,20.4,1007.3,61.5,OBS_20240426_TAM
2024-04-26,Andhra Pradesh,15.9129,79.74,0.0,29.2,12.1,1002.3,66.3,OBS_20240426_AND
2024-04-26,West Bengal,22.9868,87.855,0.0,29.9,16.9,999.2,62.4,OBS_20240426_WES
2024-04-26,Madhya Pradesh,22.9734,78.6569,29.8,28.5,21.4,1001.4,82.4,OBS_20240426_MAD
2024-04-26,Uttar Pradesh,26.8467,80.9462,0.0,29.8,17.9,1001.1,71.9,OBS_20240426_UTT
2024-04-26,Karnataka,15.3173,75.7139,5.0,22.6,12.1,1003.7,67.2,OBS_20240426_KAR
2024-04-26,Himachal Pradesh,31.1048,77.1734,31.4,31.5,22.9,1004.9,53.6,OBS_20240426_HIM
2024-04-26,Bihar,25.0961,85.3131,0.0,26.8,15.9,999.1,77.0,OBS_20240426_BIH
2024-04-27,Gujarat,22.2587,71.1924,0.0,28.2,8.7,1001.6,61.8,OBS_20240427_GUJ
2024-04-27,Maharashtra,19.7515,75.7139,0.0,29.5,22.4,1003.3,66.7,OBS_20240427_MAH
2024-04-27,Kerala,10.8505,76.2711,21.7,33.5,15.8,1004.1,66.0,OBS_20240427_KER
2024-04-27,Rajasthan,27.0238,74.2179,0.0,29.6,17.5,1002.0,71.3,OBS_20240427_RAJ
2024-04-27,Odisha,20.9517,85.0985,4.9,27.4,25.5,1005.5,59.6,OBS_20240427_ODI
2024-04-27,Assam,26.2006,92.9376,19.8,26.8,22.2,1003.8,58.2,OBS_20240427_ASS
2024-04-27,Punjab,31.1471,75.3412,0.0,24.9,15.2,1002.7,71.0,OBS_20240427_PUN
2024-04-27,Tamil Nadu,11.1271,78.6569,0.0,27.4,10.4,1003.1,55.6,OBS_20240427_TAM
2024-04-27,Andhra Pradesh,15.9129,79.74,11.0,29.9,19.6,996.8,60.5,OBS_20240427_AND
2024-04-27,West Bengal,22.9868,87.855,0.0,29.0,16.9,1004.7,68.2,OBS_20240427_WES
2024-04-27,Madhya Pradesh,22.9734,78.6569,4.3,32.0,16.4,1005.8,64.0,OBS_20240427_MAD
2024-04-27,Uttar Pradesh,26.8467,80.9462,11.7,27.8,13.1,1001.9,76.6,OBS_20240427_UTT
2024-04-27,Karnataka,15.3173,75.7139,0.0,26.7,20.8,999.7,72.1,OBS_20240427_KAR
2024-04-27,Himachal Pradesh,31.1048,77.1734,22.5,28.5,19.2,1001.6,59.9,OBS_20240427_HIM
2024-04-27,Bihar,25.0961,85.3131,5.3,26.9,22.6,1001.5,66.1,OBS_20240427_BIH
2024-04-28,Gujarat,22.2587,71.1924,0.0,26.8,23.3,1002.7,76.9,OBS_20240428_GUJ
2024-04-28,Maharashtra,19.7515,75.7139,0.0,25.6,23.0,1001.7,79.1,OBS_20240428_MAH
2024-04-28,Kerala,10.8505,76.2711,13.0,29.4,19.6,1002.8,75.6,OBS_20240428_KER
2024-04-28,Rajasthan,27.0238,74.2179,1.3,27.9,14.2,1004.7,63.1,OBS_20240428_RAJ
2024-04-28,Odisha,20.9517,85.0985,11.1,31.3,19.3,1006.0,72.8,OBS_20240428_ODI
2024-04-28,Assam,26.2006,92.9376,31.0,31.1,22.7,1000.1,80.4,OBS_20240428_ASS
2024-04-28,Punjab,31.1471,75.3412,15.7,30.6,21.6,1001.4,74.6,OBS_20240428_PUN
2024-04-28,Tamil Nadu,11.1271,78.6569,10.2,28.0,17.7,1007.3,63.2,OBS_20240428_TAM
2024-04-28,Andhra Pradesh,15.9129,79.74,2.3,28.0,20.9,1001.6,54.5,OBS_20240428_AND
2024-04-28,West Bengal,22.9868,87.855,3.3,27.3,19.8,1004.2,65.9,OBS_20240428_WES
2024-04-28,Madhya Pradesh,22.9734,78.6569,8.9,33.1,13.9,1002.3,68.1,OBS_20240428_MAD
2024-04-28,Uttar Pradesh,26.8467,80.9462,8.3,25.3,18.4,1000.6,58.4,OBS_20240428_UTT
2024-04-28,Karnataka,15.3173,75.7139,5.7,32.8,19.1,999.8,69.4,OBS_20240428_KAR
2024-04-28,Himachal Pradesh,31.1048,77.1734,0.0,24.4,16.9,1001.5,68.6,OBS_20240428_HIM
2024-04-28,Bihar,25.0961,85.3131,11.9,24.2,15.4,1004.3,73.2,OBS_20240428_BIH
2024-04-29,Gujarat,22.2587,71.1924,0.0,25.5,16.3,1000.9,59.9,OBS_20240429_GUJ
2024-04-29,Maharashtra,19.7515,75.7139,13.4,27.2,20.1,1001.6,60.1,OBS_20240429_MAH
2024-04-29,Kerala,10.8505,76.2711,7.3,28.1,18.3,1004.6,66.2,OBS_20240429_KER
2024-04-29,Rajasthan,27.0238,74.2179,10.8,31.6,19.4,1005.6,78.4,OBS_20240429_RAJ
2024-04-29,Odisha,20.9517,85.0985,3.1,25.7,16.0,1002.9,57.4,OBS_20240429_ODI
2024-04-29,Assam,26.2006,92.9376,0.0,29.7,12.6,1004.2,62.6,OBS_20240429_ASS
2024-04-29,Punjab,31.1471,75.3412,9.4,30.0,21.7,1003.5,63.9,OBS_20240429_PUN
2024-04-29,Tamil Nadu,11.1271,78.6569,0.0,27.5,10.8,1006.0,68.7,OBS_20240429_TAM
2024-04-29,Andhra Pradesh,15.9129,79.74,0.0,26.0,16.0,1001.5,82.3,OBS_20240429_AND
2024-04-29,West Bengal,22.9868,87.855,3.1,27.8,13.7,1003.3,62.5,OBS_20240429_WES
2024-04-29,Madhya Pradesh,22.9734,78.6569,5.5,26.3,17.6,1004.3,67.8,OBS_20240429_MAD
2024-04-29,Uttar Pradesh,26.8467,80.9462,9.3,29.1,10.4,1004.2,80.0,OBS_20240429_UTT
2024-04-29,Karnataka,15.3173,75.7139,124.8,30.0,30.5,1005.4,66.2,OBS_20240429_KAR
2024-04-29,Himachal Pradesh,31.1048,77.1734,7.3,27.2,20.1,1003.0,63.9,OBS_20240429_HIM
2024-04-29,Bihar,25.0961,85.3131,8.4,29.3,22.5,1004.3,63.8,OBS_20240429_BIH
2024-04-30,Gujarat,22.2587,71.1924,17.3,23.5,24.3,1001.7,57.3,OBS_20240430_GUJ
2024-04-30,Maharashtra,19.7515,75.7139,11.1,31.7,22.1,1003.0,41.2,OBS_20240430_MAH
2024-04-30,Kerala,10.8505,76.2711,0.0,27.6,17.9,999.6,61.3,OBS_20240430_KER
2024-04-30,Rajasthan,27.0238,74.2179,126.9,28.5,16.1,1005.1,58.8,OBS_20240430_RAJ
2024-04-30,Odisha,20.9517,85.0985,8.9,30.1,20.0,1004.1,66.4,OBS_20240430_ODI
2024-04-30,Assam,26.2006,92.9376,0.0,28.6,22.1,998.5,66.7,OBS_20240430_ASS
2024-04-30,Punjab,31.1471,75.3412,21.1,28.2,19.3,999.0,74.8,OBS_20240430_PUN
2024-04-30,Tamil Nadu,11.1271,78.6569,0.0,29.4,17.1,1002.4,58.9,OBS_20240430_TAM
2024-04-30,Andhra Pradesh,15.9129,79.74,0.0,27.7,17.5,1004.8,67.7,OBS_20240430_AND
2024-04-30,West Bengal,22.9868,87.855,10.0,29.3,19.8,1004.9,66.2,OBS_20240430_WES
2024-04-30,Madhya Pradesh,22.9734,78.6569,8.8,29.8,20.4,999.0,73.8,OBS_20240430_MAD
2024-04-30,Uttar Pradesh,26.8467,80.9462,38.2,32.7,10.6,1002.7,63.8,OBS_20240430_UTT
2024-04-30,Karnataka,15.3173,75.7139,8.7,26.6,23.0,1005.7,50.9,OBS_20240430_KAR
2024-04-30,Himachal Pradesh,31.1048,77.1734,0.8,26.5,20.0,1001.9,59.2,OBS_20240430_HIM
2024-04-30,Bihar,25.0961,85.3131,1.0,27.6,7.8,1002.8,64.8,OBS_20240430_BIH
2024-05-01,Gujarat,22.2587,71.1924,0.0,28.6,17.9,1003.2,70.4,OBS_20240501_GUJ
2024-05-01,Maharashtra,19.7515,75.7139,21.5,29.2,19.0,1000.3,65.8,OBS_20240501_MAH
2024-05-01,Kerala,10.8505,76.2711,2.7,24.5,19.3,1002.6,53.3,OBS_20240501_KER
2024-05-01,Rajasthan,27.0238,74.2179,112.0,27.3,27.4,1002.7,66.7,OBS_20240501_RAJ
2024-05-01,Odisha,20.9517,85.0985,93.8,30.6,17.2,1002.7,73.0,OBS_20240501_ODI
2024-05-01,Assam,26.2006,92.9376,111.8,27.2,19.7,1004.4,64.5,OBS_20240501_ASS
2024-05-01,Punjab,31.1471,75.3412,8.9,28.7,20.2,1005.1,61.5,OBS_20240501_PUN
2024-05-01,Tamil Nadu,11.1271,78.6569,4.6,30.0,13.7,1003.8,52.9,OBS_20240501_TAM
2024-05-01,Andhra Pradesh,15.9129,79.74,0.0,26.0,20.1,1001.9,58.4,OBS_20240501_AND
2024-05-01,West Bengal,22.9868,87.855,22.8,27.9,24.1,1002.8,71.5,OBS_20240501_WES
2024-05-01,Madhya Pradesh,22.9734,78.6569,2.1,29.6,17.0,998.4,62.2,OBS_20240501_MAD
2024-05-01,Uttar Pradesh,26.8467,80.9462,0.0,33.5,22.2,1002.7,70.0,OBS_20240501_UTT
2024-05-01,Karnataka,15.3173,75.7139,7.9,27.3,23.2,1001.3,66.4,OBS_20240501_KAR
2024-05-01,Himachal Pradesh,31.1048,77.1734,0.0,28.7,20.4,1002.4,64.1,OBS_20240501_HIM
2024-05-01,Bihar,25.0961,85.3131,7.5,29.4,21.0,1002.9,69.2,OBS_20240501_BIH
2024-05-02,Gujarat,22.2587,71.1924,11.4,28.1,23.5,1001.2,69.8,OBS_20240502_GUJ
2024-05-02,Maharashtra,19.7515,75.7139,0.0,31.2,16.3,1002.7,65.7,OBS_20240502_MAH
2024-05-02,Kerala,10.8505,76.2711,6.1,28.1,19.9,1002.2,69.6,OBS_20240502_KER
2024-05-02,Rajasthan,27.0238,74.2179,0.0,28.5,17.4,998.9,76.7,OBS_20240502_RAJ
2024-05-02,Odisha,20.9517,85.0985,0.0,28.6,21.3,1000.3,72.1,OBS_20240502_ODI
2024-05-02,Assam,26.2006,92.9376,108.6,27.9,22.9,1003.0,64.6,OBS_20240502_ASS
2024-05-02,Punjab,31.1471,75.3412,14.9,28.5,21.5,1002.7,63.2,OBS_20240502_PUN
2024-05-02,Tamil Nadu,11.1271,78.6569,0.0,29.5,18.0,1006.7,43.5,OBS_20240502_TAM
2024-05-02,Andhra Pradesh,15.9129,79.74,4.1,27.5,21.0,1000.9,71.4,OBS_20240502_AND
2024-05-02,West Bengal,22.9868,87.855,8.1,28.5,9.8,1004.4,73.4,OBS_20240502_WES
2024-05-02,Madhya Pradesh,22.9734,78.6569,1.1,30.4,28.1,998.5,66.8,OBS_20240502_MAD
2024-05-02,Uttar Pradesh,26.8467,80.9462,22.9,27.3,19.6,1002.5,61.8,OBS_20240502_UTT
2024-05-02,Karnataka,15.3173,75.7139,0.0,28.1,18.9,999.6,75.9,OBS_20240502_KAR
2024-05-02,Himachal Pradesh,31.1048,77.1734,0.0,26.8,10.5,1002.0,65.0,OBS_20240502_HIM
2024-05-02,Bihar,25.0961,85.3131,0.0,29.7,19.6,1001.5,56.5,OBS_20240502_BIH
2024-05-03,Gujarat,22.2587,71.1924,15.6,27.0,17.8,1002.7,69.7,OBS_20240503_GUJ
2024-05-03,Maharashtra,19.7515,75.7139,7.0,32.1,15.4,1004.6,59.9,OBS_20240503_MAH
2024-05-03,Kerala,10.8505,76.2711,12.1,25.2,17.2,1003.2,66.2,OBS_20240503_KER
2024-05-03,Rajasthan,27.0238,74.2179,0.0,29.4,19.2,1002.1,67.4,OBS_20240503_RAJ
2024-05-03,Odisha,20.9517,85.0985,0.0,31.0,18.2,1002.7,73.3,OBS_20240503_ODI
2024-05-03,Assam,26.2006,92.9376,199.4,27.0,20.9,998.9,59.5,OBS_20240503_ASS
2024-05-03,Punjab,31.1471,75.3412,18.7,25.5,19.0,1002.7,69.6,OBS_20240503_PUN
2024-05-03,Tamil Nadu,11.1271,78.6569,11.4,30.0,16.4,1007.3,49.5,OBS_20240503_TAM
2024-05-03,Andhra Pradesh,15.9129,79.74,1.0,30.1,16.7,1002.8,62.7,OBS_20240503_AND
2024-05-03,West Bengal,22.9868,87.855,6.4,30.3,26.8,1003.0,56.0,OBS_20240503_WES
2024-05-03,Madhya Pradesh,22.9734,78.6569,0.0,30.6,17.5,1002.3,60.3,OBS_20240503_MAD
2024-05-03,Uttar Pradesh,26.8467,80.9462,22.1,31.9,26.7,1002.2,86.2,OBS_20240503_UTT
2024-05-03,Karnataka,15.3173,75.7139,0.0,24.3,22.7,1001.9,76.8,OBS_20240503_KAR
2024-05-03,Himachal Pradesh,31.1048,77.1734,0.0,26.8,15.6,1004.3,72.0,OBS_20240503_HIM
2024-05-03,Bihar,25.0961,85.3131,21.1,23.6,24.3,1002.0,68.2,OBS_20240503_BIH
2024-05-04,Gujarat,22.2587,71.1924,0.0,28.5,15.3,1004.0,65.1,OBS_20240504_GUJ
2024-05-04,Maharashtra,19.7515,75.7139,109.6,29.6,19.9,1002.2,67.3,OBS_20240504_MAH
2024-05-04,Kerala,10.8505,76.2711,8.1,30.8,23.1,1005.8,78.9,OBS_20240504_KER
2024-05-04,Rajasthan,27.0238,74.2179,1.2,25.4,14.8,1004.6,68.3,OBS_20240504_RAJ
2024-05-04,Odisha,20.9517,85.0985,0.0,31.0,18.8,1001.9,56.6,OBS_20240504_ODI
2024-05-04,Assam,26.2006,92.9376,104.4,32.0,27.1,1003.4,63.7,OBS_20240504_ASS
2024-05-04,Punjab,31.1471,75.3412,10.2,30.0,9.7,1004.8,72.8,OBS_20240504_PUN
2024-05-04,Tamil Nadu,11.1271,78.6569,3.3,28.1,14.7,1004.3,53.0,OBS_20240504_TAM
2024-05-04,Andhra Pradesh,15.9129,79.74,8.0,27.8,20.0,1004.8,68.7,OBS_20240504_AND
2024-05-04,West Bengal,22.9868,87.855,4.7,31.4,15.3,1003.9,65.3,OBS_20240504_WES
2024-05-04,Madhya Pradesh,22.9734,78.6569,0.0,29.1,15.5,1003.7,73.7,OBS_20240504_MAD
2024-05-04,Uttar Pradesh,26.8467,80.9462,0.0,27.8,11.7,1003.4,69.3,OBS_20240504_UTT
2024-05-04,Karnataka,15.3173,75.7139,8.0,28.7,16.0,1006.2,65.6,OBS_20240504_KAR
2024-05-04,Himachal Pradesh,31.1048,77.1734,0.0,23.7,11.4,1003.7,56.9,OBS_20240504_HIM
2024-05-04,Bihar,25.0961,85.3131,4.3,28.3,19.3,998.9,75.9,OBS_20240504_BIH
2024-05-05,Gujarat,22.2587,71.1924,6.2,23.0,17.5,1001.1,53.7,OBS_20240505_GUJ
2024-05-05,Maharashtra,19.7515,75.7139,7.2,27.7,22.3,999.3,51.8,OBS_20240505_MAH
2024-05-05,Kerala,10.8505,76.2711,9.2,25.2,22.2,1005.7,61.2,OBS_20240505_KER
2024-05-05,Rajasthan,27.0238,74.2179,0.0,26.3,25.9,1004.7,54.2,OBS_20240505_RAJ
2024-05-05,Odisha,20.9517,85.0985,0.0,29.1,18.0,1002.0,59.1,OBS_20240505_ODI
2024-05-05,Assam,26.2006,92.9376,10.3,29.9,22.5,1002.3,58.9,OBS_20240505_ASS
2024-05-05,Punjab,31.1471,75.3412,24.5,27.6,24.4,999.9,59.9,OBS_20240505_PUN
2024-05-05,Tamil Nadu,11.1271,78.6569,83.8,29.5,17.4,1007.6,66.0,OBS_20240505_TAM
2024-05-05,Andhra Pradesh,15.9129,79.74,8.5,29.2,27.7,999.7,65.7,OBS_20240505_AND
2024-05-05,West Bengal,22.9868,87.855,0.0,25.0,21.0,1003.8,61.7,OBS_20240505_WES
2024-05-05,Madhya Pradesh,22.9734,78.6569,0.0,27.4,13.6,1001.5,67.7,OBS_20240505_MAD
2024-05-05,Uttar Pradesh,26.8467,80.9462,0.0,28.1,17.9,1003.3,65.4,OBS_20240505_UTT
2024-05-05,Karnataka,15.3173,75.7139,0.0,25.0,19.8,1006.1,77.4,OBS_20240505_KAR
2024-05-05,Himachal Pradesh,31.1048,77.1734,31.4,25.1,8.9,1004.7,57.3,OBS_20240505_HIM
2024-05-05,Bihar,25.0961,85.3131,0.0,28.5,17.6,1003.4,77.3,OBS_20240505_BIH
2024-05-06,Gujarat,22.2587,71.1924,4.4,25.6,19.8,1000.3,73.2,OBS_20240506_GUJ
2024-05-06,Maharashtra,19.7515,75.7139,0.0,29.4,26.1,1003.1,70.6,OBS_20240506_MAH
2024-05-06,Kerala,10.8505,76.2711,64.0,28.2,18.4,999.0,76.8,OBS_20240506_KER
2024-05-06,Rajasthan,27.0238,74.2179,0.0,27.2,30.6,1001.8,72.0,OBS_20240506_RAJ
2024-05-06,Odisha,20.9517,85.0985,0.0,29.6,13.4,1001.4,57.1,OBS_20240506_ODI
2024-05-06,Assam,26.2006,92.9376,4.8,27.2,22.8,1003.9,67.6,OBS_20240506_ASS
2024-05-06,Punjab,31.1471,75.3412,0.0,27.5,21.7,1004.0,70.9,OBS_20240506_PUN
2024-05-06,Tamil Nadu,11.1271,78.6569,3.6,32.2,9.6,1007.4,39.7,OBS_20240506_TAM
2024-05-06,Andhra Pradesh,15.9129,79.74,88.3,29.9,27.7,1000.6,62.6,OBS_20240506_AND
2024-05-06,West Bengal,22.9868,87.855,0.0,28.6,18.2,1003.0,63.8,OBS_20240506_WES
2024-05-06,Madhya Pradesh,22.9734,78.6569,0.0,30.4,19.4,997.9,66.0,OBS_20240506_MAD
2024-05-06,Uttar Pradesh,26.8467,80.9462,15.4,30.3,16.6,1001.0,59.7,OBS_20240506_UTT
2024-05-06,Karnataka,15.3173,75.7139,55.6,29.3,18.7,1002.9,75.1,OBS_20240506_KAR
2024-05-06,Himachal Pradesh,31.1048,77.1734,10.0,30.0,14.0,1002.8,62.6,OBS_20240506_HIM
2024-05-06,Bihar,25.0961,85.3131,6.0,27.3,9.2,1002.4,63.2,OBS_20240506_BIH
2024-05-07,Gujarat,22.2587,71.1924,31.0,28.9,20.1,1004.4,76.6,OBS_20240507_GUJ
2024-05-07,Maharashtra,19.7515,75.7139,4.7,29.5,12.9,1000.6,63.0,OBS_20240507_MAH
2024-05-07,Kerala,10.8505,76.2711,8.7,29.1,27.9,1006.7,74.9,OBS_20240507_KER
2024-05-07,Rajasthan,27.0238,74.2179,0.0,26.4,18.6,1005.0,60.4,OBS_20240507_RAJ
2024-05-07,Odisha,20.9517,85.0985,16.2,30.0,21.2,1003.9,68.0,OBS_20240507_ODI
2024-05-07,Assam,26.2006,92.9376,0.0,33.0,16.4,1004.9,66.1,OBS_20240507_ASS
2024-05-07,Punjab,31.1471,75.3412,127.8,28.3,17.2,1003.3,57.3,OBS_20240507_PUN
2024-05-07,Tamil Nadu,11.1271,78.6569,14.7,31.3,11.4,1007.4,63.1,OBS_20240507_TAM
2024-05-07,Andhra Pradesh,15.9129,79.74,7.7,29.3,21.4,1003.3,57.8,OBS_20240507_AND
2024-05-07,West Bengal,22.9868,87.855,30.5,31.4,21.6,1004.6,63.0,OBS_20240507_WES
2024-05-07,Madhya Pradesh,22.9734,78.6569,0.0,30.0,13.9,1003.4,74.9,OBS_20240507_MAD
2024-05-07,Uttar Pradesh,26.8467,80.9462,3.0,27.9,21.2,1003.8,79.3,OBS_20240507_UTT
2024-05-07,Karnataka,15.3173,75.7139,2.1,26.7,15.5,1003.3,64.9,OBS_20240507_KAR
2024-05-07,Himachal Pradesh,31.1048,77.1734,5.9,28.0,14.3,1003.4,53.6,OBS_20240507_HIM
2024-05-07,Bihar,25.0961,85.3131,42.8,30.5,16.8,999.4,79.4,OBS_20240507_BIH
2024-05-08,Gujarat,22.2587,71.1924,13.9,26.6,20.1,1003.2,78.6,OBS_20240508_GUJ
2024-05-08,Maharashtra,19.7515,75.7139,0.0,30.0,12.8,1000.9,61.3,OBS_20240508_MAH
2024-05-08,Kerala,10.8505,76.2711,5.4,29.1,19.8,999.9,67.7,OBS_20240508_KER
2024-05-08,Rajasthan,27.0238,74.2179,10.9,27.2,17.1,1002.7,65.6,OBS_20240508_RAJ
2024-05-08,Odisha,20.9517,85.0985,7.8,32.6,21.2,1003.1,72.6,OBS_20240508_ODI
2024-05-08,Assam,26.2006,92.9376,0.0,35.8,26.5,1001.3,75.3,OBS_20240508_ASS
2024-05-08,Punjab,31.1471,75.3412,0.0,32.0,24.4,1005.4,72.1,OBS_20240508_PUN
2024-05-08,Tamil Nadu,11.1271,78.6569,6.9,27.1,14.4,1008.3,50.0,OBS_20240508_TAM
2024-05-08,Andhra Pradesh,15.9129,79.74,18.4,28.3,20.1,1002.1,66.8,OBS_20240508_AND
2024-05-08,West Bengal,22.9868,87.855,6.5,29.6,20.0,1002.8,54.2,OBS_20240508_WES
2024-05-08,Madhya Pradesh,22.9734,78.6569,15.1,27.5,15.4,1004.2,54.2,OBS_20240508_MAD
2024-05-08,Uttar Pradesh,26.8467,80.9462,0.0,32.2,15.3,999.2,78.7,OBS_20240508_UTT
2024-05-08,Karnataka,15.3173,75.7139,43.3,31.0,22.0,1001.2,71.5,OBS_20240508_KAR
2024-05-08,Himachal Pradesh,31.1048,77.1734,5.2,29.7,21.9,1003.3,76.9,OBS_20240508_HIM
2024-05-08,Bihar,25.0961,85.3131,9.8,29.8,22.7,1005.3,56.6,OBS_20240508_BIH
2024-05-09,Gujarat,22.2587,71.1924,3.5,32.0,20.4,1002.0,64.1,OBS_20240509_GUJ
2024-05-09,Maharashtra,19.7515,75.7139,0.0,29.2,19.8,999.6,70.3,OBS_20240509_MAH
2024-05-09,Kerala,10.8505,76.2711,0.0,28.4,17.8,1001.9,59.8,OBS_20240509_KER
2024-05-09,Rajasthan,27.0238,74.2179,17.9,29.3,14.9,1001.9,68.9,OBS_20240509_RAJ
2024-05-09,Odisha,20.9517,85.0985,139.5,32.7,24.6,998.2,67.1,OBS_20240509_ODI
2024-05-09,Assam,26.2006,92.9376,0.0,30.2,18.2,1000.1,68.6,OBS_20240509_ASS
2024-05-09,Punjab,31.1471,75.3412,0.0,26.4,20.7,1002.7,70.3,OBS_20240509_PUN
2024-05-09,Tamil Nadu,11.1271,78.6569,8.5,28.9,16.6,1004.4,56.6,OBS_20240509_TAM
2024-05-09,Andhra Pradesh,15.9129,79.74,11.0,31.2,14.1,999.4,67.4,OBS_20240509_AND
2024-05-09,West Bengal,22.9868,87.855,0.0,29.8,26.5,1001.9,68.8,OBS_20240509_WES
2024-05-09,Madhya Pradesh,22.9734,78.6569,0.4,25.3,11.5,1004.8,53.6,OBS_20240509_MAD
2024-05-09,Uttar Pradesh,26.8467,80.9462,2.2,27.0,19.5,1003.3,59.9,OBS_20240509_UTT
2024-05-09,Karnataka,15.3173,75.7139,2.3,28.0,20.7,1004.0,66.1,OBS_20240509_KAR
2024-05-09,Himachal Pradesh,31.1048,77.1734,4.7,26.2,21.0,1003.9,71.1,OBS_20240509_HIM
2024-05-09,Bihar,25.0961,85.3131,0.0,29.4,21.3,1002.2,74.3,OBS_20240509_BIH
2024-05-10,Gujarat,22.2587,71.1924,0.0,31.6,23.4,1006.3,66.0,OBS_20240510_GUJ
2024-05-10,Maharashtra,19.7515,75.7139,23.7,30.1,15.0,1002.4,56.8,OBS_20240510_MAH
2024-05-10,Kerala,10.8505,76.2711,0.0,29.6,13.4,1002.3,77.8,OBS_20240510_KER
2024-05-10,Rajasthan,27.0238,74.2179,111.0,28.4,12.7,1001.1,68.9,OBS_20240510_RAJ
2024-05-10,Odisha,20.9517,85.0985,0.0,30.5,18.3,1003.0,72.5,OBS_20240510_ODI
2024-05-10,Assam,26.2006,92.9376,39.9,34.5,20.9,1003.3,67.9,OBS_20240510_ASS
2024-05-10,Punjab,31.1471,75.3412,4.1,25.6,17.5,1003.9,69.4,OBS_20240510_PUN
2024-05-10,Tamil Nadu,11.1271,78.6569,0.0,31.5,12.7,1005.2,61.7,OBS_20240510_TAM
2024-05-10,Andhra Pradesh,15.9129,79.74,0.0,30.1,12.7,999.3,52.7,OBS_20240510_AND
2024-05-10,West Bengal,22.9868,87.855,3.5,27.3,17.3,1001.4,64.9,OBS_20240510_WES
2024-05-10,Madhya Pradesh,22.9734,78.6569,0.0,30.9,21.1,1001.0,62.2,OBS_20240510_MAD
2024-05-10,Uttar Pradesh,26.8467,80.9462,0.0,29.0,22.4,1001.5,57.5,OBS_20240510_UTT
2024-05-10,Karnataka,15.3173,75.7139,0.0,29.2,17.7,1004.1,55.7,OBS_20240510_KAR
2024-05-10,Himachal Pradesh,31.1048,77.1734,0.0,31.5,19.2,1001.6,73.5,OBS_20240510_HIM
2024-05-10,Bihar,25.0961,85.3131,7.7,29.8,22.7,1001.2,56.9,OBS_20240510_BIH
2024-05-11,Gujarat,22.2587,71.1924,0.0,29.0,15.4,1002.9,60.8,OBS_20240511_GUJ
2024-05-11,Maharashtra,19.7515,75.7139,0.0,29.5,16.3,1000.9,66.4,OBS_20240511_MAH
2024-05-11,Kerala,10.8505,76.2711,0.0,28.0,10.3,1002.6,61.6,OBS_20240511_KER
2024-05-11,Rajasthan,27.0238,74.2179,0.0,25.7,11.5,1005.9,66.7,OBS_20240511_RAJ
2024-05-11,Odisha,20.9517,85.0985,0.0,33.5,18.8,1003.3,65.3,OBS_20240511_ODI
2024-05-11,Assam,26.2006,92.9376,3.9,28.2,26.4,999.8,56.2,OBS_20240511_ASS
2024-05-11,Punjab,31.1471,75.3412,0.0,33.1,22.6,1003.6,53.2,OBS_20240511_PUN
2024-05-11,Tamil Nadu,11.1271,78.6569,2.7,28.7,13.1,1008.8,50.5,OBS_20240511_TAM
2024-05-11,Andhra Pradesh,15.9129,79.74,0.0,27.6,24.7,999.5,67.8,OBS_20240511_AND
2024-05-11,West Bengal,22.9868,87.855,10.9,31.9,27.4,1005.0,69.1,OBS_20240511_WES
2024-05-11,Madhya Pradesh,22.9734,78.6569,2.6,28.2,25.7,1001.4,67.3,OBS_20240511_MAD
2024-05-11,Uttar Pradesh,26.8467,80.9462,5.7,31.2,19.7,1001.9,78.1,OBS_20240511_UTT
2024-05-11,Karnataka,15.3173,75.7139,3.7,31.0,15.5,1001.9,57.5,OBS_20240511_KAR
2024-05-11,Himachal Pradesh,31.1048,77.1734,7.5,29.1,14.8,1002.7,71.9,OBS_20240511_HIM
2024-05-11,Bihar,25.0961,85.3131,169.2,27.7,19.4,1002.9,58.1,OBS_20240511_BIH
2024-05-12,Gujarat,22.2587,71.1924,6.2,31.5,17.6,999.4,67.5,OBS_20240512_GUJ
2024-05-12,Maharashtra,19.7515,75.7139,0.0,28.9,28.0,1003.5,49.1,OBS_20240512_MAH
2024-05-12,Kerala,10.8505,76.2711,0.0,34.4,18.0,1000.5,67.5,OBS_20240512_KER
2024-05-12,Rajasthan,27.0238,74.2179,21.2,26.8,19.1,1000.2,68.0,OBS_20240512_RAJ
2024-05-12,Odisha,20.9517,85.0985,0.8,28.2,13.4,1003.6,56.2,OBS_20240512_ODI
2024-05-12,Assam,26.2006,92.9376,10.4,33.6,20.9,1002.6,64.0,OBS_20240512_ASS
2024-05-12,Punjab,31.1471,75.3412,0.0,30.3,12.2,1000.8,63.8,OBS_20240512_PUN
2024-05-12,Tamil Nadu,11.1271,78.6569,0.0,30.4,9.5,1003.7,52.0,OBS_20240512_TAM
2024-05-12,Andhra Pradesh,15.9129,79.74,0.4,28.6,24.4,1001.8,72.4,OBS_20240512_AND
2024-05-12,West Bengal,22.9868,87.855,0.9,24.0,20.7,1005.5,72.1,OBS_20240512_WES
2024-05-12,Madhya Pradesh,22.9734,78.6569,1.9,32.3,15.0,1002.5,67.6,OBS_20240512_MAD
2024-05-12,Uttar Pradesh,26.8467,80.9462,7.3,32.6,15.3,998.3,63.5,OBS_20240512_UTT
2024-05-12,Karnataka,15.3173,75.7139,0.0,29.5,21.6,1000.6,68.8,OBS_20240512_KAR
2024-05-12,Himachal Pradesh,31.1048,77.1734,131.9,33.7,19.1,1003.7,65.1,OBS_20240512_HIM
2024-05-12,Bihar,25.0961,85.3131,0.0,27.5,21.6,1001.0,57.8,OBS_20240512_BIH
2024-05-13,Gujarat,22.2587,71.1924,0.0,27.0,19.6,1001.2,62.2,OBS_20240513_GUJ
2024-05-13,Maharashtra,19.7515,75.7139,1.6,28.8,16.8,1000.2,86.0,OBS_20240513_MAH
2024-05-13,Kerala,10.8505,76.2711,0.0,31.1,22.6,1000.4,48.8,OBS_20240513_KER
2024-05-13,Rajasthan,27.0238,74.2179,2.6,32.4,21.1,1001.0,79.1,OBS_20240513_RAJ
2024-05-13,Odisha,20.9517,85.0985,6.5,29.6,13.6,1002.4,66.6,OBS_20240513_ODI
2024-05-13,Assam,26.2006,92.9376,0.0,29.2,21.4,1003.9,75.4,OBS_20240513_ASS
2024-05-13,Punjab,31.1471,75.3412,5.4,30.7,14.3,1003.3,55.7,OBS_20240513_PUN
2024-05-13,Tamil Nadu,11.1271,78.6569,5.7,32.5,10.0,1007.3,58.4,OBS_20240513_TAM
2024-05-13,Andhra Pradesh,15.9129,79.74,0.0,29.9,19.6,1003.1,61.5,OBS_20240513_AND
2024-05-13,West Bengal,22.9868,87.855,1.1,30.4,20.1,1007.1,70.4,OBS_20240513_WES
2024-05-13,Madhya Pradesh,22.9734,78.6569,4.5,27.0,18.7,1003.3,75.3,OBS_20240513_MAD
2024-05-13,Uttar Pradesh,26.8467,80.9462,4.4,30.4,16.9,1004.1,58.5,OBS_20240513_UTT
2024-05-13,Karnataka,15.3173,75.7139,0.0,25.9,27.5,1003.9,78.4,OBS_20240513_KAR
2024-05-13,Himachal Pradesh,31.1048,77.1734,44.9,30.0,19.2,1004.4,68.4,OBS_20240513_HIM
2024-05-13,Bihar,25.0961,85.3131,0.0,30.0,19.8,1008.1,69.9,OBS_20240513_BIH
2024-05-14,Gujarat,22.2587,71.1924,0.0,27.2,18.2,1004.2,66.6,OBS_20240514_GUJ
2024-05-14,Maharashtra,19.7515,75.7139,24.8,30.8,23.1,1000.6,63.2,OBS_20240514_MAH
2024-05-14,Kerala,10.8505,76.2711,10.3,33.0,27.8,1003.1,59.9,OBS_20240514_KER
2024-05-14,Rajasthan,27.0238,74.2179,13.2,26.5,15.5,1002.2,58.3,OBS_20240514_RAJ
2024-05-14,Odisha,20.9517,85.0985,0.0,33.0,12.6,1000.6,62.6,OBS_20240514_ODI
2024-05-14,Assam,26.2006,92.9376,10.1,31.1,16.2,1004.4,63.9,OBS_20240514_ASS
2024-05-14,Punjab,31.1471,75.3412,0.0,30.8,20.3,1002.4,64.6,OBS_20240514_PUN
2024-05-14,Tamil Nadu,11.1271,78.6569,6.8,30.0,11.4,1005.6,58.1,OBS_20240514_TAM
2024-05-14,Andhra Pradesh,15.9129,79.74,0.0,31.1,27.9,1003.2,69.7,OBS_20240514_AND
2024-05-14,West Bengal,22.9868,87.855,7.3,31.8,17.9,1003.5,71.2,OBS_20240514_WES
2024-05-14,Madhya Pradesh,22.9734,78.6569,15.1,29.0,22.9,1006.8,65.5,OBS_20240514_MAD
2024-05-14,Uttar Pradesh,26.8467,80.9462,21.4,31.8,15.9,1002.0,60.9,OBS_20240514_UTT
2024-05-14,Karnataka,15.3173,75.7139,0.0,29.4,19.3,1000.2,65.4,OBS_20240514_KAR
2024-05-14,Himachal Pradesh,31.1048,77.1734,113.1,31.6,15.0,1006.1,60.9,OBS_20240514_HIM
2024-05-14,Bihar,25.0961,85.3131,7.9,35.2,14.6,1003.9,82.2,OBS_20240514_BIH
2024-05-15,Gujarat,22.2587,71.1924,7.6,32.8,23.7,1000.5,62.2,OBS_20240515_GUJ
2024-05-15,Maharashtra,19.7515,75.7139,38.9,29.1,16.0,1001.7,87.5,OBS_20240515_MAH
2024-05-15,Kerala,10.8505,76.2711,0.0,30.6,21.4,1004.0,75.1,OBS_20240515_KER
2024-05-15,Rajasthan,27.0238,74.2179,0.0,27.7,14.6,999.8,65.4,OBS_20240515_RAJ
2024-05-15,Odisha,20.9517,85.0985,10.5,33.4,20.6,1006.5,65.9,OBS_20240515_ODI
2024-05-15,Assam,26.2006,92.9376,10.0,29.8,17.8,1005.2,74.6,OBS_20240515_ASS
2024-05-15,Punjab,31.1471,75.3412,0.0,28.8,14.4,1000.7,72.2,OBS_20240515_PUN
2024-05-15,Tamil Nadu,11.1271,78.6569,0.0,35.7,13.6,1005.3,55.3,OBS_20240515_TAM
2024-05-15,Andhra Pradesh,15.9129,79.74,21.6,29.1,17.7,1005.5,61.0,OBS_20240515_AND
2024-05-15,West Bengal,22.9868,87.855,8.7,30.5,26.0,1002.4,61.2,OBS_20240515_WES
2024-05-15,Madhya Pradesh,22.9734,78.6569,35.6,32.9,19.9,999.8,72.1,OBS_20240515_MAD
2024-05-15,Uttar Pradesh,26.8467,80.9462,2.6,29.3,14.1,1003.8,61.1,OBS_20240515_UTT
2024-05-15,Karnataka,15.3173,75.7139,4.1,32.7,21.5,1002.1,67.0,OBS_20240515_KAR
2024-05-15,Himachal Pradesh,31.1048,77.1734,0.0,27.3,16.9,1000.9,69.6,OBS_20240515_HIM
2024-05-15,Bihar,25.0961,85.3131,2.8,26.2,17.1,1000.8,68.4,OBS_20240515_BIH
2024-05-16,Gujarat,22.2587,71.1924,0.0,28.3,27.2,1002.3,60.5,OBS_20240516_GUJ
2024-05-16,Maharashtra,19.7515,75.7139,7.9,28.2,21.0,1000.8,70.6,OBS_20240516_MAH
2024-05-16,Kerala,10.8505,76.2711,0.0,30.6,10.0,1005.9,62.0,OBS_20240516_KER
2024-05-16,Rajasthan,27.0238,74.2179,17.0,33.5,19.0,1002.7,56.9,OBS_20240516_RAJ
2024-05-16,Odisha,20.9517,85.0985,0.0,30.2,21.7,1003.6,73.0,OBS_20240516_ODI
2024-05-16,Assam,26.2006,92.9376,0.5,28.0,13.4,1004.2,70.1,OBS_20240516_ASS
2024-05-16,Punjab,31.1471,75.3412,0.0,33.0,22.9,1000.4,58.7,OBS_20240516_PUN
2024-05-16,Tamil Nadu,11.1271,78.6569,22.1,33.4,10.1,1005.6,62.9,OBS_20240516_TAM
2024-05-16,Andhra Pradesh,15.9129,79.74,0.0,30.3,19.9,1001.2,62.1,OBS_20240516_AND
2024-05-16,West Bengal,22.9868,87.855,30.2,31.7,24.0,1005.6,72.3,OBS_20240516_WES
2024-05-16,Madhya Pradesh,22.9734,78.6569,18.6,28.9,17.0,999.5,50.9,OBS_20240516_MAD
2024-05-16,Uttar Pradesh,26.8467,80.9462,6.5,34.8,20.1,1002.8,61.7,OBS_20240516_UTT
2024-05-16,Karnataka,15.3173,75.7139,3.0,30.7,14.4,1006.0,59.1,OBS_20240516_KAR
2024-05-16,Himachal Pradesh,31.1048,77.1734,0.0,26.0,17.7,1002.5,71.6,OBS_20240516_HIM
2024-05-16,Bihar,25.0961,85.3131,0.0,33.3,13.3,1004.7,71.4,OBS_20240516_BIH
2024-05-17,Gujarat,22.2587,71.1924,0.0,31.1,19.2,1003.1,70.9,OBS_20240517_GUJ
2024-05-17,Maharashtra,19.7515,75.7139,0.0,27.3,13.2,1003.2,73.7,OBS_20240517_MAH
2024-05-17,Kerala,10.8505,76.2711,94.7,33.0,19.8,1000.2,56.8,OBS_20240517_KER
2024-05-17,Rajasthan,27.0238,74.2179,7.0,28.7,16.2,1000.2,76.6,OBS_20240517_RAJ
2024-05-17,Odisha,20.9517,85.0985,13.1,31.7,27.0,998.9,51.2,OBS_20240517_ODI
2024-05-17,Assam,26.2006,92.9376,0.1,27.4,24.1,1002.5,64.7,OBS_20240517_ASS
2024-05-17,Punjab,31.1471,75.3412,34.8,33.6,10.4,1002.0,69.8,OBS_20240517_PUN
2024-05-17,Tamil Nadu,11.1271,78.6569,2.7,28.4,11.5,1006.7,68.1,OBS_20240517_TAM
2024-05-17,Andhra Pradesh,15.9129,79.74,26.7,32.2,14.9,1001.0,61.9,OBS_20240517_AND
2024-05-17,West Bengal,22.9868,87.855,4.9,32.6,22.5,1003.4,78.3,OBS_20240517_WES
2024-05-17,Madhya Pradesh,22.9734,78.6569,0.0,25.2,21.7,1001.7,66.2,OBS_20240517_MAD
2024-05-17,Uttar Pradesh,26.8467,80.9462,0.7,33.4,13.9,999.6,67.3,OBS_20240517_UTT
2024-05-17,Karnataka,15.3173,75.7139,0.0,27.9,18.8,1003.1,60.1,OBS_20240517_KAR
2024-05-17,Himachal Pradesh,31.1048,77.1734,57.5,28.8,19.0,1002.6,61.4,OBS_20240517_HIM
2024-05-17,Bihar,25.0961,85.3131,0.0,30.9,18.2,1002.2,73.5,OBS_20240517_BIH
2024-05-18,Gujarat,22.2587,71.1924,0.0,28.0,25.8,1000.6,73.5,OBS_20240518_GUJ
2024-05-18,Maharashtra,19.7515,75.7139,16.2,30.2,18.0,1004.0,72.7,OBS_20240518_MAH
2024-05-18,Kerala,10.8505,76.2711,0.0,30.2,20.8,1003.3,66.3,OBS_20240518_KER
2024-05-18,Rajasthan,27.0238,74.2179,10.8,29.2,28.3,1001.9,62.6,OBS_20240518_RAJ
2024-05-18,Odisha,20.9517,85.0985,13.0,26.5,23.2,998.8,66.8,OBS_20240518_ODI
2024-05-18,Assam,26.2006,92.9376,0.0,29.5,16.4,1002.1,83.7,OBS_20240518_ASS
2024-05-18,Punjab,31.1471,75.3412,4.2,29.8,13.4,999.4,66.7,OBS_20240518_PUN
2024-05-18,Tamil Nadu,11.1271,78.6569,5.2,28.6,13.9,1005.0,56.1,OBS_20240518_TAM
2024-05-18,Andhra Pradesh,15.9129,79.74,10.0,31.3,20.1,999.6,56.6,OBS_20240518_AND
2024-05-18,West Bengal,22.9868,87.855,20.9,32.6,18.1,1006.1,62.5,OBS_20240518_WES
2024-05-18,Madhya Pradesh,22.9734,78.6569,0.0,32.5,20.9,1002.6,64.8,OBS_20240518_MAD
2024-05-18,Uttar Pradesh,26.8467,80.9462,4.1,29.8,16.5,1003.1,60.0,OBS_20240518_UTT
2024-05-18,Karnataka,15.3173,75.7139,18.8,33.4,13.5,999.7,61.0,OBS_20240518_KAR
2024-05-18,Himachal Pradesh,31.1048,77.1734,42.4,30.1,21.3,1001.6,70.6,OBS_20240518_HIM
2024-05-18,Bihar,25.0961,85.3131,6.5,27.1,20.9,1005.9,56.4,OBS_20240518_BIH
2024-05-19,Gujarat,22.2587,71.1924,0.0,29.1,14.5,1004.4,72.6,OBS_20240519_GUJ
2024-05-19,Maharashtra,19.7515,75.7139,11.1,32.2,25.7,1002.1,68.2,OBS_20240519_MAH
2024-05-19,Kerala,10.8505,76.2711,0.0,25.6,13.9,1006.1,58.4,OBS_20240519_KER
2024-05-19,Rajasthan,27.0238,74.2179,0.0,26.6,17.6,1003.4,62.6,OBS_20240519_RAJ
2024-05-19,Odisha,20.9517,85.0985,1.8,29.3,21.2,999.4,58.7,OBS_20240519_ODI
2024-05-19,Assam,26.2006,92.9376,0.0,24.5,19.9,1006.6,67.8,OBS_20240519_ASS
2024-05-19,Punjab,31.1471,75.3412,0.0,29.7,17.3,1004.6,69.7,OBS_20240519_PUN
2024-05-19,Tamil Nadu,11.1271,78.6569,10.5,30.5,15.2,1005.5,51.1,OBS_20240519_TAM
2024-05-19,Andhra Pradesh,15.9129,79.74,0.0,32.9,16.7,1003.5,63.7,OBS_20240519_AND
2024-05-19,West Bengal,22.9868,87.855,19.7,34.0,19.2,1004.4,69.0,OBS_20240519_WES
2024-05-19,Madhya Pradesh,22.9734,78.6569,0.0,31.2,17.5,1002.0,78.4,OBS_20240519_MAD
2024-05-19,Uttar Pradesh,26.8467,80.9462,7.8,31.2,16.5,1000.8,59.5,OBS_20240519_UTT
2024-05-19,Karnataka,15.3173,75.7139,17.9,31.7,18.0,1003.9,67.0,OBS_20240519_KAR
2024-05-19,Himachal Pradesh,31.1048,77.1734,1.5,25.3,23.0,1005.0,61.0,OBS_20240519_HIM
2024-05-19,Bihar,25.0961,85.3131,118.1,28.5,16.9,1005.5,68.3,OBS_20240519_BIH
2024-05-20,Gujarat,22.2587,71.1924,0.3,30.6,23.1,1001.6,65.9,OBS_20240520_GUJ
2024-05-20,Maharashtra,19.7515,75.7139,0.0,32.9,21.3,999.2,63.7,OBS_20240520_MAH
2024-05-20,Kerala,10.8505,76.2711,0.0,31.6,17.3,998.0,64.4,OBS_20240520_KER
2024-05-20,Rajasthan,27.0238,74.2179,0.0,29.3,15.4,1003.2,72.0,OBS_20240520_RAJ
2024-05-20,Odisha,20.9517,85.0985,0.0,28.1,20.2,1001.2,58.3,OBS_20240520_ODI
2024-05-20,Assam,26.2006,92.9376,30.1,29.1,20.7,1002.3,74.9,OBS_20240520_ASS
2024-05-20,Punjab,31.1471,75.3412,0.0,31.2,15.6,1002.8,76.5,OBS_20240520_PUN
2024-05-20,Tamil Nadu,11.1271,78.6569,8.8,29.3,10.5,1007.3,56.9,OBS_20240520_TAM
2024-05-20,Andhra Pradesh,15.9129,79.74,0.0,27.2,19.2,1003.1,69.9,OBS_20240520_AND
2024-05-20,West Bengal,22.9868,87.855,0.4,29.9,12.7,1001.9,45.5,OBS_20240520_WES
2024-05-20,Madhya Pradesh,22.9734,78.6569,8.8,32.1,18.1,1002.2,71.2,OBS_20240520_MAD
2024-05-20,Uttar Pradesh,26.8467,80.9462,16.4,32.8,17.7,1000.0,59.0,OBS_20240520_UTT
2024-05-20,Karnataka,15.3173,75.7139,7.0,33.2,17.7,1000.4,66.7,OBS_20240520_KAR
2024-05-20,Himachal Pradesh,31.1048,77.1734,0.3,28.8,21.4,1002.9,61.9,OBS_20240520_HIM
2024-05-20,Bihar,25.0961,85.3131,0.0,30.9,20.6,1004.9,74.9,OBS_20240520_BIH
2024-05-21,Gujarat,22.2587,71.1924,7.0,27.1,13.7,999.4,71.1,OBS_20240521_GUJ
2024-05-21,Maharashtra,19.7515,75.7139,7.1,29.8,20.6,1002.9,62.4,OBS_20240521_MAH
2024-05-21,Kerala,10.8505,76.2711,0.0,32.2,19.0,1002.0,75.1,OBS_20240521_KER
2024-05-21,Rajasthan,27.0238,74.2179,18.4,32.2,15.2,1009.0,67.1,OBS_20240521_RAJ
2024-05-21,Odisha,20.9517,85.0985,6.8,30.2,13.8,1002.6,68.7,OBS_20240521_ODI
2024-05-21,Assam,26.2006,92.9376,2.9,31.3,17.3,1005.6,62.9,OBS_20240521_ASS
2024-05-21,Punjab,31.1471,75.3412,31.6,26.8,23.8,998.1,59.3,OBS_20240521_PUN
2024-05-21,Tamil Nadu,11.1271,78.6569,0.0,32.5,12.0,1007.6,50.8,OBS_20240521_TAM
2024-05-21,Andhra Pradesh,15.9129,79.74,5.7,26.3,15.2,1003.1,62.4,OBS_20240521_AND
2024-05-21,West Bengal,22.9868,87.855,0.0,29.8,21.4,1002.8,73.6,OBS_20240521_WES
2024-05-21,Madhya Pradesh,22.9734,78.6569,12.0,31.8,16.9,999.8,51.2,OBS_20240521_MAD
2024-05-21,Uttar Pradesh,26.8467,80.9462,4.6,27.0,23.5,1001.0,71.5,OBS_20240521_UTT
2024-05-21,Karnataka,15.3173,75.7139,0.0,30.6,15.7,999.6,59.7,OBS_20240521_KAR
2024-05-21,Himachal Pradesh,31.1048,77.1734,0.0,29.4,15.6,1002.1,72.2,OBS_20240521_HIM
2024-05-21,Bihar,25.0961,85.3131,30.4,27.8,13.6,1001.7,55.9,OBS_20240521_BIH
2024-05-22,Gujarat,22.2587,71.1924,1.6,32.2,21.1,1005.1,61.7,OBS_20240522_GUJ
2024-05-22,Maharashtra,19.7515,75.7139,20.4,30.4,20.5,1000.6,52.5,OBS_20240522_MAH
2024-05-22,Kerala,10.8505,76.2711,0.0,28.8,15.8,1001.9,64.7,OBS_20240522_KER
2024-05-22,Rajasthan,27.0238,74.2179,1.1,34.4,13.3,1004.6,56.9,OBS_20240522_RAJ
2024-05-22,Odisha,20.9517,85.0985,20.0,27.6,22.3,1003.4,65.4,OBS_20240522_ODI
2024-05-22,Assam,26.2006,92.9376,0.0,32.1,19.4,1000.4,72.4,OBS_20240522_ASS
2024-05-22,Punjab,31.1471,75.3412,5.8,25.1,24.0,1003.0,56.3,OBS_20240522_PUN
2024-05-22,Tamil Nadu,11.1271,78.6569,1.3,32.5,10.3,1007.4,60.5,OBS_20240522_TAM
2024-05-22,Andhra Pradesh,15.9129,79.74,0.0,32.5,9.5,1000.8,68.5,OBS_20240522_AND
2024-05-22,West Bengal,22.9868,87.855,0.0,31.1,23.2,1001.6,61.9,OBS_20240522_WES
2024-05-22,Madhya Pradesh,22.9734,78.6569,1.8,28.9,16.2,1000.2,66.3,OBS_20240522_MAD
2024-05-22,Uttar Pradesh,26.8467,80.9462,38.2,31.3,15.2,1004.0,66.1,OBS_20240522_UTT
2024-05-22,Karnataka,15.3173,75.7139,13.0,34.3,25.8,999.6,58.9,OBS_20240522_KAR
2024-05-22,Himachal Pradesh,31.1048,77.1734,0.0,29.0,20.1,1000.8,74.6,OBS_20240522_HIM
2024-05-22,Bihar,25.0961,85.3131,2.0,29.1,16.6,1001.1,72.4,OBS_20240522_BIH
2024-05-23,Gujarat,22.2587,71.1924,9.4,33.2,14.7,1001.0,74.4,OBS_20240523_GUJ
2024-05-23,Maharashtra,19.7515,75.7139,126.5,30.6,18.4,1001.9,67.2,OBS_20240523_MAH
2024-05-23,Kerala,10.8505,76.2711,0.0,28.2,17.8,1003.3,62.8,OBS_20240523_KER
2024-05-23,Rajasthan,27.0238,74.2179,20.6,28.8,16.1,1000.6,65.5,OBS_20240523_RAJ
2024-05-23,Odisha,20.9517,85.0985,0.0,26.9,22.4,1004.3,75.0,OBS_20240523_ODI
2024-05-23,Assam,26.2006,92.9376,6.8,30.3,22.4,1003.0,60.8,OBS_20240523_ASS
2024-05-23,Punjab,31.1471,75.3412,13.3,34.0,16.3,1001.9,64.9,OBS_20240523_PUN
2024-05-23,Tamil Nadu,11.1271,78.6569,0.0,32.0,9.0,1005.5,62.4,OBS_20240523_TAM
2024-05-23,Andhra Pradesh,15.9129,79.74,0.0,32.6,26.8,999.5,72.5,OBS_20240523_AND
2024-05-23,West Bengal,22.9868,87.855,5.3,33.3,17.3,1002.2,55.0,OBS_20240523_WES
2024-05-23,Madhya Pradesh,22.9734,78.6569,0.0,30.7,17.4,1004.7,63.6,OBS_20240523_MAD
2024-05-23,Uttar Pradesh,26.8467,80.9462,0.0,34.2,15.3,1002.9,79.0,OBS_20240523_UTT
2024-05-23,Karnataka,15.3173,75.7139,16.9,30.9,17.4,1001.7,64.3,OBS_20240523_KAR
2024-05-23,Himachal Pradesh,31.1048,77.1734,0.0,26.8,11.0,1000.7,75.2,OBS_20240523_HIM
2024-05-23,Bihar,25.0961,85.3131,15.7,29.3,20.7,1001.1,62.0,OBS_20240523_BIH
2024-05-24,Gujarat,22.2587,71.1924,31.3,34.1,24.0,999.6,70.5,OBS_20240524_GUJ
2024-05-24,Maharashtra,19.7515,75.7139,2.7,27.1,17.5,1006.4,71.6,OBS_20240524_MAH
2024-05-24,Kerala,10.8505,76.2711,3.5,30.3,20.0,1005.2,63.3,OBS_20240524_KER
2024-05-24,Rajasthan,27.0238,74.2179,0.0,29.3,19.1,1001.5,60.4,OBS_20240524_RAJ
2024-05-24,Odisha,20.9517,85.0985,0.0,31.9,21.0,1001.1,68.1,OBS_20240524_ODI
2024-05-24,Assam,26.2006,92.9376,21.1,26.6,26.8,1004.1,58.9,OBS_20240524_ASS
2024-05-24,Punjab,31.1471,75.3412,1.1,32.1,24.2,1004.6,76.5,OBS_20240524_PUN
2024-05-24,Tamil Nadu,11.1271,78.6569,3.1,32.9,7.8,1005.2,53.9,OBS_20240524_TAM
2024-05-24,Andhra Pradesh,15.9129,79.74,6.7,34.7,17.9,1004.1,57.7,OBS_20240524_AND
2024-05-24,West Bengal,22.9868,87.855,115.4,27.5,24.8,1005.0,70.4,OBS_20240524_WES
2024-05-24,Madhya Pradesh,22.9734,78.6569,0.0,29.4,20.0,1001.7,62.8,OBS_20240524_MAD
2024-05-24,Uttar Pradesh,26.8467,80.9462,0.0,35.6,16.3,1002.8,70.3,OBS_20240524_UTT
2024-05-24,Karnataka,15.3173,75.7139,140.1,29.3,22.4,999.4,74.5,OBS_20240524_KAR
2024-05-24,Himachal Pradesh,31.1048,77.1734,0.0,27.1,18.5,1004.6,68.8,OBS_20240524_HIM
2024-05-24,Bihar,25.0961,85.3131,19.8,27.9,15.6,1000.7,62.3,OBS_20240524_BIH
2024-05-25,Gujarat,22.2587,71.1924,0.3,30.6,24.1,1000.5,68.9,OBS_20240525_GUJ
2024-05-25,Maharashtra,19.7515,75.7139,5.3,28.7,19.3,1004.2,67.6,OBS_20240525_MAH
2024-05-25,Kerala,10.8505,76.2711,0.0,31.1,14.7,999.9,52.7,OBS_20240525_KER
2024-05-25,Rajasthan,27.0238,74.2179,9.4,29.3,15.1,1002.5,72.0,OBS_20240525_RAJ
2024-05-25,Odisha,20.9517,85.0985,1.7,28.1,24.4,1002.3,71.6,OBS_20240525_ODI
2024-05-25,Assam,26.2006,92.9376,0.8,31.5,19.0,1002.4,58.3,OBS_20240525_ASS
2024-05-25,Punjab,31.1471,75.3412,0.0,32.4,21.7,1003.5,68.1,OBS_20240525_PUN
2024-05-25,Tamil Nadu,11.1271,78.6569,23.6,34.2,7.9,1010.2,68.4,OBS_20240525_TAM
2024-05-25,Andhra Pradesh,15.9129,79.74,3.1,31.9,15.4,1004.0,69.4,OBS_20240525_AND
2024-05-25,West Bengal,22.9868,87.855,0.0,30.3,19.4,1000.3,69.6,OBS_20240525_WES
2024-05-25,Madhya Pradesh,22.9734,78.6569,7.2,30.3,16.8,1002.1,54.7,OBS_20240525_MAD
2024-05-25,Uttar Pradesh,26.8467,80.9462,0.0,32.0,11.8,1001.4,65.9,OBS_20240525_UTT
2024-05-25,Karnataka,15.3173,75.7139,10.5,29.8,24.8,1003.5,64.5,OBS_20240525_KAR
2024-05-25,Himachal Pradesh,31.1048,77.1734,0.0,32.1,10.8,1002.8,67.7,OBS_20240525_HIM
2024-05-25,Bihar,25.0961,85.3131,0.2,27.4,16.8,999.4,59.0,OBS_20240525_BIH
2024-05-26,Gujarat,22.2587,71.1924,0.0,24.9,20.8,1002.4,66.8,OBS_20240526_GUJ
2024-05-26,Maharashtra,19.7515,75.7139,1.2,30.4,15.5,1005.4,68.5,OBS_20240526_MAH
2024-05-26,Kerala,10.8505,76.2711,0.0,29.7,20.1,1002.9,65.8,OBS_20240526_KER
2024-05-26,Rajasthan,27.0238,74.2179,7.1,28.3,16.5,997.9,62.9,OBS_20240526_RAJ
2024-05-26,Odisha,20.9517,85.0985,0.0,28.5,21.9,1001.8,70.7,OBS_20240526_ODI
2024-05-26,Assam,26.2006,92.9376,37.2,26.9,22.0,1003.0,65.6,OBS_20240526_ASS
2024-05-26,Punjab,31.1471,75.3412,19.8,29.3,28.7,1002.9,77.0,OBS_20240526_PUN
2024-05-26,Tamil Nadu,11.1271,78.6569,3.1,32.6,15.3,1004.9,56.1,OBS_20240526_TAM
2024-05-26,Andhra Pradesh,15.9129,79.74,9.0,27.3,18.6,1004.9,65.2,OBS_20240526_AND
2024-05-26,West Bengal,22.9868,87.855,13.5,30.9,20.3,1002.6,82.5,OBS_20240526_WES
2024-05-26,Madhya Pradesh,22.9734,78.6569,8.2,26.0,14.6,1002.3,67.0,OBS_20240526_MAD
2024-05-26,Uttar Pradesh,26.8467,80.9462,70.4,28.8,13.1,1000.3,71.4,OBS_20240526_UTT
2024-05-26,Karnataka,15.3173,75.7139,0.0,33.3,17.9,1003.3,65.0,OBS_20240526_KAR
2024-05-26,Himachal Pradesh,31.1048,77.1734,0.0,28.6,20.4,1003.6,72.9,OBS_20240526_HIM
2024-05-26,Bihar,25.0961,85.3131,111.5,29.7,17.9,1002.3,70.7,OBS_20240526_BIH
2024-05-27,Gujarat,22.2587,71.1924,0.6,29.3,24.4,1000.2,63.3,OBS_20240527_GUJ
2024-05-27,Maharashtra,19.7515,75.7139,0.0,28.2,29.3,1001.1,50.3,OBS_20240527_MAH
2024-05-27,Kerala,10.8505,76.2711,0.0,30.3,15.8,1003.8,63.4,OBS_20240527_KER
2024-05-27,Rajasthan,27.0238,74.2179,0.0,28.1,24.0,1001.1,69.0,OBS_20240527_RAJ
2024-05-27,Odisha,20.9517,85.0985,0.0,29.6,26.0,1002.0,55.4,OBS_20240527_ODI
2024-05-27,Assam,26.2006,92.9376,0.0,30.6,20.8,1006.0,66.1,OBS_20240527_ASS
2024-05-27,Punjab,31.1471,75.3412,0.0,26.8,24.4,1002.1,60.1,OBS_20240527_PUN
2024-05-27,Tamil Nadu,11.1271,78.6569,0.0,30.6,18.1,1007.2,62.9,OBS_20240527_TAM
2024-05-27,Andhra Pradesh,15.9129,79.74,0.0,25.3,17.7,1002.8,81.8,OBS_20240527_AND
2024-05-27,West Bengal,22.9868,87.855,0.0,28.7,18.4,1002.6,68.3,OBS_20240527_WES
2024-05-27,Madhya Pradesh,22.9734,78.6569,18.4,34.0,19.6,1002.6,56.4,OBS_20240527_MAD
2024-05-27,Uttar Pradesh,26.8467,80.9462,0.0,32.6,18.5,1001.3,64.1,OBS_20240527_UTT
2024-05-27,Karnataka,15.3173,75.7139,5.7,27.1,12.0,1003.9,57.1,OBS_20240527_KAR
2024-05-27,Himachal Pradesh,31.1048,77.1734,0.0,30.6,20.8,1002.8,76.9,OBS_20240527_HIM
2024-05-27,Bihar,25.0961,85.3131,0.0,34.3,22.9,1002.8,65.6,OBS_20240527_BIH
2024-05-28,Gujarat,22.2587,71.1924,0.0,31.5,26.3,1000.4,58.2,OBS_20240528_GUJ
2024-05-28,Maharashtra,19.7515,75.7139,28.4,33.6,20.8,999.5,65.1,OBS_20240528_MAH
2024-05-28,Kerala,10.8505,76.2711,0.0,32.7,21.6,1003.5,60.7,OBS_20240528_KER
2024-05-28,Rajasthan,27.0238,74.2179,0.0,30.0,18.0,1001.2,70.8,OBS_20240528_RAJ
2024-05-28,Odisha,20.9517,85.0985,0.0,32.1,19.9,999.9,68.8,OBS_20240528_ODI
2024-05-28,Assam,26.2006,92.9376,0.0,31.2,21.2,1006.7,73.2,OBS_20240528_ASS
2024-05-28,Punjab,31.1471,75.3412,5.2,30.7,13.6,1003.2,76.7,OBS_20240528_PUN
2024-05-28,Tamil Nadu,11.1271,78.6569,0.0,35.2,13.2,1004.1,56.9,OBS_20240528_TAM
2024-05-28,Andhra Pradesh,15.9129,79.74,1.3,27.9,15.7,1004.5,69.7,OBS_20240528_AND
2024-05-28,West Bengal,22.9868,87.855,6.1,31.9,26.4,1001.6,50.6,OBS_20240528_WES
2024-05-28,Madhya Pradesh,22.9734,78.6569,0.0,29.3,19.4,1001.5,65.3,OBS_20240528_MAD
2024-05-28,Uttar Pradesh,26.8467,80.9462,0.0,32.7,20.1,1003.0,71.6,OBS_20240528_UTT
2024-05-28,Karnataka,15.3173,75.7139,5.2,30.7,23.2,998.8,57.1,OBS_20240528_KAR
2024-05-28,Himachal Pradesh,31.1048,77.1734,160.2,31.0,11.9,1003.1,76.6,OBS_20240528_HIM
2024-05-28,Bihar,25.0961,85.3131,8.8,30.8,19.6,1003.0,63.8,OBS_20240528_BIH
2024-05-29,Gujarat,22.2587,71.1924,0.0,34.1,23.3,1002.6,64.6,OBS_20240529_GUJ
2024-05-29,Maharashtra,19.7515,75.7139,0.0,33.0,19.7,1001.7,69.8,OBS_20240529_MAH
2024-05-29,Kerala,10.8505,76.2711,22.6,31.4,15.4,1001.9,68.1,OBS_20240529_KER
2024-05-29,Rajasthan,27.0238,74.2179,13.9,31.3,22.2,1004.5,79.7,OBS_20240529_RAJ
2024-05-29,Odisha,20.9517,85.0985,0.0,27.7,20.5,1002.6,66.1,OBS_20240529_ODI
2024-05-29,Assam,26.2006,92.9376,1.9,31.8,11.2,1003.1,49.0,OBS_20240529_ASS
2024-05-29,Punjab,31.1471,75.3412,0.0,33.9,21.3,1001.5,73.0,OBS_20240529_PUN
2024-05-29,Tamil Nadu,11.1271,78.6569,10.2,29.9,16.3,1007.2,72.5,OBS_20240529_TAM
2024-05-29,Andhra Pradesh,15.9129,79.74,1.1,29.6,22.2,1003.2,76.5,OBS_20240529_AND
2024-05-29,West Bengal,22.9868,87.855,1.9,31.2,20.6,1002.7,73.0,OBS_20240529_WES
2024-05-29,Madhya Pradesh,22.9734,78.6569,13.2,31.2,19.3,1000.4,65.7,OBS_20240529_MAD
2024-05-29,Uttar Pradesh,26.8467,80.9462,2.2,30.4,17.3,1000.2,60.7,OBS_20240529_UTT
2024-05-29,Karnataka,15.3173,75.7139,0.0,30.5,23.7,1002.2,54.0,OBS_20240529_KAR
2024-05-29,Himachal Pradesh,31.1048,77.1734,0.0,35.1,11.2,1001.1,57.8,OBS_20240529_HIM
2024-05-29,Bihar,25.0961,85.3131,14.6,30.5,21.1,1002.0,63.5,OBS_20240529_BIH
2024-05-30,Gujarat,22.2587,71.1924,0.0,27.2,22.5,1003.4,71.8,OBS_20240530_GUJ
2024-05-30,Maharashtra,19.7515,75.7139,35.0,34.5,16.8,1001.5,63.7,OBS_20240530_MAH
2024-05-30,Kerala,10.8505,76.2711,0.0,29.4,18.1,1002.6,70.6,OBS_20240530_KER
2024-05-30,Rajasthan,27.0238,74.2179,17.7,26.3,23.4,1000.8,53.3,OBS_20240530_RAJ
2024-05-30,Odisha,20.9517,85.0985,0.8,29.7,20.8,1003.7,63.0,OBS_20240530_ODI
2024-05-30,Assam,26.2006,92.9376,10.8,30.9,21.2,1003.4,76.9,OBS_20240530_ASS
2024-05-30,Punjab,31.1471,75.3412,14.6,31.8,19.6,997.2,61.2,OBS_20240530_PUN
2024-05-30,Tamil Nadu,11.1271,78.6569,3.3,32.4,12.1,1003.9,64.9,OBS_20240530_TAM
2024-05-30,Andhra Pradesh,15.9129,79.74,6.1,30.0,13.1,1002.8,79.9,OBS_20240530_AND
2024-05-30,West Bengal,22.9868,87.855,21.4,29.8,14.8,1004.2,69.7,OBS_20240530_WES
2024-05-30,Madhya Pradesh,22.9734,78.6569,0.0,34.2,14.0,1004.3,51.3,OBS_20240530_MAD
2024-05-30,Uttar Pradesh,26.8467,80.9462,11.5,30.0,21.8,999.9,78.0,OBS_20240530_UTT
2024-05-30,Karnataka,15.3173,75.7139,16.2,31.6,19.9,1004.6,67.5,OBS_20240530_KAR
2024-05-30,Himachal Pradesh,31.1048,77.1734,8.6,31.9,20.8,1004.3,67.0,OBS_20240530_HIM
2024-05-30,Bihar,25.0961,85.3131,1.3,32.3,16.1,1003.0,61.2,OBS_20240530_BIH
2024-05-31,Gujarat,22.2587,71.1924,0.0,32.4,20.1,1001.5,70.5,OBS_20240531_GUJ
2024-05-31,Maharashtra,19.7515,75.7139,5.0,28.0,17.2,1002.7,67.4,OBS_20240531_MAH
2024-05-31,Kerala,10.8505,76.2711,17.5,27.5,21.0,1001.6,62.4,OBS_20240531_KER
2024-05-31,Rajasthan,27.0238,74.2179,14.7,33.3,21.8,1004.6,70.3,OBS_20240531_RAJ
2024-05-31,Odisha,20.9517,85.0985,0.0,33.0,13.1,1006.0,73.1,OBS_20240531_ODI
2024-05-31,Assam,26.2006,92.9376,0.0,32.5,20.0,1003.0,57.0,OBS_20240531_ASS
2024-05-31,Punjab,31.1471,75.3412,22.4,30.7,25.0,1000.7,62.0,OBS_20240531_PUN
2024-05-31,Tamil Nadu,11.1271,78.6569,0.0,31.3,12.2,1007.6,57.0,OBS_20240531_TAM
2024-05-31,Andhra Pradesh,15.9129,79.74,0.0,33.6,14.7,1002.6,66.5,OBS_20240531_AND
2024-05-31,West Bengal,22.9868,87.855,7.7,28.2,14.2,1002.7,69.9,OBS_20240531_WES
2024-05-31,Madhya Pradesh,22.9734,78.6569,0.0,35.8,16.7,1001.0,60.2,OBS_20240531_MAD
2024-05-31,Uttar Pradesh,26.8467,80.9462,0.0,30.4,32.5,1001.9,68.0,OBS_20240531_UTT
2024-05-31,Karnataka,15.3173,75.7139,10.8,32.9,23.7,997.3,63.2,OBS_20240531_KAR
2024-05-31,Himachal Pradesh,31.1048,77.1734,10.3,30.5,22.5,998.9,66.5,OBS_20240531_HIM
2024-05-31,Bihar,25.0961,85.3131,0.0,30.6,22.9,998.8,65.0,OBS_20240531_BIH
2024-06-01,Gujarat,22.2587,71.1924,0.0,25.7,24.0,1005.2,71.1,OBS_20240601_GUJ
2024-06-01,Maharashtra,19.7515,75.7139,0.0,32.0,11.9,1003.6,79.3,OBS_20240601_MAH
2024-06-01,Kerala,10.8505,76.2711,26.0,29.3,18.7,1004.2,69.4,OBS_20240601_KER
2024-06-01,Rajasthan,27.0238,74.2179,9.9,28.1,21.5,997.4,51.4,OBS_20240601_RAJ
2024-06-01,Odisha,20.9517,85.0985,13.8,35.5,20.3,1004.0,56.8,OBS_20240601_ODI
2024-06-01,Assam,26.2006,92.9376,77.7,34.4,21.8,1005.1,66.8,OBS_20240601_ASS
2024-06-01,Punjab,31.1471,75.3412,0.0,28.9,16.6,1002.4,63.8,OBS_20240601_PUN
2024-06-01,Tamil Nadu,11.1271,78.6569,0.0,28.0,18.4,1005.9,57.6,OBS_20240601_TAM
2024-06-01,Andhra Pradesh,15.9129,79.74,2.2,26.9,22.5,1004.7,62.9,OBS_20240601_AND
2024-06-01,West Bengal,22.9868,87.855,0.7,29.3,21.8,999.7,67.7,OBS_20240601_WES
2024-06-01,Madhya Pradesh,22.9734,78.6569,7.9,33.0,16.7,1003.8,46.4,OBS_20240601_MAD
2024-06-01,Uttar Pradesh,26.8467,80.9462,0.0,25.7,21.8,999.4,72.9,OBS_20240601_UTT
2024-06-01,Karnataka,15.3173,75.7139,1.6,31.3,17.3,998.1,73.0,OBS_20240601_KAR
2024-06-01,Himachal Pradesh,31.1048,77.1734,8.5,29.4,22.7,1003.5,65.9,OBS_20240601_HIM
2024-06-01,Bihar,25.0961,85.3131,9.8,29.8,25.6,1001.8,67.4,OBS_20240601_BIH
2024-06-02,Gujarat,22.2587,71.1924,1.8,25.0,19.0,1001.9,75.9,OBS_20240602_GUJ
2024-06-02,Maharashtra,19.7515,75.7139,9.1,29.7,15.3,999.9,69.4,OBS_20240602_MAH
2024-06-02,Kerala,10.8505,76.2711,3.2,30.5,22.2,1000.4,51.2,OBS_20240602_KER
2024-06-02,Rajasthan,27.0238,74.2179,24.5,29.1,14.1,1002.6,67.7,OBS_20240602_RAJ
2024-06-02,Odisha,20.9517,85.0985,0.0,28.2,18.3,1002.8,64.6,OBS_20240602_ODI
2024-06-02,Assam,26.2006,92.9376,1.3,31.9,24.3,1004.8,56.7,OBS_20240602_ASS
2024-06-02,Punjab,31.1471,75.3412,0.0,31.8,23.5,1005.7,69.3,OBS_20240602_PUN
2024-06-02,Tamil Nadu,11.1271,78.6569,24.5,30.9,16.8,1008.2,66.7,OBS_20240602_TAM
2024-06-02,Andhra Pradesh,15.9129,79.74,16.4,28.1,14.0,1000.2,64.0,OBS_20240602_AND
2024-06-02,West Bengal,22.9868,87.855,14.3,36.3,18.5,1005.4,53.0,OBS_20240602_WES
2024-06-02,Madhya Pradesh,22.9734,78.6569,0.0,37.6,16.6,999.4,61.4,OBS_20240602_MAD
2024-06-02,Uttar Pradesh,26.8467,80.9462,16.5,30.4,14.5,999.5,64.7,OBS_20240602_UTT
2024-06-02,Karnataka,15.3173,75.7139,8.4,33.2,15.5,1003.5,58.6,OBS_20240602_KAR
2024-06-02,Himachal Pradesh,31.1048,77.1734,3.6,33.3,13.8,1004.6,78.3,OBS_20240602_HIM
2024-06-02,Bihar,25.0961,85.3131,3.8,29.7,20.3,1000.7,53.9,OBS_20240602_BIH
2024-06-03,Gujarat,22.2587,71.1924,10.2,33.9,21.7,1003.1,68.3,OBS_20240603_GUJ
2024-06-03,Maharashtra,19.7515,75.7139,47.1,30.3,14.3,1004.9,57.3,OBS_20240603_MAH
2024-06-03,Kerala,10.8505,76.2711,0.0,37.0,19.1,1002.4,84.9,OBS_20240603_KER
2024-06-03,Rajasthan,27.0238,74.2179,10.6,31.7,25.0,1001.9,65.7,OBS_20240603_RAJ
2024-06-03,Odisha,20.9517,85.0985,0.0,27.4,23.5,1000.5,58.8,OBS_20240603_ODI
2024-06-03,Assam,26.2006,92.9376,31.5,27.4,16.1,1005.0,60.8,OBS_20240603_ASS
2024-06-03,Punjab,31.1471,75.3412,3.6,33.2,17.6,1002.1,77.2,OBS_20240603_PUN
2024-06-03,Tamil Nadu,11.1271,78.6569,0.0,33.4,18.3,1008.5,69.0,OBS_20240603_TAM
2024-06-03,Andhra Pradesh,15.9129,79.74,12.8,30.1,22.4,1004.8,64.4,OBS_20240603_AND
2024-06-03,West Bengal,22.9868,87.855,0.0,30.8,11.9,1005.5,61.0,OBS_20240603_WES
2024-06-03,Madhya Pradesh,22.9734,78.6569,0.0,26.7,26.4,1001.3,76.5,OBS_20240603_MAD
2024-06-03,Uttar Pradesh,26.8467,80.9462,20.5,36.0,16.8,1001.6,67.2,OBS_20240603_UTT
2024-06-03,Karnataka,15.3173,75.7139,15.7,29.6,20.6,1000.0,79.4,OBS_20240603_KAR
2024-06-03,Himachal Pradesh,31.1048,77.1734,0.0,33.4,19.9,1005.3,64.7,OBS_20240603_HIM
2024-06-03,Bihar,25.0961,85.3131,19.8,35.4,21.7,1001.7,71.9,OBS_20240603_BIH
2024-06-04,Gujarat,22.2587,71.1924,4.9,30.3,18.6,999.7,71.9,OBS_20240604_GUJ
2024-06-04,Maharashtra,19.7515,75.7139,0.0,29.0,18.8,1000.7,67.3,OBS_20240604_MAH
2024-06-04,Kerala,10.8505,76.2711,2.0,31.4,19.1,1005.4,70.5,OBS_20240604_KER
2024-06-04,Rajasthan,27.0238,74.2179,38.5,33.2,15.3,1003.0,76.6,OBS_20240604_RAJ
2024-06-04,Odisha,20.9517,85.0985,3.1,27.9,16.1,1003.2,76.0,OBS_20240604_ODI
2024-06-04,Assam,26.2006,92.9376,27.8,29.3,18.5,1006.1,73.0,OBS_20240604_ASS
2024-06-04,Punjab,31.1471,75.3412,11.0,29.5,26.6,1004.9,61.0,OBS_20240604_PUN
2024-06-04,Tamil Nadu,11.1271,78.6569,0.0,35.0,9.7,1005.3,43.6,OBS_20240604_TAM
2024-06-04,Andhra Pradesh,15.9129,79.74,10.6,28.6,15.8,1004.3,71.8,OBS_20240604_AND
2024-06-04,West Bengal,22.9868,87.855,0.0,25.9,19.9,1003.0,60.3,OBS_20240604_WES
2024-06-04,Madhya Pradesh,22.9734,78.6569,23.1,30.8,13.4,1005.0,60.8,OBS_20240604_MAD
2024-06-04,Uttar Pradesh,26.8467,80.9462,0.0,31.3,20.5,1006.4,60.4,OBS_20240604_UTT
2024-06-04,Karnataka,15.3173,75.7139,18.1,32.1,26.2,999.6,65.8,OBS_20240604_KAR
2024-06-04,Himachal Pradesh,31.1048,77.1734,4.4,30.8,6.2,1003.1,64.6,OBS_20240604_HIM
2024-06-04,Bihar,25.0961,85.3131,0.0,31.2,19.0,1003.3,64.6,OBS_20240604_BIH
2024-06-05,Gujarat,22.2587,71.1924,2.7,29.4,23.8,1002.2,78.8,OBS_20240605_GUJ
2024-06-05,Maharashtra,19.7515,75.7139,0.0,29.3,21.4,1002.9,64.4,OBS_20240605_MAH
2024-06-05,Kerala,10.8505,76.2711,0.0,32.0,20.9,1002.0,64.9,OBS_20240605_KER
2024-06-05,Rajasthan,27.0238,74.2179,0.0,33.7,17.4,1000.6,75.5,OBS_20240605_RAJ
2024-06-05,Odisha,20.9517,85.0985,0.0,29.8,17.6,1003.8,67.6,OBS_20240605_ODI
2024-06-05,Assam,26.2006,92.9376,14.4,30.5,13.9,1005.3,49.4,OBS_20240605_ASS
2024-06-05,Punjab,31.1471,75.3412,21.5,30.6,20.6,999.6,50.1,OBS_20240605_PUN
2024-06-05,Tamil Nadu,11.1271,78.6569,8.8,31.1,8.9,1000.1,43.1,OBS_20240605_TAM
2024-06-05,Andhra Pradesh,15.9129,79.74,53.0,29.0,24.5,1004.7,71.3,OBS_20240605_AND
2024-06-05,West Bengal,22.9868,87.855,30.2,26.3,17.9,999.8,67.8,OBS_20240605_WES
2024-06-05,Madhya Pradesh,22.9734,78.6569,4.5,33.3,13.3,998.8,55.7,OBS_20240605_MAD
2024-06-05,Uttar Pradesh,26.8467,80.9462,56.2,30.9,17.3,1004.7,72.1,OBS_20240605_UTT
2024-06-05,Karnataka,15.3173,75.7139,0.0,32.3,13.5,1003.7,58.4,OBS_20240605_KAR
2024-06-05,Himachal Pradesh,31.1048,77.1734,0.0,32.4,14.2,1003.8,69.7,OBS_20240605_HIM
2024-06-05,Bihar,25.0961,85.3131,0.0,33.3,20.1,998.3,66.3,OBS_20240605_BIH
2024-06-06,Gujarat,22.2587,71.1924,5.5,31.8,27.3,999.9,69.5,OBS_20240606_GUJ
2024-06-06,Maharashtra,19.7515,75.7139,10.0,32.7,14.5,1003.8,57.6,OBS_20240606_MAH
2024-06-06,Kerala,10.8505,76.2711,5.3,34.1,24.3,1004.4,80.3,OBS_20240606_KER
2024-06-06,Rajasthan,27.0238,74.2179,8.6,35.0,11.7,1001.5,60.0,OBS_20240606_RAJ
2024-06-06,Odisha,20.9517,85.0985,2.9,34.9,15.9,1000.7,63.1,OBS_20240606_ODI
2024-06-06,Assam,26.2006,92.9376,45.1,35.2,20.9,1003.2,77.8,OBS_20240606_ASS
2024-06-06,Punjab,31.1471,75.3412,5.7,27.2,23.5,1002.3,78.4,OBS_20240606_PUN
2024-06-06,Tamil Nadu,11.1271,78.6569,0.0,32.2,6.3,1006.5,58.4,OBS_20240606_TAM
2024-06-06,Andhra Pradesh,15.9129,79.74,8.1,30.3,22.6,1002.6,63.9,OBS_20240606_AND
2024-06-06,West Bengal,22.9868,87.855,0.0,30.7,19.9,1004.0,60.2,OBS_20240606_WES
2024-06-06,Madhya Pradesh,22.9734,78.6569,11.3,28.5,26.2,1007.2,58.0,OBS_20240606_MAD
2024-06-06,Uttar Pradesh,26.8467,80.9462,18.2,29.1,17.9,1001.2,67.0,OBS_20240606_UTT
2024-06-06,Karnataka,15.3173,75.7139,0.0,33.0,14.8,1001.4,76.2,OBS_20240606_KAR
2024-06-06,Himachal Pradesh,31.1048,77.1734,0.0,33.4,19.8,1000.2,68.4,OBS_20240606_HIM
2024-06-06,Bihar,25.0961,85.3131,0.0,29.0,10.9,1002.2,71.1,OBS_20240606_BIH
2024-06-07,Gujarat,22.2587,71.1924,0.0,29.1,20.5,1000.1,69.8,OBS_20240607_GUJ
2024-06-07,Maharashtra,19.7515,75.7139,7.0,34.5,18.0,1001.8,74.3,OBS_20240607_MAH
2024-06-07,Kerala,10.8505,76.2711,1.6,29.9,20.3,1001.8,66.9,OBS_20240607_KER
2024-06-07,Rajasthan,27.0238,74.2179,0.0,33.4,14.5,1003.8,73.5,OBS_20240607_RAJ
2024-06-07,Odisha,20.9517,85.0985,0.0,30.6,19.5,1005.1,68.5,OBS_20240607_ODI
2024-06-07,Assam,26.2006,92.9376,4.0,32.5,20.9,1001.9,55.6,OBS_20240607_ASS
2024-06-07,Punjab,31.1471,75.3412,10.3,28.3,19.5,1004.2,70.9,OBS_20240607_PUN
2024-06-07,Tamil Nadu,11.1271,78.6569,6.1,30.5,15.0,1003.0,56.5,OBS_20240607_TAM
2024-06-07,Andhra Pradesh,15.9129,79.74,7.9,34.8,12.0,1000.5,64.2,OBS_20240607_AND
2024-06-07,West Bengal,22.9868,87.855,0.0,26.8,10.3,1002.8,65.6,OBS_20240607_WES
2024-06-07,Madhya Pradesh,22.9734,78.6569,85.7,33.2,23.8,998.6,57.0,OBS_20240607_MAD
2024-06-07,Uttar Pradesh,26.8467,80.9462,0.0,32.2,12.6,1003.6,62.5,OBS_20240607_UTT
2024-06-07,Karnataka,15.3173,75.7139,6.2,36.8,24.7,1001.9,56.4,OBS_20240607_KAR
2024-06-07,Himachal Pradesh,31.1048,77.1734,21.0,29.9,19.7,1002.6,78.2,OBS_20240607_HIM
2024-06-07,Bihar,25.0961,85.3131,0.0,32.6,21.1,1003.6,49.3,OBS_20240607_BIH
2024-06-08,Gujarat,22.2587,71.1924,7.2,35.6,23.1,1001.2,68.3,OBS_20240608_GUJ
2024-06-08,Maharashtra,19.7515,75.7139,7.0,34.2,30.5,1001.1,59.9,OBS_20240608_MAH
2024-06-08,Kerala,10.8505,76.2711,1.6,31.8,16.4,1003.7,67.1,OBS_20240608_KER
2024-06-08,Rajasthan,27.0238,74.2179,0.0,34.4,23.0,1003.6,70.3,OBS_20240608_RAJ
2024-06-08,Odisha,20.9517,85.0985,13.4,31.4,18.0,1003.8,72.6,OBS_20240608_ODI
2024-06-08,Assam,26.2006,92.9376,10.8,30.8,11.8,1001.9,60.3,OBS_20240608_ASS
2024-06-08,Punjab,31.1471,75.3412,0.0,34.2,25.4,1001.8,76.1,OBS_20240608_PUN
2024-06-08,Tamil Nadu,11.1271,78.6569,9.5,34.4,13.8,1008.3,65.6,OBS_20240608_TAM
2024-06-08,Andhra Pradesh,15.9129,79.74,4.6,32.6,16.5,1004.9,62.5,OBS_20240608_AND
2024-06-08,West Bengal,22.9868,87.855,139.1,29.7,20.2,1006.4,70.7,OBS_20240608_WES
2024-06-08,Madhya Pradesh,22.9734,78.6569,0.0,27.9,21.2,1001.8,69.2,OBS_20240608_MAD
2024-06-08,Uttar Pradesh,26.8467,80.9462,6.0,27.9,16.0,1003.3,65.3,OBS_20240608_UTT
2024-06-08,Karnataka,15.3173,75.7139,39.3,32.8,16.4,1003.7,66.6,OBS_20240608_KAR
2024-06-08,Himachal Pradesh,31.1048,77.1734,41.8,29.5,15.0,1004.3,69.2,OBS_20240608_HIM
2024-06-08,Bihar,25.0961,85.3131,0.0,31.9,16.7,1007.3,61.5,OBS_20240608_BIH
2024-06-09,Gujarat,22.2587,71.1924,0.0,32.7,18.7,1005.7,59.9,OBS_20240609_GUJ
2024-06-09,Maharashtra,19.7515,75.7139,4.8,29.1,22.2,1004.4,74.6,OBS_20240609_MAH
2024-06-09,Kerala,10.8505,76.2711,12.9,27.5,14.9,1000.8,69.3,OBS_20240609_KER
2024-06-09,Rajasthan,27.0238,74.2179,0.0,28.7,19.9,1003.6,52.0,OBS_20240609_RAJ
2024-06-09,Odisha,20.9517,85.0985,6.0,31.3,25.4,1002.9,66.9,OBS_20240609_ODI
2024-06-09,Assam,26.2006,92.9376,129.8,35.5,22.2,1000.4,70.3,OBS_20240609_ASS
2024-06-09,Punjab,31.1471,75.3412,0.0,31.2,15.7,1000.4,56.2,OBS_20240609_PUN
2024-06-09,Tamil Nadu,11.1271,78.6569,20.8,32.4,15.6,1005.5,59.1,OBS_20240609_TAM
2024-06-09,Andhra Pradesh,15.9129,79.74,0.0,33.2,23.2,1002.5,70.2,OBS_20240609_AND
2024-06-09,West Bengal,22.9868,87.855,2.0,26.6,22.9,1006.6,52.0,OBS_20240609_WES
2024-06-09,Madhya Pradesh,22.9734,78.6569,9.8,30.0,13.5,1001.0,55.5,OBS_20240609_MAD
2024-06-09,Uttar Pradesh,26.8467,80.9462,0.0,29.7,22.1,1001.8,68.1,OBS_20240609_UTT
2024-06-09,Karnataka,15.3173,75.7139,2.7,31.6,18.1,1001.1,65.1,OBS_20240609_KAR
2024-06-09,Himachal Pradesh,31.1048,77.1734,0.0,33.8,13.6,1001.1,63.0,OBS_20240609_HIM
2024-06-09,Bihar,25.0961,85.3131,0.5,29.9,16.4,999.9,61.3,OBS_20240609_BIH
2024-06-10,Gujarat,22.2587,71.1924,3.1,33.2,22.0,999.4,58.6,OBS_20240610_GUJ
2024-06-10,Maharashtra,19.7515,75.7139,2.5,28.6,22.8,1000.4,61.6,OBS_20240610_MAH
2024-06-10,Kerala,10.8505,76.2711,72.7,29.8,19.9,1001.8,67.9,OBS_20240610_KER
2024-06-10,Rajasthan,27.0238,74.2179,9.9,34.2,21.4,1000.9,64.3,OBS_20240610_RAJ
2024-06-10,Odisha,20.9517,85.0985,0.0,36.3,21.6,1002.5,75.0,OBS_20240610_ODI
2024-06-10,Assam,26.2006,92.9376,7.4,31.5,13.8,1002.0,71.8,OBS_20240610_ASS
2024-06-10,Punjab,31.1471,75.3412,0.0,26.1,19.4,1003.9,54.1,OBS_20240610_PUN
2024-06-10,Tamil Nadu,11.1271,78.6569,0.3,33.8,12.7,1006.0,56.6,OBS_20240610_TAM
2024-06-10,Andhra Pradesh,15.9129,79.74,0.0,30.3,14.9,999.7,63.8,OBS_20240610_AND
2024-06-10,West Bengal,22.9868,87.855,0.0,34.0,19.5,1003.7,64.3,OBS_20240610_WES
2024-06-10,Madhya Pradesh,22.9734,78.6569,0.0,31.6,17.0,1004.7,77.7,OBS_20240610_MAD
2024-06-10,Uttar Pradesh,26.8467,80.9462,26.8,32.7,23.5,1002.4,73.6,OBS_20240610_UTT
2024-06-10,Karnataka,15.3173,75.7139,7.8,30.6,11.2,1000.5,69.7,OBS_20240610_KAR
2024-06-10,Himachal Pradesh,31.1048,77.1734,2.9,30.8,20.4,998.5,76.0,OBS_20240610_HIM
2024-06-10,Bihar,25.0961,85.3131,107.5,31.6,15.4,1001.2,67.8,OBS_20240610_BIH
2024-06-11,Gujarat,22.2587,71.1924,55.1,27.7,27.5,999.5,96.2,OBS_20240611_GUJ
2024-06-11,Maharashtra,19.7515,75.7139,48.4,30.0,35.1,997.3,89.0,OBS_20240611_MAH
2024-06-11,Kerala,10.8505,76.2711,108.6,32.2,32.1,995.7,75.4,OBS_20240611_KER
2024-06-11,Rajasthan,27.0238,74.2179,92.1,27.3,35.3,995.0,92.2,OBS_20240611_RAJ
2024-06-11,Odisha,20.9517,85.0985,0.0,28.3,30.7,995.3,85.6,OBS_20240611_ODI
2024-06-11,Assam,26.2006,92.9376,0.0,31.3,27.8,993.4,94.1,OBS_20240611_ASS
2024-06-11,Punjab,31.1471,75.3412,104.7,32.2,33.6,996.3,88.7,OBS_20240611_PUN
2024-06-11,Tamil Nadu,11.1271,78.6569,0.1,32.8,16.2,1000.2,58.6,OBS_20240611_TAM
2024-06-11,Andhra Pradesh,15.9129,79.74,0.0,28.1,31.1,994.1,76.2,OBS_20240611_AND
2024-06-11,West Bengal,22.9868,87.855,57.7,26.3,31.5,996.8,93.9,OBS_20240611_WES
2024-06-11,Madhya Pradesh,22.9734,78.6569,138.4,29.8,36.9,993.3,91.8,OBS_20240611_MAD
2024-06-11,Uttar Pradesh,26.8467,80.9462,43.5,27.1,37.1,996.2,91.0,OBS_20240611_UTT
2024-06-11,Karnataka,15.3173,75.7139,4.1,32.3,34.0,997.1,76.5,OBS_20240611_KAR
2024-06-11,Himachal Pradesh,31.1048,77.1734,74.6,28.7,40.4,997.2,88.2,OBS_20240611_HIM
2024-06-11,Bihar,25.0961,85.3131,44.3,31.9,28.7,994.5,84.8,OBS_20240611_BIH
2024-06-12,Gujarat,22.2587,71.1924,0.0,25.9,29.5,991.2,90.1,OBS_20240612_GUJ
2024-06-12,Maharashtra,19.7515,75.7139,0.0,33.4,24.2,994.0,85.5,OBS_20240612_MAH
2024-06-12,Kerala,10.8505,76.2711,26.6,29.9,32.2,994.9,73.7,OBS_20240612_KER
2024-06-12,Rajasthan,27.0238,74.2179,0.0,24.3,30.9,995.6,92.8,OBS_20240612_RAJ
2024-06-12,Odisha,20.9517,85.0985,138.1,28.4,31.2,995.9,98.9,OBS_20240612_ODI
2024-06-12,Assam,26.2006,92.9376,79.6,29.2,34.6,998.2,90.5,OBS_20240612_ASS
2024-06-12,Punjab,31.1471,75.3412,0.0,30.1,27.7,998.7,89.9,OBS_20240612_PUN
2024-06-12,Tamil Nadu,11.1271,78.6569,0.0,31.0,17.3,1003.8,52.6,OBS_20240612_TAM
2024-06-12,Andhra Pradesh,15.9129,79.74,110.1,28.4,34.8,999.0,89.2,OBS_20240612_AND
2024-06-12,West Bengal,22.9868,87.855,139.6,27.2,26.0,997.5,74.7,OBS_20240612_WES
2024-06-12,Madhya Pradesh,22.9734,78.6569,84.7,29.3,36.0,998.9,83.5,OBS_20240612_MAD
2024-06-12,Uttar Pradesh,26.8467,80.9462,15.5,28.0,33.4,996.9,75.9,OBS_20240612_UTT
2024-06-12,Karnataka,15.3173,75.7139,0.0,26.3,32.9,992.8,96.6,OBS_20240612_KAR
2024-06-12,Himachal Pradesh,31.1048,77.1734,0.0,25.7,37.8,997.6,85.9,OBS_20240612_HIM
2024-06-12,Bihar,25.0961,85.3131,0.0,26.2,31.4,995.5,78.0,OBS_20240612_BIH
2024-06-13,Gujarat,22.2587,71.1924,119.3,25.0,34.4,996.3,85.5,OBS_20240613_GUJ
2024-06-13,Maharashtra,19.7515,75.7139,96.2,28.2,30.3,997.1,85.2,OBS_20240613_MAH
2024-06-13,Kerala,10.8505,76.2711,0.0,30.9,32.1,994.7,91.9,OBS_20240613_KER
2024-06-13,Rajasthan,27.0238,74.2179,5.5,28.5,37.8,997.0,84.6,OBS_20240613_RAJ
2024-06-13,Odisha,20.9517,85.0985,12.3,29.1,31.0,997.8,89.9,OBS_20240613_ODI
2024-06-13,Assam,26.2006,92.9376,0.0,31.6,29.0,996.2,93.7,OBS_20240613_ASS
2024-06-13,Punjab,31.1471,75.3412,37.8,29.4,34.6,997.3,78.2,OBS_20240613_PUN
2024-06-13,Tamil Nadu,11.1271,78.6569,6.7,33.4,17.2,1002.8,60.8,OBS_20240613_TAM
2024-06-13,Andhra Pradesh,15.9129,79.74,0.0,26.0,25.2,989.9,94.6,OBS_20240613_AND
2024-06-13,West Bengal,22.9868,87.855,0.0,28.4,36.2,996.7,82.5,OBS_20240613_WES
2024-06-13,Madhya Pradesh,22.9734,78.6569,1.3,26.3,29.6,996.5,81.9,OBS_20240613_MAD
2024-06-13,Uttar Pradesh,26.8467,80.9462,72.8,31.9,37.0,996.1,92.0,OBS_20240613_UTT
2024-06-13,Karnataka,15.3173,75.7139,23.2,32.1,34.6,999.0,96.5,OBS_20240613_KAR
2024-06-13,Himachal Pradesh,31.1048,77.1734,10.0,32.0,37.1,994.5,82.9,OBS_20240613_HIM
2024-06-13,Bihar,25.0961,85.3131,11.3,29.5,35.0,997.4,89.4,OBS_20240613_BIH
2024-06-14,Gujarat,22.2587,71.1924,0.4,29.0,31.2,999.8,81.3,OBS_20240614_GUJ
2024-06-14,Maharashtra,19.7515,75.7139,102.6,27.2,32.5,995.2,79.4,OBS_20240614_MAH
2024-06-14,Kerala,10.8505,76.2711,126.6,27.6,30.0,996.8,84.8,OBS_20240614_KER
2024-06-14,Rajasthan,27.0238,74.2179,9.7,29.3,29.7,996.7,85.9,OBS_20240614_RAJ
2024-06-14,Odisha,20.9517,85.0985,123.8,31.8,35.4,995.4,89.9,OBS_20240614_ODI
2024-06-14,Assam,26.2006,92.9376,0.0,30.3,31.2,992.7,80.0,OBS_20240614_ASS
2024-06-14,Punjab,31.1471,75.3412,154.9,32.8,26.3,996.8,92.5,OBS_20240614_PUN
2024-06-14,Tamil Nadu,11.1271,78.6569,0.0,31.5,20.0,1002.2,66.2,OBS_20240614_TAM
2024-06-14,Andhra Pradesh,15.9129,79.74,120.6,29.4,23.5,994.4,83.7,OBS_20240614_AND
2024-06-14,West Bengal,22.9868,87.855,7.7,30.3,24.9,995.4,82.9,OBS_20240614_WES
2024-06-14,Madhya Pradesh,22.9734,78.6569,0.0,28.0,37.0,994.7,83.1,OBS_20240614_MAD
2024-06-14,Uttar Pradesh,26.8467,80.9462,77.3,30.8,35.9,995.2,86.8,OBS_20240614_UTT
2024-06-14,Karnataka,15.3173,75.7139,128.1,29.6,29.6,1000.7,83.2,OBS_20240614_KAR
2024-06-14,Himachal Pradesh,31.1048,77.1734,0.0,29.2,32.8,997.8,100.0,OBS_20240614_HIM
2024-06-14,Bihar,25.0961,85.3131,187.7,30.9,34.0,992.4,91.7,OBS_20240614_BIH
2024-06-15,Gujarat,22.2587,71.1924,99.4,27.9,37.4,993.3,95.9,OBS_20240615_GUJ
2024-06-15,Maharashtra,19.7515,75.7139,7.0,24.2,32.5,999.0,79.8,OBS_20240615_MAH
2024-06-15,Kerala,10.8505,76.2711,48.1,32.3,28.5,999.6,81.0,OBS_20240615_KER
2024-06-15,Rajasthan,27.0238,74.2179,0.0,31.9,32.8,996.9,91.0,OBS_20240615_RAJ
2024-06-15,Odisha,20.9517,85.0985,112.0,30.7,31.3,996.5,74.9,OBS_20240615_ODI
2024-06-15,Assam,26.2006,92.9376,261.3,30.0,40.0,994.9,93.4,OBS_20240615_ASS
2024-06-15,Punjab,31.1471,75.3412,171.4,25.6,29.2,999.1,80.8,OBS_20240615_PUN
2024-06-15,Tamil Nadu,11.1271,78.6569,6.0,29.8,17.4,1002.0,73.9,OBS_20240615_TAM
2024-06-15,Andhra Pradesh,15.9129,79.74,7.6,28.5,29.2,995.0,84.4,OBS_20240615_AND
2024-06-15,West Bengal,22.9868,87.855,0.0,30.1,27.1,995.4,94.1,OBS_20240615_WES
2024-06-15,Madhya Pradesh,22.9734,78.6569,0.9,25.8,30.9,995.9,86.3,OBS_20240615_MAD
2024-06-15,Uttar Pradesh,26.8467,80.9462,10.8,28.9,36.0,999.1,85.7,OBS_20240615_UTT
2024-06-15,Karnataka,15.3173,75.7139,0.0,30.0,32.3,990.6,86.2,OBS_20240615_KAR
2024-06-15,Himachal Pradesh,31.1048,77.1734,120.4,29.9,30.8,997.0,85.3,OBS_20240615_HIM
2024-06-15,Bihar,25.0961,85.3131,11.4,28.2,29.8,992.1,100.0,OBS_20240615_BIH
2024-06-16,Gujarat,22.2587,71.1924,20.3,29.6,34.1,997.8,73.4,OBS_20240616_GUJ
2024-06-16,Maharashtra,19.7515,75.7139,50.8,28.8,29.0,996.0,90.8,OBS_20240616_MAH
2024-06-16,Kerala,10.8505,76.2711,59.6,23.5,39.2,997.0,84.6,OBS_20240616_KER
2024-06-16,Rajasthan,27.0238,74.2179,11.1,29.7,29.8,996.9,91.3,OBS_20240616_RAJ
2024-06-16,Odisha,20.9517,85.0985,4.2,27.2,28.5,997.4,88.2,OBS_20240616_ODI
2024-06-16,Assam,26.2006,92.9376,15.3,24.0,32.0,994.2,87.3,OBS_20240616_ASS
2024-06-16,Punjab,31.1471,75.3412,0.0,28.9,35.0,993.4,88.8,OBS_20240616_PUN
2024-06-16,Tamil Nadu,11.1271,78.6569,5.2,31.8,19.3,1002.6,49.5,OBS_20240616_TAM
2024-06-16,Andhra Pradesh,15.9129,79.74,17.0,28.7,33.9,996.8,75.3,OBS_20240616_AND
2024-06-16,West Bengal,22.9868,87.855,1.7,29.9,29.2,995.3,90.1,OBS_20240616_WES
2024-06-16,Madhya Pradesh,22.9734,78.6569,7.5,31.2,30.4,992.4,92.4,OBS_20240616_MAD
2024-06-16,Uttar Pradesh,26.8467,80.9462,4.7,29.2,27.2,997.2,91.4,OBS_20240616_UTT
2024-06-16,Karnataka,15.3173,75.7139,34.4,25.2,31.9,993.9,100.0,OBS_20240616_KAR
2024-06-16,Himachal Pradesh,31.1048,77.1734,83.5,31.5,33.5,996.4,90.5,OBS_20240616_HIM
2024-06-16,Bihar,25.0961,85.3131,27.0,29.5,34.1,994.5,91.8,OBS_20240616_BIH
2024-06-17,Gujarat,22.2587,71.1924,98.7,26.7,29.8,997.3,85.0,OBS_20240617_GUJ
2024-06-17,Maharashtra,19.7515,75.7139,5.4,28.2,27.0,997.2,89.0,OBS_20240617_MAH
2024-06-17,Kerala,10.8505,76.2711,0.0,33.4,37.2,994.1,77.9,OBS_20240617_KER
2024-06-17,Rajasthan,27.0238,74.2179,0.0,24.3,39.4,999.2,81.1,OBS_20240617_RAJ
2024-06-17,Odisha,20.9517,85.0985,12.6,29.5,25.5,996.3,92.5,OBS_20240617_ODI
2024-06-17,Assam,26.2006,92.9376,98.5,32.3,31.0,996.9,86.1,OBS_20240617_ASS
2024-06-17,Punjab,31.1471,75.3412,106.8,31.7,28.3,997.2,80.4,OBS_20240617_PUN
2024-06-17,Tamil Nadu,11.1271,78.6569,0.0,29.0,21.7,1001.2,66.9,OBS_20240617_TAM
2024-06-17,Andhra Pradesh,15.9129,79.74,0.0,34.1,41.9,995.7,82.2,OBS_20240617_AND
2024-06-17,West Bengal,22.9868,87.855,3.7,31.3,27.6,993.7,79.8,OBS_20240617_WES
2024-06-17,Madhya Pradesh,22.9734,78.6569,6.2,29.2,37.5,996.1,83.9,OBS_20240617_MAD
2024-06-17,Uttar Pradesh,26.8467,80.9462,175.3,31.9,36.6,996.7,85.5,OBS_20240617_UTT
2024-06-17,Karnataka,15.3173,75.7139,61.9,30.1,42.0,1000.0,85.8,OBS_20240617_KAR
2024-06-17,Himachal Pradesh,31.1048,77.1734,0.0,29.0,31.7,995.9,74.4,OBS_20240617_HIM
2024-06-17,Bihar,25.0961,85.3131,21.1,26.2,34.1,998.0,83.1,OBS_20240617_BIH
2024-06-18,Gujarat,22.2587,71.1924,0.0,32.3,30.1,993.0,100.0,OBS_20240618_GUJ
2024-06-18,Maharashtra,19.7515,75.7139,1.8,26.2,32.6,998.9,80.1,OBS_20240618_MAH
2024-06-18,Kerala,10.8505,76.2711,152.1,29.8,32.4,992.7,76.6,OBS_20240618_KER
2024-06-18,Rajasthan,27.0238,74.2179,22.3,27.8,34.6,996.4,81.6,OBS_20240618_RAJ
2024-06-18,Odisha,20.9517,85.0985,119.7,32.5,39.9,992.1,96.8,OBS_20240618_ODI
2024-06-18,Assam,26.2006,92.9376,8.8,32.6,36.7,995.7,85.4,OBS_20240618_ASS
2024-06-18,Punjab,31.1471,75.3412,61.0,29.2,34.3,994.1,86.7,OBS_20240618_PUN
2024-06-18,Tamil Nadu,11.1271,78.6569,7.7,30.2,22.2,1001.0,65.2,OBS_20240618_TAM
2024-06-18,Andhra Pradesh,15.9129,79.74,30.5,27.2,32.8,995.7,89.2,OBS_20240618_AND
2024-06-18,West Bengal,22.9868,87.855,0.0,28.4,29.9,994.3,85.8,OBS_20240618_WES
2024-06-18,Madhya Pradesh,22.9734,78.6569,33.3,31.8,27.3,994.0,79.6,OBS_20240618_MAD
2024-06-18,Uttar Pradesh,26.8467,80.9462,9.7,26.5,32.7,995.9,87.2,OBS_20240618_UTT
2024-06-18,Karnataka,15.3173,75.7139,32.5,27.5,28.1,994.8,94.2,OBS_20240618_KAR
2024-06-18,Himachal Pradesh,31.1048,77.1734,37.8,25.9,34.6,997.2,76.7,OBS_20240618_HIM
2024-06-18,Bihar,25.0961,85.3131,0.0,32.8,29.3,996.1,79.3,OBS_20240618_BIH
2024-06-19,Gujarat,22.2587,71.1924,28.8,25.8,29.1,992.3,93.3,OBS_20240619_GUJ
2024-06-19,Maharashtra,19.7515,75.7139,0.0,27.2,32.3,997.0,90.4,OBS_20240619_MAH
2024-06-19,Kerala,10.8505,76.2711,134.8,27.1,27.5,998.0,78.9,OBS_20240619_KER
2024-06-19,Rajasthan,27.0238,74.2179,13.7,34.7,26.3,998.9,94.7,OBS_20240619_RAJ
2024-06-19,Odisha,20.9517,85.0985,3.2,26.1,28.5,996.3,73.4,OBS_20240619_ODI
2024-06-19,Assam,26.2006,92.9376,90.3,27.6,32.7,995.3,94.1,OBS_20240619_ASS
2024-06-19,Punjab,31.1471,75.3412,0.0,32.4,34.2,995.7,92.3,OBS_20240619_PUN
2024-06-19,Tamil Nadu,11.1271,78.6569,1.9,29.8,23.4,1005.0,59.2,OBS_20240619_TAM
2024-06-19,Andhra Pradesh,15.9129,79.74,0.0,29.1,31.0,996.8,84.8,OBS_20240619_AND
2024-06-19,West Bengal,22.9868,87.855,177.7,24.8,30.4,998.0,84.6,OBS_20240619_WES
2024-06-19,Madhya Pradesh,22.9734,78.6569,80.4,31.4,34.1,997.0,86.6,OBS_20240619_MAD
2024-06-19,Uttar Pradesh,26.8467,80.9462,124.1,31.8,32.2,1000.6,94.0,OBS_20240619_UTT
2024-06-19,Karnataka,15.3173,75.7139,0.0,26.0,32.1,995.1,83.7,OBS_20240619_KAR
2024-06-19,Himachal Pradesh,31.1048,77.1734,0.0,30.7,32.5,995.3,66.9,OBS_20240619_HIM
2024-06-19,Bihar,25.0961,85.3131,210.9,30.4,34.9,997.2,89.1,OBS_20240619_BIH
2024-06-20,Gujarat,22.2587,71.1924,48.8,29.1,36.7,997.6,90.2,OBS_20240620_GUJ
2024-06-20,Maharashtra,19.7515,75.7139,4.2,26.4,33.8,994.8,88.6,OBS_20240620_MAH
2024-06-20,Kerala,10.8505,76.2711,156.1,27.8,24.6,996.9,93.1,OBS_20240620_KER
2024-06-20,Rajasthan,27.0238,74.2179,7.1,31.4,29.7,996.7,87.8,OBS_20240620_RAJ
2024-06-20,Odisha,20.9517,85.0985,10.1,29.0,28.0,995.4,86.2,OBS_20240620_ODI
2024-06-20,Assam,26.2006,92.9376,5.5,26.5,28.1,997.5,84.3,OBS_20240620_ASS
2024-06-20,Punjab,31.1471,75.3412,96.0,25.3,36.7,999.6,87.2,OBS_20240620_PUN
2024-06-20,Tamil Nadu,11.1271,78.6569,0.0,31.3,19.8,1003.6,77.9,OBS_20240620_TAM
2024-06-20,Andhra Pradesh,15.9129,79.74,64.0,31.6,23.8,992.5,78.7,OBS_20240620_AND
2024-06-20,West Bengal,22.9868,87.855,69.1,31.7,25.0,993.1,70.0,OBS_20240620_WES
2024-06-20,Madhya Pradesh,22.9734,78.6569,0.0,32.1,32.6,998.9,79.6,OBS_20240620_MAD
2024-06-20,Uttar Pradesh,26.8467,80.9462,113.2,30.2,28.7,991.6,78.1,OBS_20240620_UTT
2024-06-20,Karnataka,15.3173,75.7139,0.1,28.1,33.9,993.0,91.4,OBS_20240620_KAR
2024-06-20,Himachal Pradesh,31.1048,77.1734,4.3,29.8,28.7,994.0,76.1,OBS_20240620_HIM
2024-06-20,Bihar,25.0961,85.3131,0.0,30.9,27.4,994.4,87.4,OBS_20240620_BIH
2024-06-21,Gujarat,22.2587,71.1924,0.0,32.4,35.8,991.8,62.8,OBS_20240621_GUJ
2024-06-21,Maharashtra,19.7515,75.7139,2.5,28.3,33.1,996.4,92.4,OBS_20240621_MAH
2024-06-21,Kerala,10.8505,76.2711,8.7,27.7,30.2,997.8,89.2,OBS_20240621_KER
2024-06-21,Rajasthan,27.0238,74.2179,8.3,30.0,31.8,996.5,83.8,OBS_20240621_RAJ
2024-06-21,Odisha,20.9517,85.0985,19.4,30.9,28.8,995.8,81.8,OBS_20240621_ODI
2024-06-21,Assam,26.2006,92.9376,2.2,27.2,32.1,996.3,84.2,OBS_20240621_ASS
2024-06-21,Punjab,31.1471,75.3412,0.0,30.3,21.4,996.3,80.3,OBS_20240621_PUN
2024-06-21,Tamil Nadu,11.1271,78.6569,42.2,32.5,23.4,1001.0,74.3,OBS_20240621_TAM
2024-06-21,Andhra Pradesh,15.9129,79.74,0.0,27.1,33.3,995.1,87.2,OBS_20240621_AND
2024-06-21,West Bengal,22.9868,87.855,124.6,26.3,30.2,995.5,81.2,OBS_20240621_WES
2024-06-21,Madhya Pradesh,22.9734,78.6569,327.6,30.1,33.0,996.3,77.9,OBS_20240621_MAD
2024-06-21,Uttar Pradesh,26.8467,80.9462,117.3,27.9,35.3,996.7,84.8,OBS_20240621_UTT
2024-06-21,Karnataka,15.3173,75.7139,64.8,27.5,32.0,999.0,92.2,OBS_20240621_KAR
2024-06-21,Himachal Pradesh,31.1048,77.1734,0.0,29.0,32.7,994.3,85.6,OBS_20240621_HIM
2024-06-21,Bihar,25.0961,85.3131,2.9,28.9,36.1,994.6,84.4,OBS_20240621_BIH
2024-06-22,Gujarat,22.2587,71.1924,34.0,25.3,37.5,994.7,85.5,OBS_20240622_GUJ
2024-06-22,Maharashtra,19.7515,75.7139,62.2,27.1,29.8,999.5,89.1,OBS_20240622_MAH
2024-06-22,Kerala,10.8505,76.2711,0.0,26.5,33.4,1001.0,97.4,OBS_20240622_KER
2024-06-22,Rajasthan,27.0238,74.2179,2.3,30.2,35.0,997.2,85.0,OBS_20240622_RAJ
2024-06-22,Odisha,20.9517,85.0985,90.6,26.5,35.6,996.2,92.7,OBS_20240622_ODI
2024-06-22,Assam,26.2006,92.9376,88.4,30.8,32.7,995.0,93.3,OBS_20240622_ASS
2024-06-22,Punjab,31.1471,75.3412,0.0,29.6,33.8,995.9,86.9,OBS_20240622_PUN
2024-06-22,Tamil Nadu,11.1271,78.6569,7.6,32.9,22.9,999.6,62.7,OBS_20240622_TAM
2024-06-22,Andhra Pradesh,15.9129,79.74,6.4,30.8,30.3,996.1,94.8,OBS_20240622_AND
2024-06-22,West Bengal,22.9868,87.855,7.4,28.1,31.9,993.9,92.1,OBS_20240622_WES
2024-06-22,Madhya Pradesh,22.9734,78.6569,47.1,28.4,32.5,993.4,92.0,OBS_20240622_MAD
2024-06-22,Uttar Pradesh,26.8467,80.9462,1.4,26.4,23.7,992.6,95.3,OBS_20240622_UTT
2024-06-22,Karnataka,15.3173,75.7139,0.0,29.4,32.5,996.0,89.0,OBS_20240622_KAR
2024-06-22,Himachal Pradesh,31.1048,77.1734,131.3,27.1,33.2,995.4,80.7,OBS_20240622_HIM
2024-06-22,Bihar,25.0961,85.3131,77.0,29.4,28.0,995.3,87.8,OBS_20240622_BIH
2024-06-23,Gujarat,22.2587,71.1924,16.6,28.4,29.7,994.6,89.2,OBS_20240623_GUJ
2024-06-23,Maharashtra,19.7515,75.7139,42.4,31.4,30.8,996.3,88.0,OBS_20240623_MAH
2024-06-23,Kerala,10.8505,76.2711,124.4,30.8,35.0,996.0,90.0,OBS_20240623_KER
2024-06-23,Rajasthan,27.0238,74.2179,0.0,30.7,34.0,994.4,94.9,OBS_20240623_RAJ
2024-06-23,Odisha,20.9517,85.0985,177.6,28.1,36.1,996.7,75.8,OBS_20240623_ODI
2024-06-23,Assam,26.2006,92.9376,0.0,29.3,28.8,1000.9,90.8,OBS_20240623_ASS
2024-06-23,Punjab,31.1471,75.3412,4.6,27.3,31.1,997.5,91.3,OBS_20240623_PUN
2024-06-23,Tamil Nadu,11.1271,78.6569,0.0,27.8,21.5,1002.7,72.5,OBS_20240623_TAM
2024-06-23,Andhra Pradesh,15.9129,79.74,44.0,24.7,34.7,993.8,83.7,OBS_20240623_AND
2024-06-23,West Bengal,22.9868,87.855,0.0,29.8,39.1,995.2,88.2,OBS_20240623_WES
2024-06-23,Madhya Pradesh,22.9734,78.6569,8.9,27.9,28.5,995.5,71.7,OBS_20240623_MAD
2024-06-23,Uttar Pradesh,26.8467,80.9462,53.6,29.3,32.0,999.6,97.5,OBS_20240623_UTT
2024-06-23,Karnataka,15.3173,75.7139,180.6,30.9,35.5,993.3,85.0,OBS_20240623_KAR
2024-06-23,Himachal Pradesh,31.1048,77.1734,26.0,33.2,29.0,997.1,82.2,OBS_20240623_HIM
2024-06-23,Bihar,25.0961,85.3131,0.0,29.0,39.3,995.4,86.3,OBS_20240623_BIH
2024-06-24,Gujarat,22.2587,71.1924,0.0,31.2,32.4,994.2,92.8,OBS_20240624_GUJ
2024-06-24,Maharashtra,19.7515,75.7139,18.8,24.3,28.3,998.1,88.5,OBS_20240624_MAH
2024-06-24,Kerala,10.8505,76.2711,2.7,31.9,30.6,994.7,94.0,OBS_20240624_KER
2024-06-24,Rajasthan,27.0238,74.2179,79.9,29.1,34.2,993.5,87.8,OBS_20240624_RAJ
2024-06-24,Odisha,20.9517,85.0985,0.0,30.2,33.1,996.2,86.3,OBS_20240624_ODI
2024-06-24,Assam,26.2006,92.9376,8.1,27.1,36.2,994.7,73.0,OBS_20240624_ASS
2024-06-24,Punjab,31.1471,75.3412,0.7,25.9,28.3,995.7,89.8,OBS_20240624_PUN
2024-06-24,Tamil Nadu,11.1271,78.6569,10.4,29.7,15.2,1004.1,65.8,OBS_20240624_TAM
2024-06-24,Andhra Pradesh,15.9129,79.74,3.9,28.8,32.6,997.3,87.7,OBS_20240624_AND
2024-06-24,West Bengal,22.9868,87.855,0.0,27.8,27.0,993.7,94.7,OBS_20240624_WES
2024-06-24,Madhya Pradesh,22.9734,78.6569,83.6,30.8,36.1,998.1,76.6,OBS_20240624_MAD
2024-06-24,Uttar Pradesh,26.8467,80.9462,0.0,30.4,31.0,993.3,76.7,OBS_20240624_UTT
2024-06-24,Karnataka,15.3173,75.7139,56.3,35.1,26.4,995.4,98.2,OBS_20240624_KAR
2024-06-24,Himachal Pradesh,31.1048,77.1734,0.0,28.6,31.3,997.2,75.6,OBS_20240624_HIM
2024-06-24,Bihar,25.0961,85.3131,0.0,29.4,32.9,998.6,78.5,OBS_20240624_BIH
2024-06-25,Gujarat,22.2587,71.1924,0.0,28.7,30.9,996.1,93.2,OBS_20240625_GUJ
2024-06-25,Maharashtra,19.7515,75.7139,4.9,31.4,27.0,996.8,82.1,OBS_20240625_MAH
2024-06-25,Kerala,10.8505,76.2711,0.0,27.2,27.1,997.4,78.0,OBS_20240625_KER
2024-06-25,Rajasthan,27.0238,74.2179,10.5,24.7,28.7,999.2,92.5,OBS_20240625_RAJ
2024-06-25,Odisha,20.9517,85.0985,102.9,30.2,33.0,995.2,87.5,OBS_20240625_ODI
2024-06-25,Assam,26.2006,92.9376,137.9,28.1,31.5,992.9,86.6,OBS_20240625_ASS
2024-06-25,Punjab,31.1471,75.3412,10.9,33.8,35.0,995.3,89.6,OBS_20240625_PUN
2024-06-25,Tamil Nadu,11.1271,78.6569,4.7,31.5,17.1,1003.9,61.0,OBS_20240625_TAM
2024-06-25,Andhra Pradesh,15.9129,79.74,78.8,30.7,35.7,996.9,85.1,OBS_20240625_AND
2024-06-25,West Bengal,22.9868,87.855,12.7,34.2,36.9,996.3,89.9,OBS_20240625_WES
2024-06-25,Madhya Pradesh,22.9734,78.6569,137.7,27.6,31.6,993.6,97.7,OBS_20240625_MAD
2024-06-25,Uttar Pradesh,26.8467,80.9462,27.9,29.7,32.9,995.2,70.4,OBS_20240625_UTT
2024-06-25,Karnataka,15.3173,75.7139,189.7,28.1,34.7,997.1,88.1,OBS_20240625_KAR
2024-06-25,Himachal Pradesh,31.1048,77.1734,0.0,29.8,31.3,996.9,92.6,OBS_20240625_HIM
2024-06-25,Bihar,25.0961,85.3131,10.9,25.1,27.7,994.8,83.4,OBS_20240625_BIH
2024-06-26,Gujarat,22.2587,71.1924,109.5,27.9,30.0,998.4,70.9,OBS_20240626_GUJ
2024-06-26,Maharashtra,19.7515,75.7139,0.0,25.6,38.2,997.6,99.3,OBS_20240626_MAH
2024-06-26,Kerala,10.8505,76.2711,27.3,24.7,33.8,995.2,99.1,OBS_20240626_KER
2024-06-26,Rajasthan,27.0238,74.2179,40.5,27.5,31.1,996.7,90.2,OBS_20240626_RAJ
2024-06-26,Odisha,20.9517,85.0985,152.7,28.4,36.0,993.6,97.0,OBS_20240626_ODI
2024-06-26,Assam,26.2006,92.9376,197.0,30.8,24.3,997.1,79.0,OBS_20240626_ASS
2024-06-26,Punjab,31.1471,75.3412,0.0,26.8,31.4,997.1,85.6,OBS_20240626_PUN
2024-06-26,Tamil Nadu,11.1271,78.6569,15.1,27.7,14.8,1002.9,65.0,OBS_20240626_TAM
2024-06-26,Andhra Pradesh,15.9129,79.74,0.0,28.4,30.9,995.2,79.8,OBS_20240626_AND
2024-06-26,West Bengal,22.9868,87.855,102.9,34.2,39.1,994.4,94.8,OBS_20240626_WES
2024-06-26,Madhya Pradesh,22.9734,78.6569,0.0,24.9,31.4,997.4,79.0,OBS_20240626_MAD
2024-06-26,Uttar Pradesh,26.8467,80.9462,40.5,29.2,27.2,995.1,82.3,OBS_20240626_UTT
2024-06-26,Karnataka,15.3173,75.7139,23.3,28.2,36.7,999.0,75.1,OBS_20240626_KAR
2024-06-26,Himachal Pradesh,31.1048,77.1734,40.9,30.4,35.9,994.0,80.5,OBS_20240626_HIM
2024-06-26,Bihar,25.0961,85.3131,5.9,26.2,32.6,997.9,95.6,OBS_20240626_BIH
2024-06-27,Gujarat,22.2587,71.1924,122.4,32.3,31.7,995.2,90.7,OBS_20240627_GUJ
2024-06-27,Maharashtra,19.7515,75.7139,10.9,28.3,41.2,994.9,76.7,OBS_20240627_MAH
2024-06-27,Kerala,10.8505,76.2711,51.1,26.3,25.2,997.8,74.3,OBS_20240627_KER
2024-06-27,Rajasthan,27.0238,74.2179,125.9,31.6,30.9,994.9,90.2,OBS_20240627_RAJ
2024-06-27,Odisha,20.9517,85.0985,115.4,29.3,35.6,997.6,92.2,OBS_20240627_ODI
2024-06-27,Assam,26.2006,92.9376,276.0,34.9,32.0,997.0,74.0,OBS_20240627_ASS
2024-06-27,Punjab,31.1471,75.3412,15.3,26.8,34.0,995.0,83.1,OBS_20240627_PUN
2024-06-27,Tamil Nadu,11.1271,78.6569,12.8,29.3,14.9,1000.6,67.8,OBS_20240627_TAM
2024-06-27,Andhra Pradesh,15.9129,79.74,73.8,26.0,32.7,996.0,82.3,OBS_20240627_AND
2024-06-27,West Bengal,22.9868,87.855,45.6,29.2,31.8,997.3,98.1,OBS_20240627_WES
2024-06-27,Madhya Pradesh,22.9734,78.6569,26.5,29.5,34.8,991.8,88.0,OBS_20240627_MAD
2024-06-27,Uttar Pradesh,26.8467,80.9462,264.6,36.5,37.5,996.4,100.0,OBS_20240627_UTT
2024-06-27,Karnataka,15.3173,75.7139,16.9,33.2,31.0,997.1,84.4,OBS_20240627_KAR
2024-06-27,Himachal Pradesh,31.1048,77.1734,0.0,28.1,36.3,997.0,88.3,OBS_20240627_HIM
2024-06-27,Bihar,25.0961,85.3131,47.9,33.5,37.5,994.8,91.3,OBS_20240627_BIH
2024-06-28,Gujarat,22.2587,71.1924,15.3,25.7,35.7,992.3,85.1,OBS_20240628_GUJ
2024-06-28,Maharashtra,19.7515,75.7139,34.0,28.1,38.9,1001.5,72.1,OBS_20240628_MAH
2024-06-28,Kerala,10.8505,76.2711,0.0,28.6,39.0,993.4,74.6,OBS_20240628_KER
2024-06-28,Rajasthan,27.0238,74.2179,4.4,35.1,29.5,994.5,76.6,OBS_20240628_RAJ
2024-06-28,Odisha,20.9517,85.0985,96.1,32.0,32.1,995.3,98.7,OBS_20240628_ODI
2024-06-28,Assam,26.2006,92.9376,0.0,27.0,27.3,998.4,83.2,OBS_20240628_ASS
2024-06-28,Punjab,31.1471,75.3412,0.0,27.6,34.7,993.9,84.7,OBS_20240628_PUN
2024-06-28,Tamil Nadu,11.1271,78.6569,11.9,36.7,15.0,1002.1,70.5,OBS_20240628_TAM
2024-06-28,Andhra Pradesh,15.9129,79.74,49.7,27.7,36.5,999.3,81.1,OBS_20240628_AND
2024-06-28,West Bengal,22.9868,87.855,86.5,30.6,37.0,994.5,71.2,OBS_20240628_WES
2024-06-28,Madhya Pradesh,22.9734,78.6569,23.4,24.1,36.4,997.0,90.8,OBS_20240628_MAD
2024-06-28,Uttar Pradesh,26.8467,80.9462,88.7,33.3,31.6,999.5,92.0,OBS_20240628_UTT
2024-06-28,Karnataka,15.3173,75.7139,122.9,27.9,37.3,995.6,85.1,OBS_20240628_KAR
2024-06-28,Himachal Pradesh,31.1048,77.1734,15.1,24.2,32.9,995.6,95.5,OBS_20240628_HIM
2024-06-28,Bihar,25.0961,85.3131,5.1,29.8,36.1,997.6,85.3,OBS_20240628_BIH
2024-06-29,Gujarat,22.2587,71.1924,124.3,29.2,31.5,999.2,78.5,OBS_20240629_GUJ
2024-06-29,Maharashtra,19.7515,75.7139,98.6,27.9,36.9,992.4,82.2,OBS_20240629_MAH
2024-06-29,Kerala,10.8505,76.2711,1.0,29.4,33.4,996.7,85.0,OBS_20240629_KER
2024-06-29,Rajasthan,27.0238,74.2179,99.2,26.1,31.0,996.3,96.2,OBS_20240629_RAJ
2024-06-29,Odisha,20.9517,85.0985,12.5,29.8,34.9,995.8,80.8,OBS_20240629_ODI
2024-06-29,Assam,26.2006,92.9376,5.1,31.0,31.8,996.6,82.3,OBS_20240629_ASS
2024-06-29,Punjab,31.1471,75.3412,0.0,33.7,29.1,991.8,91.4,OBS_20240629_PUN
2024-06-29,Tamil Nadu,11.1271,78.6569,0.0,27.6,14.0,1004.9,65.3,OBS_20240629_TAM
2024-06-29,Andhra Pradesh,15.9129,79.74,0.0,28.7,37.0,994.0,91.9,OBS_20240629_AND
2024-06-29,West Bengal,22.9868,87.855,109.7,24.0,37.8,994.6,68.6,OBS_20240629_WES
2024-06-29,Madhya Pradesh,22.9734,78.6569,5.5,29.3,32.0,1000.4,88.2,OBS_20240629_MAD
2024-06-29,Uttar Pradesh,26.8467,80.9462,105.5,29.4,33.3,999.6,79.2,OBS_20240629_UTT
2024-06-29,Karnataka,15.3173,75.7139,97.7,27.3,32.9,995.0,78.1,OBS_20240629_KAR
2024-06-29,Himachal Pradesh,31.1048,77.1734,2.2,31.6,32.0,994.8,97.4,OBS_20240629_HIM
2024-06-29,Bihar,25.0961,85.3131,275.8,30.2,27.9,993.8,93.1,OBS_20240629_BIH
2024-06-30,Gujarat,22.2587,71.1924,0.0,31.4,30.6,994.2,92.1,OBS_20240630_GUJ
2024-06-30,Maharashtra,19.7515,75.7139,0.0,26.6,28.0,1001.0,78.7,OBS_20240630_MAH
2024-06-30,Kerala,10.8505,76.2711,4.9,27.2,31.2,997.6,89.9,OBS_20240630_KER
2024-06-30,Rajasthan,27.0238,74.2179,53.1,28.6,34.8,994.2,83.0,OBS_20240630_RAJ
2024-06-30,Odisha,20.9517,85.0985,2.9,30.4,37.9,995.7,99.5,OBS_20240630_ODI
2024-06-30,Assam,26.2006,92.9376,29.7,31.2,30.4,997.4,84.2,OBS_20240630_ASS
2024-06-30,Punjab,31.1471,75.3412,5.3,28.8,38.4,994.1,83.9,OBS_20240630_PUN
2024-06-30,Tamil Nadu,11.1271,78.6569,4.7,36.8,15.5,1003.8,60.6,OBS_20240630_TAM
2024-06-30,Andhra Pradesh,15.9129,79.74,0.0,30.6,32.7,996.6,73.5,OBS_20240630_AND
2024-06-30,West Bengal,22.9868,87.855,208.2,30.5,34.8,993.9,83.9,OBS_20240630_WES
2024-06-30,Madhya Pradesh,22.9734,78.6569,0.0,26.3,36.2,1000.7,75.5,OBS_20240630_MAD
2024-06-30,Uttar Pradesh,26.8467,80.9462,21.0,30.3,29.6,998.2,88.0,OBS_20240630_UTT
2024-06-30,Karnataka,15.3173,75.7139,8.8,26.9,33.8,996.0,87.2,OBS_20240630_KAR
2024-06-30,Himachal Pradesh,31.1048,77.1734,0.0,29.9,35.2,996.4,87.0,OBS_20240630_HIM
2024-06-30,Bihar,25.0961,85.3131,31.6,28.0,28.2,996.3,92.4,OBS_20240630_BIH
2024-07-01,Gujarat,22.2587,71.1924,13.9,28.9,27.0,993.3,92.9,OBS_20240701_GUJ
2024-07-01,Maharashtra,19.7515,75.7139,16.6,27.9,32.1,1000.0,93.8,OBS_20240701_MAH
2024-07-01,Kerala,10.8505,76.2711,0.0,28.6,35.9,995.8,96.5,OBS_20240701_KER
2024-07-01,Rajasthan,27.0238,74.2179,0.0,22.9,32.2,999.0,95.8,OBS_20240701_RAJ
2024-07-01,Odisha,20.9517,85.0985,2.5,30.7,28.7,995.7,94.4,OBS_20240701_ODI
2024-07-01,Assam,26.2006,92.9376,112.4,28.2,38.0,995.6,80.6,OBS_20240701_ASS
2024-07-01,Punjab,31.1471,75.3412,142.2,30.1,23.3,997.0,83.6,OBS_20240701_PUN
2024-07-01,Tamil Nadu,11.1271,78.6569,18.9,30.8,23.1,1004.6,67.1,OBS_20240701_TAM
2024-07-01,Andhra Pradesh,15.9129,79.74,122.4,30.2,30.6,995.3,88.5,OBS_20240701_AND
2024-07-01,West Bengal,22.9868,87.855,47.8,30.4,31.9,993.9,94.9,OBS_20240701_WES
2024-07-01,Madhya Pradesh,22.9734,78.6569,50.7,29.7,31.0,995.0,80.8,OBS_20240701_MAD
2024-07-01,Uttar Pradesh,26.8467,80.9462,3.2,30.5,30.6,997.8,89.6,OBS_20240701_UTT
2024-07-01,Karnataka,15.3173,75.7139,0.0,29.3,33.0,996.4,87.4,OBS_20240701_KAR
2024-07-01,Himachal Pradesh,31.1048,77.1734,0.0,24.3,34.3,994.0,80.5,OBS_20240701_HIM
2024-07-01,Bihar,25.0961,85.3131,6.3,29.7,33.2,994.7,89.6,OBS_20240701_BIH
2024-07-02,Gujarat,22.2587,71.1924,0.0,30.1,30.6,997.1,95.1,OBS_20240702_GUJ
2024-07-02,Maharashtra,19.7515,75.7139,0.0,30.1,35.3,997.4,88.5,OBS_20240702_MAH
2024-07-02,Kerala,10.8505,76.2711,144.7,33.3,28.9,996.2,75.7,OBS_20240702_KER
2024-07-02,Rajasthan,27.0238,74.2179,14.2,27.4,29.0,998.9,79.6,OBS_20240702_RAJ
2024-07-02,Odisha,20.9517,85.0985,24.2,29.9,27.9,995.2,88.1,OBS_20240702_ODI
2024-07-02,Assam,26.2006,92.9376,0.0,28.2,31.6,994.0,88.0,OBS_20240702_ASS
2024-07-02,Punjab,31.1471,75.3412,0.0,28.0,35.3,995.6,85.7,OBS_20240702_PUN
2024-07-02,Tamil Nadu,11.1271,78.6569,0.0,28.7,21.3,1004.1,57.5,OBS_20240702_TAM
2024-07-02,Andhra Pradesh,15.9129,79.74,47.0,29.9,35.6,996.7,85.0,OBS_20240702_AND
2024-07-02,West Bengal,22.9868,87.855,0.0,30.6,21.6,1001.4,84.3,OBS_20240702_WES
2024-07-02,Madhya Pradesh,22.9734,78.6569,7.6,24.3,31.1,996.0,84.0,OBS_20240702_MAD
2024-07-02,Uttar Pradesh,26.8467,80.9462,132.8,34.3,27.8,993.2,77.7,OBS_20240702_UTT
2024-07-02,Karnataka,15.3173,75.7139,56.2,24.8,41.9,994.5,94.1,OBS_20240702_KAR
2024-07-02,Himachal Pradesh,31.1048,77.1734,0.0,29.6,36.5,995.2,100.0,OBS_20240702_HIM
2024-07-02,Bihar,25.0961,85.3131,6.8,29.6,36.7,998.8,94.8,OBS_20240702_BIH
2024-07-03,Gujarat,22.2587,71.1924,2.6,27.7,37.3,993.1,66.9,OBS_20240703_GUJ
2024-07-03,Maharashtra,19.7515,75.7139,109.6,30.7,34.6,990.9,92.3,OBS_20240703_MAH
2024-07-03,Kerala,10.8505,76.2711,105.7,30.9,32.4,994.5,84.4,OBS_20240703_KER
2024-07-03,Rajasthan,27.0238,74.2179,113.4,28.7,33.0,995.3,80.2,OBS_20240703_RAJ
2024-07-03,Odisha,20.9517,85.0985,39.1,34.8,24.0,996.1,78.7,OBS_20240703_ODI
2024-07-03,Assam,26.2006,92.9376,0.0,28.0,26.2,999.0,84.2,OBS_20240703_ASS
2024-07-03,Punjab,31.1471,75.3412,30.4,30.0,36.6,997.7,76.4,OBS_20240703_PUN
2024-07-03,Tamil Nadu,11.1271,78.6569,1.7,27.6,14.3,1001.7,61.9,OBS_20240703_TAM
2024-07-03,Andhra Pradesh,15.9129,79.74,14.8,27.9,27.6,995.1,84.7,OBS_20240703_AND
2024-07-03,West Bengal,22.9868,87.855,0.0,27.8,28.8,996.0,82.3,OBS_20240703_WES
2024-07-03,Madhya Pradesh,22.9734,78.6569,15.1,30.1,33.4,998.7,84.5,OBS_20240703_MAD
2024-07-03,Uttar Pradesh,26.8467,80.9462,72.7,29.5,31.9,1000.0,90.4,OBS_20240703_UTT
2024-07-03,Karnataka,15.3173,75.7139,92.8,29.0,26.7,993.5,89.1,OBS_20240703_KAR
2024-07-03,Himachal Pradesh,31.1048,77.1734,0.7,33.0,29.5,999.0,93.1,OBS_20240703_HIM
2024-07-03,Bihar,25.0961,85.3131,88.4,28.0,31.0,998.3,93.5,OBS_20240703_BIH
2024-07-04,Gujarat,22.2587,71.1924,6.5,29.7,32.1,994.3,80.1,OBS_20240704_GUJ
2024-07-04,Maharashtra,19.7515,75.7139,67.9,31.0,27.3,998.2,81.1,OBS_20240704_MAH
2024-07-04,Kerala,10.8505,76.2711,48.5,27.3,35.4,996.0,90.8,OBS_20240704_KER
2024-07-04,Rajasthan,27.0238,74.2179,0.0,27.3,31.8,994.2,92.6,OBS_20240704_RAJ
2024-07-04,Odisha,20.9517,85.0985,115.1,30.2,32.3,996.2,83.5,OBS_20240704_ODI
2024-07-04,Assam,26.2006,92.9376,153.7,30.7,32.2,995.7,82.7,OBS_20240704_ASS
2024-07-04,Punjab,31.1471,75.3412,0.0,28.9,30.5,997.2,85.2,OBS_20240704_PUN
2024-07-04,Tamil Nadu,11.1271,78.6569,0.0,36.1,18.3,1001.0,63.1,OBS_20240704_TAM
2024-07-04,Andhra Pradesh,15.9129,79.74,16.2,30.7,36.6,996.5,75.8,OBS_20240704_AND
2024-07-04,West Bengal,22.9868,87.855,15.6,31.7,36.4,997.3,81.7,OBS_20240704_WES
2024-07-04,Madhya Pradesh,22.9734,78.6569,3.0,31.9,32.4,995.4,99.5,OBS_20240704_MAD
2024-07-04,Uttar Pradesh,26.8467,80.9462,2.8,25.2,36.0,993.2,84.2,OBS_20240704_UTT
2024-07-04,Karnataka,15.3173,75.7139,4.6,27.2,33.5,997.3,83.9,OBS_20240704_KAR
2024-07-04,Himachal Pradesh,31.1048,77.1734,15.3,27.0,33.2,995.5,75.3,OBS_20240704_HIM
2024-07-04,Bihar,25.0961,85.3131,0.9,28.7,24.7,994.1,87.9,OBS_20240704_BIH
2024-07-05,Gujarat,22.2587,71.1924,5.9,26.3,31.4,994.8,84.0,OBS_20240705_GUJ
2024-07-05,Maharashtra,19.7515,75.7139,79.0,27.4,32.2,992.9,86.5,OBS_20240705_MAH
2024-07-05,Kerala,10.8505,76.2711,46.3,29.4,34.4,994.5,97.0,OBS_20240705_KER
2024-07-05,Rajasthan,27.0238,74.2179,21.4,27.2,29.7,998.0,85.2,OBS_20240705_RAJ
2024-07-05,Odisha,20.9517,85.0985,92.2,33.5,29.4,995.4,93.6,OBS_20240705_ODI
2024-07-05,Assam,26.2006,92.9376,47.6,26.1,29.2,996.6,81.4,OBS_20240705_ASS
2024-07-05,Punjab,31.1471,75.3412,11.0,28.3,31.1,994.6,94.3,OBS_20240705_PUN
2024-07-05,Tamil Nadu,11.1271,78.6569,7.5,31.8,22.3,1004.3,60.6,OBS_20240705_TAM
2024-07-05,Andhra Pradesh,15.9129,79.74,26.6,27.6,33.9,994.0,87.5,OBS_20240705_AND
2024-07-05,West Bengal,22.9868,87.855,0.8,34.5,36.4,997.1,84.3,OBS_20240705_WES
2024-07-05,Madhya Pradesh,22.9734,78.6569,74.4,34.4,28.8,994.6,94.9,OBS_20240705_MAD
2024-07-05,Uttar Pradesh,26.8467,80.9462,0.0,23.9,36.0,995.1,82.1,OBS_20240705_UTT
2024-07-05,Karnataka,15.3173,75.7139,130.3,32.0,31.0,991.1,100.0,OBS_20240705_KAR
2024-07-05,Himachal Pradesh,31.1048,77.1734,0.0,29.8,40.0,996.0,65.0,OBS_20240705_HIM
2024-07-05,Bihar,25.0961,85.3131,0.0,32.1,39.9,995.8,88.0,OBS_20240705_BIH
2024-07-06,Gujarat,22.2587,71.1924,123.8,28.0,24.6,996.1,80.5,OBS_20240706_GUJ
2024-07-06,Maharashtra,19.7515,75.7139,56.6,24.1,37.3,996.5,83.9,OBS_20240706_MAH
2024-07-06,Kerala,10.8505,76.2711,13.4,27.0,26.8,996.2,89.7,OBS_20240706_KER
2024-07-06,Rajasthan,27.0238,74.2179,24.0,29.3,35.7,993.8,96.7,OBS_20240706_RAJ
2024-07-06,Odisha,20.9517,85.0985,74.1,28.4,31.8,994.8,74.2,OBS_20240706_ODI
2024-07-06,Assam,26.2006,92.9376,0.0,26.6,29.6,997.3,82.5,OBS_20240706_ASS
2024-07-06,Punjab,31.1471,75.3412,0.0,33.9,33.8,995.0,87.2,OBS_20240706_PUN
2024-07-06,Tamil Nadu,11.1271,78.6569,0.0,35.4,17.9,1002.0,69.7,OBS_20240706_TAM
2024-07-06,Andhra Pradesh,15.9129,79.74,53.3,22.0,34.7,998.6,76.0,OBS_20240706_AND
2024-07-06,West Bengal,22.9868,87.855,180.1,25.0,34.0,992.9,80.7,OBS_20240706_WES
2024-07-06,Madhya Pradesh,22.9734,78.6569,66.6,30.6,32.8,995.5,93.9,OBS_20240706_MAD
2024-07-06,Uttar Pradesh,26.8467,80.9462,0.0,31.3,23.3,993.2,89.1,OBS_20240706_UTT
2024-07-06,Karnataka,15.3173,75.7139,143.6,30.0,32.4,992.9,80.2,OBS_20240706_KAR
2024-07-06,Himachal Pradesh,31.1048,77.1734,15.6,25.5,24.5,995.0,94.3,OBS_20240706_HIM
2024-07-06,Bihar,25.0961,85.3131,0.2,31.4,35.9,996.6,79.6,OBS_20240706_BIH
2024-07-07,Gujarat,22.2587,71.1924,3.8,30.8,27.1,997.3,86.7,OBS_20240707_GUJ
2024-07-07,Maharashtra,19.7515,75.7139,19.0,33.5,25.4,996.2,89.3,OBS_20240707_MAH
2024-07-07,Kerala,10.8505,76.2711,25.7,30.2,29.7,994.8,91.2,OBS_20240707_KER
2024-07-07,Rajasthan,27.0238,74.2179,0.5,29.0,35.7,993.0,79.4,OBS_20240707_RAJ
2024-07-07,Odisha,20.9517,85.0985,0.0,29.5,32.0,996.2,98.3,OBS_20240707_ODI
2024-07-07,Assam,26.2006,92.9376,0.0,29.6,34.1,994.5,89.1,OBS_20240707_ASS
2024-07-07,Punjab,31.1471,75.3412,48.7,30.0,29.5,995.4,80.9,OBS_20240707_PUN
2024-07-07,Tamil Nadu,11.1271,78.6569,0.0,31.5,14.3,1002.9,78.6,OBS_20240707_TAM
2024-07-07,Andhra Pradesh,15.9129,79.74,125.1,27.7,29.3,997.7,93.2,OBS_20240707_AND
2024-07-07,West Bengal,22.9868,87.855,51.9,30.9,25.2,995.1,87.8,OBS_20240707_WES
2024-07-07,Madhya Pradesh,22.9734,78.6569,0.0,27.8,29.6,996.4,89.7,OBS_20240707_MAD
2024-07-07,Uttar Pradesh,26.8467,80.9462,40.8,29.3,32.1,995.4,77.9,OBS_20240707_UTT
2024-07-07,Karnataka,15.3173,75.7139,7.1,27.2,30.4,996.5,100.0,OBS_20240707_KAR
2024-07-07,Himachal Pradesh,31.1048,77.1734,0.0,28.4,29.3,994.3,87.3,OBS_20240707_HIM
2024-07-07,Bihar,25.0961,85.3131,1.4,28.9,38.4,996.7,85.2,OBS_20240707_BIH
2024-07-08,Gujarat,22.2587,71.1924,41.9,26.6,33.2,996.0,86.6,OBS_20240708_GUJ
2024-07-08,Maharashtra,19.7515,75.7139,0.0,24.7,26.6,995.9,80.2,OBS_20240708_MAH
2024-07-08,Kerala,10.8505,76.2711,30.9,30.7,34.6,998.3,99.2,OBS_20240708_KER
2024-07-08,Rajasthan,27.0238,74.2179,0.0,28.9,32.8,996.1,88.9,OBS_20240708_RAJ
2024-07-08,Odisha,20.9517,85.0985,35.5,27.8,32.1,994.1,80.9,OBS_20240708_ODI
2024-07-08,Assam,26.2006,92.9376,0.0,28.0,30.0,992.7,83.9,OBS_20240708_ASS
2024-07-08,Punjab,31.1471,75.3412,116.4,30.7,32.6,995.5,91.0,OBS_20240708_PUN
2024-07-08,Tamil Nadu,11.1271,78.6569,19.3,31.4,20.8,1004.1,69.3,OBS_20240708_TAM
2024-07-08,Andhra Pradesh,15.9129,79.74,2.7,27.8,32.8,999.0,78.2,OBS_20240708_AND
2024-07-08,West Bengal,22.9868,87.855,34.5,29.5,31.7,994.8,86.7,OBS_20240708_WES
2024-07-08,Madhya Pradesh,22.9734,78.6569,0.0,29.9,34.9,996.1,85.2,OBS_20240708_MAD
2024-07-08,Uttar Pradesh,26.8467,80.9462,0.0,29.2,29.8,996.0,95.4,OBS_20240708_UTT
2024-07-08,Karnataka,15.3173,75.7139,114.4,29.8,28.3,994.0,85.8,OBS_20240708_KAR
2024-07-08,Himachal Pradesh,31.1048,77.1734,72.1,25.5,28.9,998.5,87.8,OBS_20240708_HIM
2024-07-08,Bihar,25.0961,85.3131,0.0,30.3,32.0,996.3,86.3,OBS_20240708_BIH
2024-07-09,Gujarat,22.2587,71.1924,120.2,30.9,33.4,995.0,86.8,OBS_20240709_GUJ
2024-07-09,Maharashtra,19.7515,75.7139,14.0,29.9,30.6,1000.3,88.7,OBS_20240709_MAH
2024-07-09,Kerala,10.8505,76.2711,96.8,30.0,25.0,995.9,86.6,OBS_20240709_KER
2024-07-09,Rajasthan,27.0238,74.2179,3.1,28.7,35.9,995.2,93.5,OBS_20240709_RAJ
2024-07-09,Odisha,20.9517,85.0985,0.0,28.8,25.6,995.4,83.3,OBS_20240709_ODI
2024-07-09,Assam,26.2006,92.9376,116.1,26.6,35.7,995.8,85.8,OBS_20240709_ASS
2024-07-09,Punjab,31.1471,75.3412,16.2,29.2,38.3,993.3,86.7,OBS_20240709_PUN
2024-07-09,Tamil Nadu,11.1271,78.6569,10.4,32.7,11.9,1003.4,69.0,OBS_20240709_TAM
2024-07-09,Andhra Pradesh,15.9129,79.74,0.0,25.2,32.3,996.8,78.4,OBS_20240709_AND
2024-07-09,West Bengal,22.9868,87.855,0.0,27.0,33.5,991.4,74.7,OBS_20240709_WES
2024-07-09,Madhya Pradesh,22.9734,78.6569,38.9,28.3,27.8,995.7,86.9,OBS_20240709_MAD
2024-07-09,Uttar Pradesh,26.8467,80.9462,149.3,27.2,30.5,995.3,75.4,OBS_20240709_UTT
2024-07-09,Karnataka,15.3173,75.7139,12.2,28.2,29.8,995.6,84.6,OBS_20240709_KAR
2024-07-09,Himachal Pradesh,31.1048,77.1734,11.4,31.5,31.6,997.8,92.4,OBS_20240709_HIM
2024-07-09,Bihar,25.0961,85.3131,69.8,25.1,25.2,999.0,98.7,OBS_20240709_BIH
2024-07-10,Gujarat,22.2587,71.1924,90.3,26.3,31.6,995.5,97.8,OBS_20240710_GUJ
2024-07-10,Maharashtra,19.7515,75.7139,0.0,30.7,30.3,995.6,77.8,OBS_20240710_MAH
2024-07-10,Kerala,10.8505,76.2711,567.2,29.9,30.1,994.5,85.0,OBS_20240710_KER
2024-07-10,Rajasthan,27.0238,74.2179,23.5,26.2,21.7,994.2,94.4,OBS_20240710_RAJ
2024-07-10,Odisha,20.9517,85.0985,0.0,28.6,31.0,997.1,81.2,OBS_20240710_ODI
2024-07-10,Assam,26.2006,92.9376,159.6,30.0,29.6,998.9,73.6,OBS_20240710_ASS
2024-07-10,Punjab,31.1471,75.3412,11.4,30.7,36.3,996.4,77.7,OBS_20240710_PUN
2024-07-10,Tamil Nadu,11.1271,78.6569,0.0,29.6,24.5,1006.8,68.2,OBS_20240710_TAM
2024-07-10,Andhra Pradesh,15.9129,79.74,0.0,29.1,33.0,994.7,94.1,OBS_20240710_AND
2024-07-10,West Bengal,22.9868,87.855,35.6,31.3,35.4,996.4,88.2,OBS_20240710_WES
2024-07-10,Madhya Pradesh,22.9734,78.6569,0.0,27.2,39.6,995.2,81.9,OBS_20240710_MAD
2024-07-10,Uttar Pradesh,26.8467,80.9462,0.0,28.4,29.9,994.2,89.8,OBS_20240710_UTT
2024-07-10,Karnataka,15.3173,75.7139,60.1,29.1,31.9,994.9,83.3,OBS_20240710_KAR
2024-07-10,Himachal Pradesh,31.1048,77.1734,0.0,31.5,30.6,992.3,92.0,OBS_20240710_HIM
2024-07-10,Bihar,25.0961,85.3131,118.8,31.5,32.6,997.5,82.8,OBS_20240710_BIH
2024-07-11,Gujarat,22.2587,71.1924,21.9,24.8,41.4,987.9,99.1,OBS_20240711_GUJ
2024-07-11,Maharashtra,19.7515,75.7139,0.0,27.5,45.1,991.3,91.8,OBS_20240711_MAH
2024-07-11,Kerala,10.8505,76.2711,10.5,27.6,49.5,990.2,100.0,OBS_20240711_KER
2024-07-11,Rajasthan,27.0238,74.2179,0.0,29.7,45.5,994.5,98.1,OBS_20240711_RAJ
2024-07-11,Odisha,20.9517,85.0985,54.9,29.1,41.2,991.7,100.0,OBS_20240711_ODI
2024-07-11,Assam,26.2006,92.9376,137.8,25.9,34.4,991.4,100.0,OBS_20240711_ASS
2024-07-11,Punjab,31.1471,75.3412,2.6,29.4,38.4,990.9,94.3,OBS_20240711_PUN
2024-07-11,Tamil Nadu,11.1271,78.6569,29.0,34.8,21.1,1007.8,67.3,OBS_20240711_TAM
2024-07-11,Andhra Pradesh,15.9129,79.74,4.2,29.5,43.8,990.7,98.2,OBS_20240711_AND
2024-07-11,West Bengal,22.9868,87.855,0.0,25.3,37.6,993.4,87.9,OBS_20240711_WES
2024-07-11,Madhya Pradesh,22.9734,78.6569,0.0,30.3,40.2,988.2,100.0,OBS_20240711_MAD
2024-07-11,Uttar Pradesh,26.8467,80.9462,35.2,24.4,39.0,991.4,100.0,OBS_20240711_UTT
2024-07-11,Karnataka,15.3173,75.7139,20.3,28.7,44.1,989.7,100.0,OBS_20240711_KAR
2024-07-11,Himachal Pradesh,31.1048,77.1734,1.1,25.1,40.6,994.5,100.0,OBS_20240711_HIM
2024-07-11,Bihar,25.0961,85.3131,0.0,23.5,41.0,993.2,100.0,OBS_20240711_BIH
2024-07-12,Gujarat,22.2587,71.1924,69.7,26.1,39.7,991.8,97.8,OBS_20240712_GUJ
2024-07-12,Maharashtra,19.7515,75.7139,0.0,30.7,41.4,989.9,100.0,OBS_20240712_MAH
2024-07-12,Kerala,10.8505,76.2711,201.3,27.6,46.0,991.8,96.0,OBS_20240712_KER
2024-07-12,Rajasthan,27.0238,74.2179,0.0,25.2,39.6,990.8,94.2,OBS_20240712_RAJ
2024-07-12,Odisha,20.9517,85.0985,305.7,29.3,42.8,987.1,91.2,OBS_20240712_ODI
2024-07-12,Assam,26.2006,92.9376,126.2,30.3,37.2,987.1,93.0,OBS_20240712_ASS
2024-07-12,Punjab,31.1471,75.3412,0.0,31.6,37.6,993.7,92.6,OBS_20240712_PUN
2024-07-12,Tamil Nadu,11.1271,78.6569,17.5,32.9,9.2,1004.0,48.5,OBS_20240712_TAM
2024-07-12,Andhra Pradesh,15.9129,79.74,98.0,31.3,36.7,990.1,100.0,OBS_20240712_AND
2024-07-12,West Bengal,22.9868,87.855,120.8,26.7,43.5,988.5,99.9,OBS_20240712_WES
2024-07-12,Madhya Pradesh,22.9734,78.6569,172.9,28.2,41.6,989.4,84.0,OBS_20240712_MAD
2024-07-12,Uttar Pradesh,26.8467,80.9462,19.4,30.7,46.6,992.7,98.6,OBS_20240712_UTT
2024-07-12,Karnataka,15.3173,75.7139,198.5,29.4,37.3,992.3,96.6,OBS_20240712_KAR
2024-07-12,Himachal Pradesh,31.1048,77.1734,6.3,26.6,36.2,992.9,93.9,OBS_20240712_HIM
2024-07-12,Bihar,25.0961,85.3131,15.5,29.1,43.1,989.2,100.0,OBS_20240712_BIH
2024-07-13,Gujarat,22.2587,71.1924,0.0,25.3,46.2,995.5,93.8,OBS_20240713_GUJ
2024-07-13,Maharashtra,19.7515,75.7139,22.6,27.7,48.2,992.6,97.6,OBS_20240713_MAH
2024-07-13,Kerala,10.8505,76.2711,0.0,30.0,45.5,992.7,77.5,OBS_20240713_KER
2024-07-13,Rajasthan,27.0238,74.2179,66.5,28.8,50.8,994.9,100.0,OBS_20240713_RAJ
2024-07-13,Odisha,20.9517,85.0985,0.0,26.8,43.4,992.5,99.6,OBS_20240713_ODI
2024-07-13,Assam,26.2006,92.9376,0.0,26.7,42.6,989.4,97.2,OBS_20240713_ASS
2024-07-13,Punjab,31.1471,75.3412,20.4,27.9,45.3,993.2,100.0,OBS_20240713_PUN
2024-07-13,Tamil Nadu,11.1271,78.6569,0.0,32.8,22.6,1001.2,53.0,OBS_20240713_TAM
2024-07-13,Andhra Pradesh,15.9129,79.74,27.9,28.1,40.4,994.5,91.2,OBS_20240713_AND
2024-07-13,West Bengal,22.9868,87.855,18.6,23.1,41.5,990.5,96.2,OBS_20240713_WES
2024-07-13,Madhya Pradesh,22.9734,78.6569,0.0,25.7,45.8,989.9,100.0,OBS_20240713_MAD
2024-07-13,Uttar Pradesh,26.8467,80.9462,155.0,26.9,41.3,988.8,95.5,OBS_20240713_UTT
2024-07-13,Karnataka,15.3173,75.7139,121.4,25.6,42.3,989.5,100.0,OBS_20240713_KAR
2024-07-13,Himachal Pradesh,31.1048,77.1734,107.1,25.7,42.5,989.7,93.7,OBS_20240713_HIM
2024-07-13,Bihar,25.0961,85.3131,0.0,26.9,35.6,992.8,100.0,OBS_20240713_BIH
2024-07-14,Gujarat,22.2587,71.1924,39.4,26.4,36.5,989.1,89.2,OBS_20240714_GUJ
2024-07-14,Maharashtra,19.7515,75.7139,65.8,28.5,35.5,990.1,94.3,OBS_20240714_MAH
2024-07-14,Kerala,10.8505,76.2711,0.0,23.1,47.6,991.1,88.8,OBS_20240714_KER
2024-07-14,Rajasthan,27.0238,74.2179,71.6,30.5,42.0,989.5,96.1,OBS_20240714_RAJ
2024-07-14,Odisha,20.9517,85.0985,98.7,30.4,35.5,992.3,100.0,OBS_20240714_ODI
2024-07-14,Assam,26.2006,92.9376,0.0,29.3,45.1,990.1,91.0,OBS_20240714_ASS
2024-07-14,Punjab,31.1471,75.3412,78.5,32.0,44.1,991.4,99.1,OBS_20240714_PUN
2024-07-14,Tamil Nadu,11.1271,78.6569,0.0,31.5,20.1,999.4,76.1,OBS_20240714_TAM
2024-07-14,Andhra Pradesh,15.9129,79.74,209.4,23.6,46.8,988.9,100.0,OBS_20240714_AND
2024-07-14,West Bengal,22.9868,87.855,114.8,24.1,43.6,989.3,99.0,OBS_20240714_WES
2024-07-14,Madhya Pradesh,22.9734,78.6569,0.0,29.1,40.1,989.3,98.3,OBS_20240714_MAD
2024-07-14,Uttar Pradesh,26.8467,80.9462,126.9,27.2,46.9,988.4,93.3,OBS_20240714_UTT
2024-07-14,Karnataka,15.3173,75.7139,0.0,26.0,44.2,994.6,93.0,OBS_20240714_KAR
2024-07-14,Himachal Pradesh,31.1048,77.1734,79.7,27.0,39.0,991.5,93.3,OBS_20240714_HIM
2024-07-14,Bihar,25.0961,85.3131,121.3,23.1,40.5,991.3,88.6,OBS_20240714_BIH
2024-07-15,Gujarat,22.2587,71.1924,46.7,27.4,44.1,993.3,100.0,OBS_20240715_GUJ
2024-07-15,Maharashtra,19.7515,75.7139,83.2,28.5,43.5,992.9,93.6,OBS_20240715_MAH
2024-07-15,Kerala,10.8505,76.2711,164.0,30.2,47.0,990.7,100.0,OBS_20240715_KER
2024-07-15,Rajasthan,27.0238,74.2179,33.3,26.5,40.7,988.4,100.0,OBS_20240715_RAJ
2024-07-15,Odisha,20.9517,85.0985,55.4,23.6,44.0,990.7,94.1,OBS_20240715_ODI
2024-07-15,Assam,26.2006,92.9376,22.7,27.9,39.7,993.6,99.6,OBS_20240715_ASS
2024-07-15,Punjab,31.1471,75.3412,0.0,24.8,37.9,991.0,100.0,OBS_20240715_PUN
2024-07-15,Tamil Nadu,11.1271,78.6569,0.0,33.0,15.7,999.2,66.0,OBS_20240715_TAM
2024-07-15,Andhra Pradesh,15.9129,79.74,2.9,26.3,45.7,988.6,100.0,OBS_20240715_AND
2024-07-15,West Bengal,22.9868,87.855,27.5,28.8,45.0,992.6,100.0,OBS_20240715_WES
2024-07-15,Madhya Pradesh,22.9734,78.6569,0.0,25.7,38.0,991.6,91.4,OBS_20240715_MAD
2024-07-15,Uttar Pradesh,26.8467,80.9462,174.2,28.0,35.4,989.1,92.0,OBS_20240715_UTT
2024-07-15,Karnataka,15.3173,75.7139,226.6,24.8,39.4,991.7,88.9,OBS_20240715_KAR
2024-07-15,Himachal Pradesh,31.1048,77.1734,80.5,26.1,46.9,990.7,98.6,OBS_20240715_HIM
2024-07-15,Bihar,25.0961,85.3131,58.1,25.6,45.8,991.4,93.3,OBS_20240715_BIH
2024-07-16,Gujarat,22.2587,71.1924,230.6,28.6,37.6,991.6,100.0,OBS_20240716_GUJ
2024-07-16,Maharashtra,19.7515,75.7139,60.4,31.3,39.8,995.3,90.6,OBS_20240716_MAH
2024-07-16,Kerala,10.8505,76.2711,12.4,28.7,35.3,989.1,97.7,OBS_20240716_KER
2024-07-16,Rajasthan,27.0238,74.2179,3.3,28.0,42.0,988.2,94.3,OBS_20240716_RAJ
2024-07-16,Odisha,20.9517,85.0985,172.8,26.3,40.1,993.5,83.0,OBS_20240716_ODI
2024-07-16,Assam,26.2006,92.9376,41.6,28.9,48.5,991.9,100.0,OBS_20240716_ASS
2024-07-16,Punjab,31.1471,75.3412,1.3,25.6,43.4,991.4,82.9,OBS_20240716_PUN
2024-07-16,Tamil Nadu,11.1271,78.6569,0.0,34.1,18.9,1002.5,78.8,OBS_20240716_TAM
2024-07-16,Andhra Pradesh,15.9129,79.74,122.2,28.2,38.6,988.1,97.1,OBS_20240716_AND
2024-07-16,West Bengal,22.9868,87.855,3.7,29.8,45.8,991.2,100.0,OBS_20240716_WES
2024-07-16,Madhya Pradesh,22.9734,78.6569,25.9,24.3,48.6,991.6,92.7,OBS_20240716_MAD
2024-07-16,Uttar Pradesh,26.8467,80.9462,7.2,25.2,33.2,989.0,97.8,OBS_20240716_UTT
2024-07-16,Karnataka,15.3173,75.7139,202.5,28.7,46.0,989.1,100.0,OBS_20240716_KAR
2024-07-16,Himachal Pradesh,31.1048,77.1734,0.0,25.0,39.6,990.0,100.0,OBS_20240716_HIM
2024-07-16,Bihar,25.0961,85.3131,126.3,26.2,48.5,994.2,99.4,OBS_20240716_BIH
2024-07-17,Gujarat,22.2587,71.1924,82.7,27.2,46.2,991.0,100.0,OBS_20240717_GUJ
2024-07-17,Maharashtra,19.7515,75.7139,71.0,30.4,36.2,993.3,100.0,OBS_20240717_MAH
2024-07-17,Kerala,10.8505,76.2711,0.0,29.0,35.7,992.1,90.2,OBS_20240717_KER
2024-07-17,Rajasthan,27.0238,74.2179,110.4,28.9,38.4,993.9,97.6,OBS_20240717_RAJ
2024-07-17,Odisha,20.9517,85.0985,23.7,27.5,43.5,990.7,100.0,OBS_20240717_ODI
2024-07-17,Assam,26.2006,92.9376,1.7,27.1,39.9,987.9,94.3,OBS_20240717_ASS
2024-07-17,Punjab,31.1471,75.3412,143.7,27.4,37.3,988.3,93.9,OBS_20240717_PUN
2024-07-17,Tamil Nadu,11.1271,78.6569,49.6,34.4,16.6,1002.7,66.5,OBS_20240717_TAM
2024-07-17,Andhra Pradesh,15.9129,79.74,40.0,23.2,41.5,989.5,99.0,OBS_20240717_AND
2024-07-17,West Bengal,22.9868,87.855,4.4,24.9,30.8,992.4,92.6,OBS_20240717_WES
2024-07-17,Madhya Pradesh,22.9734,78.6569,159.2,28.4,34.0,991.5,86.9,OBS_20240717_MAD
2024-07-17,Uttar Pradesh,26.8467,80.9462,22.1,25.6,40.6,989.3,100.0,OBS_20240717_UTT
2024-07-17,Karnataka,15.3173,75.7139,6.4,23.3,43.4,993.1,100.0,OBS_20240717_KAR
2024-07-17,Himachal Pradesh,31.1048,77.1734,0.0,26.1,44.1,991.0,74.6,OBS_20240717_HIM
2024-07-17,Bihar,25.0961,85.3131,14.3,26.3,44.5,993.3,95.0,OBS_20240717_BIH
2024-07-18,Gujarat,22.2587,71.1924,65.9,28.7,41.0,990.6,100.0,OBS_20240718_GUJ
2024-07-18,Maharashtra,19.7515,75.7139,12.3,28.6,38.3,992.0,96.9,OBS_20240718_MAH
2024-07-18,Kerala,10.8505,76.2711,0.0,24.4,29.9,994.6,97.6,OBS_20240718_KER
2024-07-18,Rajasthan,27.0238,74.2179,44.9,25.6,41.4,991.3,93.2,OBS_20240718_RAJ
2024-07-18,Odisha,20.9517,85.0985,0.0,23.2,41.5,988.1,97.0,OBS_20240718_ODI
2024-07-18,Assam,26.2006,92.9376,0.0,29.4,40.0,987.3,89.7,OBS_20240718_ASS
2024-07-18,Punjab,31.1471,75.3412,49.7,24.0,41.1,992.5,100.0,OBS_20240718_PUN
2024-07-18,Tamil Nadu,11.1271,78.6569,11.4,31.5,14.6,1004.3,63.2,OBS_20240718_TAM
2024-07-18,Andhra Pradesh,15.9129,79.74,0.0,28.8,46.1,989.3,100.0,OBS_20240718_AND
2024-07-18,West Bengal,22.9868,87.855,0.0,25.6,38.1,991.2,88.1,OBS_20240718_WES
2024-07-18,Madhya Pradesh,22.9734,78.6569,0.0,26.7,40.7,996.4,96.2,OBS_20240718_MAD
2024-07-18,Uttar Pradesh,26.8467,80.9462,0.0,27.0,36.9,986.1,95.7,OBS_20240718_UTT
2024-07-18,Karnataka,15.3173,75.7139,77.0,25.2,46.3,994.9,98.7,OBS_20240718_KAR
2024-07-18,Himachal Pradesh,31.1048,77.1734,88.6,30.4,41.3,989.8,97.2,OBS_20240718_HIM
2024-07-18,Bihar,25.0961,85.3131,71.5,23.8,44.6,992.1,92.5,OBS_20240718_BIH
2024-07-19,Gujarat,22.2587,71.1924,108.8,26.5,37.7,988.8,100.0,OBS_20240719_GUJ
2024-07-19,Maharashtra,19.7515,75.7139,161.9,28.8,36.4,991.1,100.0,OBS_20240719_MAH
2024-07-19,Kerala,10.8505,76.2711,9.7,26.6,40.3,991.0,96.7,OBS_20240719_KER
2024-07-19,Rajasthan,27.0238,74.2179,113.0,28.7,39.9,985.8,90.1,OBS_20240719_RAJ
2024-07-19,Odisha,20.9517,85.0985,113.1,24.1,51.9,988.9,98.1,OBS_20240719_ODI
2024-07-19,Assam,26.2006,92.9376,7.8,22.5,44.1,994.0,82.7,OBS_20240719_ASS
2024-07-19,Punjab,31.1471,75.3412,104.9,31.1,43.1,991.1,100.0,OBS_20240719_PUN
2024-07-19,Tamil Nadu,11.1271,78.6569,2.8,32.3,12.5,998.7,55.2,OBS_20240719_TAM
2024-07-19,Andhra Pradesh,15.9129,79.74,92.1,27.2,39.8,990.8,95.0,OBS_20240719_AND
2024-07-19,West Bengal,22.9868,87.855,82.4,25.5,39.9,990.7,96.3,OBS_20240719_WES
2024-07-19,Madhya Pradesh,22.9734,78.6569,308.4,26.9,43.5,984.6,92.7,OBS_20240719_MAD
2024-07-19,Uttar Pradesh,26.8467,80.9462,60.5,23.2,36.2,991.9,100.0,OBS_20240719_UTT
2024-07-19,Karnataka,15.3173,75.7139,24.0,27.9,44.7,991.3,93.0,OBS_20240719_KAR
2024-07-19,Himachal Pradesh,31.1048,77.1734,8.3,24.4,40.3,995.7,94.8,OBS_20240719_HIM
2024-07-19,Bihar,25.0961,85.3131,69.7,24.7,32.8,989.9,96.3,OBS_20240719_BIH
2024-07-20,Gujarat,22.2587,71.1924,124.4,26.3,42.2,992.5,89.5,OBS_20240720_GUJ
2024-07-20,Maharashtra,19.7515,75.7139,136.2,25.0,43.3,989.1,96.4,OBS_20240720_MAH
2024-07-20,Kerala,10.8505,76.2711,60.7,27.4,46.8,990.5,100.0,OBS_20240720_KER
2024-07-20,Rajasthan,27.0238,74.2179,95.6,26.8,46.9,993.6,100.0,OBS_20240720_RAJ
2024-07-20,Odisha,20.9517,85.0985,12.5,32.7,47.3,992.3,96.7,OBS_20240720_ODI
2024-07-20,Assam,26.2006,92.9376,10.9,24.3,43.5,990.9,100.0,OBS_20240720_ASS
2024-07-20,Punjab,31.1471,75.3412,0.0,26.2,35.9,991.0,93.0,OBS_20240720_PUN
2024-07-20,Tamil Nadu,11.1271,78.6569,138.6,27.5,16.5,1003.9,61.6,OBS_20240720_TAM
2024-07-20,Andhra Pradesh,15.9129,79.74,7.5,21.9,37.4,990.7,100.0,OBS_20240720_AND
2024-07-20,West Bengal,22.9868,87.855,122.7,32.8,41.9,989.4,100.0,OBS_20240720_WES
2024-07-20,Madhya Pradesh,22.9734,78.6569,28.1,30.7,40.9,987.2,100.0,OBS_20240720_MAD
2024-07-20,Uttar Pradesh,26.8467,80.9462,96.7,24.9,43.7,986.8,87.9,OBS_20240720_UTT
2024-07-20,Karnataka,15.3173,75.7139,15.7,27.1,42.1,990.6,100.0,OBS_20240720_KAR
2024-07-20,Himachal Pradesh,31.1048,77.1734,58.7,28.4,39.8,991.7,100.0,OBS_20240720_HIM
2024-07-20,Bihar,25.0961,85.3131,13.5,29.1,46.6,990.3,100.0,OBS_20240720_BIH
2024-07-21,Gujarat,22.2587,71.1924,30.8,25.1,38.4,984.3,99.0,OBS_20240721_GUJ
2024-07-21,Maharashtra,19.7515,75.7139,55.3,25.2,40.3,991.6,94.2,OBS_20240721_MAH
2024-07-21,Kerala,10.8505,76.2711,117.3,26.4,43.0,990.4,93.7,OBS_20240721_KER
2024-07-21,Rajasthan,27.0238,74.2179,0.0,23.9,44.1,993.7,88.4,OBS_20240721_RAJ
2024-07-21,Odisha,20.9517,85.0985,0.0,29.5,40.6,989.1,91.5,OBS_20240721_ODI
2024-07-21,Assam,26.2006,92.9376,2.1,28.2,43.8,990.4,92.5,OBS_20240721_ASS
2024-07-21,Punjab,31.1471,75.3412,121.8,25.3,37.8,991.9,98.0,OBS_20240721_PUN
2024-07-21,Tamil Nadu,11.1271,78.6569,5.9,25.3,18.7,1001.6,60.1,OBS_20240721_TAM
2024-07-21,Andhra Pradesh,15.9129,79.74,9.5,27.4,39.8,993.4,100.0,OBS_20240721_AND
2024-07-21,West Bengal,22.9868,87.855,23.7,24.9,41.8,988.5,93.4,OBS_20240721_WES
2024-07-21,Madhya Pradesh,22.9734,78.6569,23.0,28.0,44.0,990.5,95.0,OBS_20240721_MAD
2024-07-21,Uttar Pradesh,26.8467,80.9462,151.0,25.6,39.4,994.5,96.6,OBS_20240721_UTT
2024-07-21,Karnataka,15.3173,75.7139,65.3,26.5,38.1,991.4,96.6,OBS_20240721_KAR
2024-07-21,Himachal Pradesh,31.1048,77.1734,0.1,33.5,41.1,987.5,90.0,OBS_20240721_HIM
2024-07-21,Bihar,25.0961,85.3131,73.8,20.6,46.1,990.7,97.2,OBS_20240721_BIH
2024-07-22,Gujarat,22.2587,71.1924,0.0,29.8,45.5,991.0,100.0,OBS_20240722_GUJ
2024-07-22,Maharashtra,19.7515,75.7139,30.6,32.1,45.0,990.8,99.3,OBS_20240722_MAH
2024-07-22,Kerala,10.8505,76.2711,1.9,27.4,44.6,987.2,100.0,OBS_20240722_KER
2024-07-22,Rajasthan,27.0238,74.2179,85.2,28.9,44.7,990.0,92.5,OBS_20240722_RAJ
2024-07-22,Odisha,20.9517,85.0985,101.7,24.8,48.1,992.1,100.0,OBS_20240722_ODI
2024-07-22,Assam,26.2006,92.9376,11.7,27.2,41.2,991.9,100.0,OBS_20240722_ASS
2024-07-22,Punjab,31.1471,75.3412,0.0,23.6,43.3,991.6,91.2,OBS_20240722_PUN
2024-07-22,Tamil Nadu,11.1271,78.6569,0.0,33.0,13.5,1004.5,74.1,OBS_20240722_TAM
2024-07-22,Andhra Pradesh,15.9129,79.74,143.2,30.4,38.0,991.1,100.0,OBS_20240722_AND
2024-07-22,West Bengal,22.9868,87.855,18.7,29.6,41.0,990.4,95.8,OBS_20240722_WES
2024-07-22,Madhya Pradesh,22.9734,78.6569,0.0,24.1,45.1,991.8,99.3,OBS_20240722_MAD
2024-07-22,Uttar Pradesh,26.8467,80.9462,19.6,28.1,52.7,990.2,95.4,OBS_20240722_UTT
2024-07-22,Karnataka,15.3173,75.7139,0.0,29.5,47.9,990.2,97.3,OBS_20240722_KAR
2024-07-22,Himachal Pradesh,31.1048,77.1734,138.4,31.6,44.5,989.3,100.0,OBS_20240722_HIM
2024-07-22,Bihar,25.0961,85.3131,89.6,26.7,35.0,993.8,92.8,OBS_20240722_BIH
2024-07-23,Gujarat,22.2587,71.1924,81.5,24.7,51.7,992.9,100.0,OBS_20240723_GUJ
2024-07-23,Maharashtra,19.7515,75.7139,66.8,29.3,35.9,990.2,100.0,OBS_20240723_MAH
2024-07-23,Kerala,10.8505,76.2711,28.0,29.3,51.6,989.2,95.7,OBS_20240723_KER
2024-07-23,Rajasthan,27.0238,74.2179,44.7,26.3,45.6,994.5,96.5,OBS_20240723_RAJ
2024-07-23,Odisha,20.9517,85.0985,64.2,27.4,41.1,993.9,94.0,OBS_20240723_ODI
2024-07-23,Assam,26.2006,92.9376,229.3,28.1,39.7,990.8,96.5,OBS_20240723_ASS
2024-07-23,Punjab,31.1471,75.3412,20.0,26.0,44.6,989.2,94.1,OBS_20240723_PUN
2024-07-23,Tamil Nadu,11.1271,78.6569,10.3,30.3,17.8,1004.4,62.8,OBS_20240723_TAM
2024-07-23,Andhra Pradesh,15.9129,79.74,107.9,33.4,45.9,989.7,94.3,OBS_20240723_AND
2024-07-23,West Bengal,22.9868,87.855,6.0,26.4,38.1,989.7,92.6,OBS_20240723_WES
2024-07-23,Madhya Pradesh,22.9734,78.6569,10.0,26.1,40.0,991.0,98.4,OBS_20240723_MAD
2024-07-23,Uttar Pradesh,26.8467,80.9462,0.0,27.2,39.7,989.8,100.0,OBS_20240723_UTT
2024-07-23,Karnataka,15.3173,75.7139,279.2,27.4,43.2,993.8,94.2,OBS_20240723_KAR
2024-07-23,Himachal Pradesh,31.1048,77.1734,33.7,26.5,34.8,993.4,87.7,OBS_20240723_HIM
2024-07-23,Bihar,25.0961,85.3131,50.4,21.2,40.0,987.5,100.0,OBS_20240723_BIH
2024-07-24,Gujarat,22.2587,71.1924,17.0,29.6,38.0,991.5,92.6,OBS_20240724_GUJ
2024-07-24,Maharashtra,19.7515,75.7139,51.8,27.9,39.1,988.9,100.0,OBS_20240724_MAH
2024-07-24,Kerala,10.8505,76.2711,0.0,25.5,36.4,987.5,97.8,OBS_20240724_KER
2024-07-24,Rajasthan,27.0238,74.2179,42.8,24.6,42.8,993.4,100.0,OBS_20240724_RAJ
2024-07-24,Odisha,20.9517,85.0985,0.0,27.2,41.1,989.4,100.0,OBS_20240724_ODI
2024-07-24,Assam,26.2006,92.9376,57.6,25.8,46.8,995.5,97.9,OBS_20240724_ASS
2024-07-24,Punjab,31.1471,75.3412,19.6,29.5,46.0,993.5,91.2,OBS_20240724_PUN
2024-07-24,Tamil Nadu,11.1271,78.6569,0.0,30.3,20.5,1005.8,65.4,OBS_20240724_TAM
2024-07-24,Andhra Pradesh,15.9129,79.74,20.1,29.5,41.7,989.4,95.1,OBS_20240724_AND
2024-07-24,West Bengal,22.9868,87.855,0.0,28.1,42.8,989.7,97.7,OBS_20240724_WES
2024-07-24,Madhya Pradesh,22.9734,78.6569,1.3,28.1,43.9,991.5,85.4,OBS_20240724_MAD
2024-07-24,Uttar Pradesh,26.8467,80.9462,12.5,27.2,35.5,993.4,90.9,OBS_20240724_UTT
2024-07-24,Karnataka,15.3173,75.7139,68.7,28.8,45.6,993.7,93.6,OBS_20240724_KAR
2024-07-24,Himachal Pradesh,31.1048,77.1734,0.0,24.6,37.3,991.8,95.2,OBS_20240724_HIM
2024-07-24,Bihar,25.0961,85.3131,40.8,25.2,41.2,989.2,98.3,OBS_20240724_BIH
2024-07-25,Gujarat,22.2587,71.1924,0.2,29.3,41.8,992.7,97.3,OBS_20240725_GUJ
2024-07-25,Maharashtra,19.7515,75.7139,0.0,26.4,40.2,992.5,96.0,OBS_20240725_MAH
2024-07-25,Kerala,10.8505,76.2711,12.0,26.5,44.1,991.6,82.9,OBS_20240725_KER
2024-07-25,Rajasthan,27.0238,74.2179,92.8,24.6,39.9,989.3,97.9,OBS_20240725_RAJ
2024-07-25,Odisha,20.9517,85.0985,0.5,30.0,42.9,992.6,100.0,OBS_20240725_ODI
2024-07-25,Assam,26.2006,92.9376,11.3,24.9,39.8,990.8,100.0,OBS_20240725_ASS
2024-07-25,Punjab,31.1471,75.3412,0.0,26.1,44.7,990.9,100.0,OBS_20240725_PUN
2024-07-25,Tamil Nadu,11.1271,78.6569,0.0,32.8,18.4,1000.5,59.0,OBS_20240725_TAM
2024-07-25,Andhra Pradesh,15.9129,79.74,56.3,24.6,44.9,993.9,91.8,OBS_20240725_AND
2024-07-25,West Bengal,22.9868,87.855,72.1,26.8,36.4,992.5,96.8,OBS_20240725_WES
2024-07-25,Madhya Pradesh,22.9734,78.6569,228.3,29.0,37.6,989.2,90.4,OBS_20240725_MAD
2024-07-25,Uttar Pradesh,26.8467,80.9462,42.5,25.4,44.6,992.3,100.0,OBS_20240725_UTT
2024-07-25,Karnataka,15.3173,75.7139,27.0,29.3,40.9,991.3,100.0,OBS_20240725_KAR
2024-07-25,Himachal Pradesh,31.1048,77.1734,26.0,28.3,42.3,993.5,92.6,OBS_20240725_HIM
2024-07-25,Bihar,25.0961,85.3131,5.8,24.2,39.8,990.8,100.0,OBS_20240725_BIH
2024-07-26,Gujarat,22.2587,71.1924,39.9,29.6,42.2,995.9,100.0,OBS_20240726_GUJ
2024-07-26,Maharashtra,19.7515,75.7139,51.3,29.3,39.2,992.4,98.5,OBS_20240726_MAH
2024-07-26,Kerala,10.8505,76.2711,26.2,26.3,38.4,991.8,94.1,OBS_20240726_KER
2024-07-26,Rajasthan,27.0238,74.2179,0.0,27.0,30.3,990.1,96.1,OBS_20240726_RAJ
2024-07-26,Odisha,20.9517,85.0985,0.2,25.6,47.8,989.6,98.0,OBS_20240726_ODI
2024-07-26,Assam,26.2006,92.9376,186.9,31.5,40.1,990.6,93.9,OBS_20240726_ASS
2024-07-26,Punjab,31.1471,75.3412,5.2,27.9,44.6,991.5,86.5,OBS_20240726_PUN
2024-07-26,Tamil Nadu,11.1271,78.6569,0.0,30.7,26.7,1003.0,58.2,OBS_20240726_TAM
2024-07-26,Andhra Pradesh,15.9129,79.74,74.1,24.0,44.5,989.1,100.0,OBS_20240726_AND
2024-07-26,West Bengal,22.9868,87.855,0.0,24.3,36.5,987.9,97.0,OBS_20240726_WES
2024-07-26,Madhya Pradesh,22.9734,78.6569,103.4,26.1,37.9,989.0,100.0,OBS_20240726_MAD
2024-07-26,Uttar Pradesh,26.8467,80.9462,38.5,28.4,38.6,992.0,98.2,OBS_20240726_UTT
2024-07-26,Karnataka,15.3173,75.7139,33.6,27.0,42.2,991.3,87.8,OBS_20240726_KAR
2024-07-26,Himachal Pradesh,31.1048,77.1734,0.0,27.4,42.2,990.8,95.3,OBS_20240726_HIM
2024-07-26,Bihar,25.0961,85.3131,0.0,24.9,39.5,994.3,95.7,OBS_20240726_BIH
2024-07-27,Gujarat,22.2587,71.1924,19.8,25.8,41.6,988.7,96.4,OBS_20240727_GUJ
2024-07-27,Maharashtra,19.7515,75.7139,112.2,28.2,38.0,991.8,100.0,OBS_20240727_MAH
2024-07-27,Kerala,10.8505,76.2711,101.7,26.8,34.8,991.5,100.0,OBS_20240727_KER
2024-07-27,Rajasthan,27.0238,74.2179,13.4,24.7,40.8,990.4,100.0,OBS_20240727_RAJ
2024-07-27,Odisha,20.9517,85.0985,1.0,27.1,40.4,991.7,93.2,OBS_20240727_ODI
2024-07-27,Assam,26.2006,92.9376,13.1,23.8,40.3,991.1,100.0,OBS_20240727_ASS
2024-07-27,Punjab,31.1471,75.3412,13.1,29.4,32.9,994.0,93.3,OBS_20240727_PUN
2024-07-27,Tamil Nadu,11.1271,78.6569,10.0,30.6,15.5,1004.2,65.6,OBS_20240727_TAM
2024-07-27,Andhra Pradesh,15.9129,79.74,96.3,27.9,41.6,993.1,98.8,OBS_20240727_AND
2024-07-27,West Bengal,22.9868,87.855,13.5,25.9,46.2,993.0,92.1,OBS_20240727_WES
2024-07-27,Madhya Pradesh,22.9734,78.6569,0.0,30.5,42.1,987.4,96.3,OBS_20240727_MAD
2024-07-27,Uttar Pradesh,26.8467,80.9462,0.0,28.3,43.3,991.4,100.0,OBS_20240727_UTT
2024-07-27,Karnataka,15.3173,75.7139,7.5,27.3,49.9,991.3,94.2,OBS_20240727_KAR
2024-07-27,Himachal Pradesh,31.1048,77.1734,9.1,23.8,40.2,994.3,98.3,OBS_20240727_HIM
2024-07-27,Bihar,25.0961,85.3131,41.6,28.5,44.5,993.5,89.7,OBS_20240727_BIH
2024-07-28,Gujarat,22.2587,71.1924,6.4,24.8,43.4,990.5,100.0,OBS_20240728_GUJ
2024-07-28,Maharashtra,19.7515,75.7139,13.4,27.0,39.3,993.6,100.0,OBS_20240728_MAH
2024-07-28,Kerala,10.8505,76.2711,48.9,26.7,38.0,988.6,96.8,OBS_20240728_KER
2024-07-28,Rajasthan,27.0238,74.2179,2.0,28.5,43.6,988.9,100.0,OBS_20240728_RAJ
2024-07-28,Odisha,20.9517,85.0985,0.0,25.5,44.4,991.7,100.0,OBS_20240728_ODI
2024-07-28,Assam,26.2006,92.9376,25.7,25.1,45.0,992.8,94.6,OBS_20240728_ASS
2024-07-28,Punjab,31.1471,75.3412,0.0,22.3,47.4,991.5,100.0,OBS_20240728_PUN
2024-07-28,Tamil Nadu,11.1271,78.6569,0.0,28.0,14.2,1005.5,62.5,OBS_20240728_TAM
2024-07-28,Andhra Pradesh,15.9129,79.74,126.4,25.8,40.9,988.8,96.2,OBS_20240728_AND
2024-07-28,West Bengal,22.9868,87.855,0.0,25.1,39.6,986.1,96.6,OBS_20240728_WES
2024-07-28,Madhya Pradesh,22.9734,78.6569,355.9,27.5,41.6,992.9,98.1,OBS_20240728_MAD
2024-07-28,Uttar Pradesh,26.8467,80.9462,11.5,27.0,42.3,988.6,89.1,OBS_20240728_UTT
2024-07-28,Karnataka,15.3173,75.7139,4.3,25.8,42.0,991.4,100.0,OBS_20240728_KAR
2024-07-28,Himachal Pradesh,31.1048,77.1734,145.6,19.7,36.4,987.5,100.0,OBS_20240728_HIM
2024-07-28,Bihar,25.0961,85.3131,7.7,30.7,41.5,990.4,96.7,OBS_20240728_BIH
2024-07-29,Gujarat,22.2587,71.1924,75.3,28.4,40.0,987.8,90.8,OBS_20240729_GUJ
2024-07-29,Maharashtra,19.7515,75.7139,215.7,27.3,43.5,990.4,85.1,OBS_20240729_MAH
2024-07-29,Kerala,10.8505,76.2711,73.3,26.7,42.6,988.6,100.0,OBS_20240729_KER
2024-07-29,Rajasthan,27.0238,74.2179,122.5,23.8,43.2,986.6,86.9,OBS_20240729_RAJ
2024-07-29,Odisha,20.9517,85.0985,0.0,22.0,40.7,991.1,100.0,OBS_20240729_ODI
2024-07-29,Assam,26.2006,92.9376,186.0,25.9,39.3,993.3,100.0,OBS_20240729_ASS
2024-07-29,Punjab,31.1471,75.3412,73.8,27.7,39.6,989.6,95.7,OBS_20240729_PUN
2024-07-29,Tamil Nadu,11.1271,78.6569,0.0,31.7,18.5,1008.0,54.6,OBS_20240729_TAM
2024-07-29,Andhra Pradesh,15.9129,79.74,0.0,26.8,44.9,991.4,78.0,OBS_20240729_AND
2024-07-29,West Bengal,22.9868,87.855,87.4,23.8,34.5,989.3,98.2,OBS_20240729_WES
2024-07-29,Madhya Pradesh,22.9734,78.6569,34.0,26.6,37.7,992.3,88.4,OBS_20240729_MAD
2024-07-29,Uttar Pradesh,26.8467,80.9462,70.1,26.6,38.4,995.6,95.8,OBS_20240729_UTT
2024-07-29,Karnataka,15.3173,75.7139,52.8,24.6,39.4,992.9,98.7,OBS_20240729_KAR
2024-07-29,Himachal Pradesh,31.1048,77.1734,5.4,26.9,44.3,989.0,90.1,OBS_20240729_HIM
2024-07-29,Bihar,25.0961,85.3131,164.8,27.0,43.1,988.0,100.0,OBS_20240729_BIH
2024-07-30,Gujarat,22.2587,71.1924,15.4,26.1,39.6,992.2,94.4,OBS_20240730_GUJ
2024-07-30,Maharashtra,19.7515,75.7139,101.2,30.6,45.5,986.9,96.1,OBS_20240730_MAH
2024-07-30,Kerala,10.8505,76.2711,7.9,29.4,44.1,987.2,96.6,OBS_20240730_KER
2024-07-30,Rajasthan,27.0238,74.2179,57.5,30.3,43.2,992.4,99.2,OBS_20240730_RAJ
2024-07-30,Odisha,20.9517,85.0985,94.1,25.5,41.8,987.7,100.0,OBS_20240730_ODI
2024-07-30,Assam,26.2006,92.9376,12.2,26.3,38.4,989.7,100.0,OBS_20240730_ASS
2024-07-30,Punjab,31.1471,75.3412,112.2,24.3,42.4,991.8,86.0,OBS_20240730_PUN
2024-07-30,Tamil Nadu,11.1271,78.6569,0.0,30.3,22.0,1001.8,75.5,OBS_20240730_TAM
2024-07-30,Andhra Pradesh,15.9129,79.74,0.0,27.3,43.7,995.3,90.6,OBS_20240730_AND
2024-07-30,West Bengal,22.9868,87.855,0.8,26.8,40.8,993.8,100.0,OBS_20240730_WES
2024-07-30,Madhya Pradesh,22.9734,78.6569,0.0,26.5,38.4,993.3,94.4,OBS_20240730_MAD
2024-07-30,Uttar Pradesh,26.8467,80.9462,87.0,25.0,40.0,995.2,96.9,OBS_20240730_UTT
2024-07-30,Karnataka,15.3173,75.7139,184.2,25.2,40.4,991.5,90.7,OBS_20240730_KAR
2024-07-30,Himachal Pradesh,31.1048,77.1734,28.0,25.1,46.1,991.5,95.7,OBS_20240730_HIM
2024-07-30,Bihar,25.0961,85.3131,0.0,28.8,42.0,993.0,100.0,OBS_20240730_BIH
2024-07-31,Gujarat,22.2587,71.1924,2.7,29.4,43.4,991.2,100.0,OBS_20240731_GUJ
2024-07-31,Maharashtra,19.7515,75.7139,14.1,21.8,39.9,989.0,92.3,OBS_20240731_MAH
2024-07-31,Kerala,10.8505,76.2711,36.4,25.7,43.6,989.3,99.7,OBS_20240731_KER
2024-07-31,Rajasthan,27.0238,74.2179,8.4,32.1,43.7,990.6,100.0,OBS_20240731_RAJ
2024-07-31,Odisha,20.9517,85.0985,1.9,24.4,43.7,989.3,98.7,OBS_20240731_ODI
2024-07-31,Assam,26.2006,92.9376,95.9,25.1,36.8,993.7,92.8,OBS_20240731_ASS
2024-07-31,Punjab,31.1471,75.3412,68.6,28.6,34.0,992.4,99.9,OBS_20240731_PUN
2024-07-31,Tamil Nadu,11.1271,78.6569,0.0,33.2,18.9,1002.9,57.5,OBS_20240731_TAM
2024-07-31,Andhra Pradesh,15.9129,79.74,4.9,31.3,46.5,990.8,86.0,OBS_20240731_AND
2024-07-31,West Bengal,22.9868,87.855,217.9,26.4,41.6,992.0,100.0,OBS_20240731_WES
2024-07-31,Madhya Pradesh,22.9734,78.6569,39.4,28.1,44.7,988.0,93.5,OBS_20240731_MAD
2024-07-31,Uttar Pradesh,26.8467,80.9462,0.0,31.8,47.8,993.4,94.8,OBS_20240731_UTT
2024-07-31,Karnataka,15.3173,75.7139,180.0,28.0,41.0,992.0,97.1,OBS_20240731_KAR
2024-07-31,Himachal Pradesh,31.1048,77.1734,45.9,30.8,45.2,989.0,96.7,OBS_20240731_HIM
2024-07-31,Bihar,25.0961,85.3131,69.2,25.2,41.2,991.5,86.8,OBS_20240731_BIH
2024-08-01,Gujarat,22.2587,71.1924,10.5,29.0,36.6,992.4,94.2,OBS_20240801_GUJ
2024-08-01,Maharashtra,19.7515,75.7139,133.6,30.2,40.8,989.5,100.0,OBS_20240801_MAH
2024-08-01,Kerala,10.8505,76.2711,107.9,23.0,37.8,994.9,95.7,OBS_20240801_KER
2024-08-01,Rajasthan,27.0238,74.2179,190.7,26.8,43.2,992.1,99.1,OBS_20240801_RAJ
2024-08-01,Odisha,20.9517,85.0985,6.9,27.3,36.3,990.1,94.9,OBS_20240801_ODI
2024-08-01,Assam,26.2006,92.9376,210.5,26.1,36.8,995.1,100.0,OBS_20240801_ASS
2024-08-01,Punjab,31.1471,75.3412,145.4,28.5,41.3,992.3,100.0,OBS_20240801_PUN
2024-08-01,Tamil Nadu,11.1271,78.6569,0.4,32.4,18.1,998.6,68.2,OBS_20240801_TAM
2024-08-01,Andhra Pradesh,15.9129,79.74,0.0,22.9,44.8,990.1,91.7,OBS_20240801_AND
2024-08-01,West Bengal,22.9868,87.855,218.5,23.8,46.4,995.2,99.5,OBS_20240801_WES
2024-08-01,Madhya Pradesh,22.9734,78.6569,0.0,26.7,34.7,988.7,93.6,OBS_20240801_MAD
2024-08-01,Uttar Pradesh,26.8467,80.9462,20.1,31.1,37.2,990.6,100.0,OBS_20240801_UTT
2024-08-01,Karnataka,15.3173,75.7139,0.0,23.6,30.5,987.0,99.9,OBS_20240801_KAR
2024-08-01,Himachal Pradesh,31.1048,77.1734,7.6,26.7,36.5,992.8,100.0,OBS_20240801_HIM
2024-08-01,Bihar,25.0961,85.3131,11.4,26.1,41.5,992.4,93.7,OBS_20240801_BIH
2024-08-02,Gujarat,22.2587,71.1924,0.0,27.5,41.0,989.5,100.0,OBS_20240802_GUJ
2024-08-02,Maharashtra,19.7515,75.7139,0.0,25.1,45.0,990.6,91.9,OBS_20240802_MAH
2024-08-02,Kerala,10.8505,76.2711,10.9,27.6,44.2,992.2,100.0,OBS_20240802_KER
2024-08-02,Rajasthan,27.0238,74.2179,20.8,23.2,43.4,988.6,94.4,OBS_20240802_RAJ
2024-08-02,Odisha,20.9517,85.0985,76.2,26.9,45.0,990.7,92.8,OBS_20240802_ODI
2024-08-02,Assam,26.2006,92.9376,98.1,26.6,40.1,989.4,95.3,OBS_20240802_ASS
2024-08-02,Punjab,31.1471,75.3412,0.0,24.9,40.6,990.1,100.0,OBS_20240802_PUN
2024-08-02,Tamil Nadu,11.1271,78.6569,22.1,28.5,18.8,1002.8,67.0,OBS_20240802_TAM
2024-08-02,Andhra Pradesh,15.9129,79.74,0.0,24.5,41.2,987.8,93.0,OBS_20240802_AND
2024-08-02,West Bengal,22.9868,87.855,95.4,23.7,39.8,991.9,92.2,OBS_20240802_WES
2024-08-02,Madhya Pradesh,22.9734,78.6569,137.9,22.8,41.9,990.4,98.4,OBS_20240802_MAD
2024-08-02,Uttar Pradesh,26.8467,80.9462,15.8,24.0,46.7,991.5,86.6,OBS_20240802_UTT
2024-08-02,Karnataka,15.3173,75.7139,6.0,24.5,34.6,990.9,100.0,OBS_20240802_KAR
2024-08-02,Himachal Pradesh,31.1048,77.1734,18.8,28.6,39.9,989.1,100.0,OBS_20240802_HIM
2024-08-02,Bihar,25.0961,85.3131,15.1,25.4,33.4,990.5,100.0,OBS_20240802_BIH
2024-08-03,Gujarat,22.2587,71.1924,15.3,23.2,45.6,992.0,88.5,OBS_20240803_GUJ
2024-08-03,Maharashtra,19.7515,75.7139,158.9,24.3,45.0,992.8,95.4,OBS_20240803_MAH
2024-08-03,Kerala,10.8505,76.2711,199.0,26.3,43.5,993.0,85.9,OBS_20240803_KER
2024-08-03,Rajasthan,27.0238,74.2179,200.9,26.8,49.7,992.1,91.9,OBS_20240803_RAJ
2024-08-03,Odisha,20.9517,85.0985,217.0,23.3,45.4,991.3,100.0,OBS_20240803_ODI
2024-08-03,Assam,26.2006,92.9376,183.2,24.5,42.8,989.7,97.6,OBS_20240803_ASS
2024-08-03,Punjab,31.1471,75.3412,88.6,25.8,41.5,988.5,95.7,OBS_20240803_PUN
2024-08-03,Tamil Nadu,11.1271,78.6569,19.1,33.3,15.2,1002.4,58.6,OBS_20240803_TAM
2024-08-03,Andhra Pradesh,15.9129,79.74,52.7,26.0,45.1,989.1,81.0,OBS_20240803_AND
2024-08-03,West Bengal,22.9868,87.855,327.4,29.6,39.0,991.4,97.9,OBS_20240803_WES
2024-08-03,Madhya Pradesh,22.9734,78.6569,208.1,31.8,40.4,991.4,100.0,OBS_20240803_MAD
2024-08-03,Uttar Pradesh,26.8467,80.9462,40.0,28.3,34.3,991.2,83.8,OBS_20240803_UTT
2024-08-03,Karnataka,15.3173,75.7139,112.4,29.2,39.5,990.8,95.2,OBS_20240803_KAR
2024-08-03,Himachal Pradesh,31.1048,77.1734,41.9,31.9,42.0,988.5,100.0,OBS_20240803_HIM
2024-08-03,Bihar,25.0961,85.3131,62.9,26.0,47.0,992.2,97.6,OBS_20240803_BIH
2024-08-04,Gujarat,22.2587,71.1924,49.4,24.4,42.1,988.4,98.6,OBS_20240804_GUJ
2024-08-04,Maharashtra,19.7515,75.7139,0.0,24.5,37.5,990.5,79.5,OBS_20240804_MAH
2024-08-04,Kerala,10.8505,76.2711,275.2,29.2,47.3,992.8,85.8,OBS_20240804_KER
2024-08-04,Rajasthan,27.0238,74.2179,94.7,27.3,40.6,992.0,89.8,OBS_20240804_RAJ
2024-08-04,Odisha,20.9517,85.0985,5.0,30.7,50.8,990.3,100.0,OBS_20240804_ODI
2024-08-04,Assam,26.2006,92.9376,0.0,21.1,33.4,995.1,95.8,OBS_20240804_ASS
2024-08-04,Punjab,31.1471,75.3412,30.6,28.8,42.4,993.2,100.0,OBS_20240804_PUN
2024-08-04,Tamil Nadu,11.1271,78.6569,8.3,30.9,11.2,1006.2,65.9,OBS_20240804_TAM
2024-08-04,Andhra Pradesh,15.9129,79.74,159.7,24.6,37.9,993.7,99.5,OBS_20240804_AND
2024-08-04,West Bengal,22.9868,87.855,67.6,26.4,41.2,991.9,90.3,OBS_20240804_WES
2024-08-04,Madhya Pradesh,22.9734,78.6569,0.0,28.4,41.9,990.7,99.8,OBS_20240804_MAD
2024-08-04,Uttar Pradesh,26.8467,80.9462,121.3,25.8,38.0,989.5,98.9,OBS_20240804_UTT
2024-08-04,Karnataka,15.3173,75.7139,9.2,22.8,40.2,988.4,100.0,OBS_20240804_KAR
2024-08-04,Himachal Pradesh,31.1048,77.1734,80.1,27.2,45.4,987.0,98.2,OBS_20240804_HIM
2024-08-04,Bihar,25.0961,85.3131,14.8,24.6,35.4,990.9,93.6,OBS_20240804_BIH
2024-08-05,Gujarat,22.2587,71.1924,0.8,28.3,39.5,987.8,88.1,OBS_20240805_GUJ
2024-08-05,Maharashtra,19.7515,75.7139,78.0,25.1,48.9,990.4,100.0,OBS_20240805_MAH
2024-08-05,Kerala,10.8505,76.2711,47.4,26.4,33.5,993.0,86.9,OBS_20240805_KER
2024-08-05,Rajasthan,27.0238,74.2179,57.6,25.9,40.5,993.8,91.0,OBS_20240805_RAJ
2024-08-05,Odisha,20.9517,85.0985,42.3,27.0,40.9,992.1,94.9,OBS_20240805_ODI
2024-08-05,Assam,26.2006,92.9376,42.9,26.8,40.5,990.8,100.0,OBS_20240805_ASS
2024-08-05,Punjab,31.1471,75.3412,31.5,26.8,45.3,991.9,91.1,OBS_20240805_PUN
2024-08-05,Tamil Nadu,11.1271,78.6569,0.0,24.1,15.8,1001.0,58.9,OBS_20240805_TAM
2024-08-05,Andhra Pradesh,15.9129,79.74,49.7,27.4,35.5,992.6,100.0,OBS_20240805_AND
2024-08-05,West Bengal,22.9868,87.855,0.0,25.7,42.4,991.4,99.0,OBS_20240805_WES
2024-08-05,Madhya Pradesh,22.9734,78.6569,81.2,25.4,42.2,992.6,99.3,OBS_20240805_MAD
2024-08-05,Uttar Pradesh,26.8467,80.9462,7.7,26.8,40.5,992.6,88.0,OBS_20240805_UTT
2024-08-05,Karnataka,15.3173,75.7139,0.8,28.8,33.4,990.7,93.3,OBS_20240805_KAR
2024-08-05,Himachal Pradesh,31.1048,77.1734,120.1,24.7,46.4,995.2,99.3,OBS_20240805_HIM
2024-08-05,Bihar,25.0961,85.3131,0.0,28.7,44.2,989.9,95.4,OBS_20240805_BIH
2024-08-06,Gujarat,22.2587,71.1924,55.4,25.6,40.5,994.9,90.3,OBS_20240806_GUJ
2024-08-06,Maharashtra,19.7515,75.7139,33.5,24.9,41.4,991.2,100.0,OBS_20240806_MAH
2024-08-06,Kerala,10.8505,76.2711,21.4,26.6,44.9,990.1,90.9,OBS_20240806_KER
2024-08-06,Rajasthan,27.0238,74.2179,24.4,24.8,36.1,991.0,97.7,OBS_20240806_RAJ
2024-08-06,Odisha,20.9517,85.0985,15.9,25.0,40.0,990.7,92.3,OBS_20240806_ODI
2024-08-06,Assam,26.2006,92.9376,93.3,28.2,41.9,988.8,94.5,OBS_20240806_ASS
2024-08-06,Punjab,31.1471,75.3412,4.5,25.4,39.7,991.7,88.9,OBS_20240806_PUN
2024-08-06,Tamil Nadu,11.1271,78.6569,6.0,30.9,20.7,1004.1,69.4,OBS_20240806_TAM
2024-08-06,Andhra Pradesh,15.9129,79.74,103.4,25.3,50.2,995.2,85.8,OBS_20240806_AND
2024-08-06,West Bengal,22.9868,87.855,0.0,23.7,48.8,991.9,99.0,OBS_20240806_WES
2024-08-06,Madhya Pradesh,22.9734,78.6569,16.2,22.5,35.3,992.1,100.0,OBS_20240806_MAD
2024-08-06,Uttar Pradesh,26.8467,80.9462,3.9,22.9,48.9,993.0,87.9,OBS_20240806_UTT
2024-08-06,Karnataka,15.3173,75.7139,126.6,22.7,38.5,990.2,88.3,OBS_20240806_KAR
2024-08-06,Himachal Pradesh,31.1048,77.1734,60.7,23.1,38.7,990.6,100.0,OBS_20240806_HIM
2024-08-06,Bihar,25.0961,85.3131,7.8,24.1,45.9,996.8,96.2,OBS_20240806_BIH
2024-08-07,Gujarat,22.2587,71.1924,105.3,27.2,44.9,988.5,98.9,OBS_20240807_GUJ
2024-08-07,Maharashtra,19.7515,75.7139,174.7,27.6,46.1,991.3,88.2,OBS_20240807_MAH
2024-08-07,Kerala,10.8505,76.2711,460.3,27.8,42.4,994.4,96.2,OBS_20240807_KER
2024-08-07,Rajasthan,27.0238,74.2179,10.7,22.7,36.6,991.8,87.6,OBS_20240807_RAJ
2024-08-07,Odisha,20.9517,85.0985,72.7,26.0,45.3,994.3,95.4,OBS_20240807_ODI
2024-08-07,Assam,26.2006,92.9376,232.8,25.6,41.1,988.8,90.4,OBS_20240807_ASS
2024-08-07,Punjab,31.1471,75.3412,22.5,28.0,43.0,994.5,81.8,OBS_20240807_PUN
2024-08-07,Tamil Nadu,11.1271,78.6569,12.5,29.3,19.4,1002.5,66.1,OBS_20240807_TAM
2024-08-07,Andhra Pradesh,15.9129,79.74,0.0,22.2,48.6,987.7,100.0,OBS_20240807_AND
2024-08-07,West Bengal,22.9868,87.855,12.2,28.6,36.4,993.3,100.0,OBS_20240807_WES
2024-08-07,Madhya Pradesh,22.9734,78.6569,62.1,27.4,34.9,995.6,96.5,OBS_20240807_MAD
2024-08-07,Uttar Pradesh,26.8467,80.9462,34.0,30.7,32.8,990.8,94.0,OBS_20240807_UTT
2024-08-07,Karnataka,15.3173,75.7139,111.6,27.5,39.8,992.5,99.2,OBS_20240807_KAR
2024-08-07,Himachal Pradesh,31.1048,77.1734,162.2,20.5,43.1,995.7,96.1,OBS_20240807_HIM
2024-08-07,Bihar,25.0961,85.3131,28.1,26.1,47.6,990.4,97.4,OBS_20240807_BIH
2024-08-08,Gujarat,22.2587,71.1924,0.0,25.6,41.6,990.8,95.2,OBS_20240808_GUJ
2024-08-08,Maharashtra,19.7515,75.7139,21.1,32.1,41.2,992.1,99.9,OBS_20240808_MAH
2024-08-08,Kerala,10.8505,76.2711,0.0,26.2,45.0,991.9,97.6,OBS_20240808_KER
2024-08-08,Rajasthan,27.0238,74.2179,49.1,29.0,39.7,989.3,88.0,OBS_20240808_RAJ
2024-08-08,Odisha,20.9517,85.0985,61.3,24.7,42.5,993.4,100.0,OBS_20240808_ODI
2024-08-08,Assam,26.2006,92.9376,62.1,29.3,38.3,990.0,99.8,OBS_20240808_ASS
2024-08-08,Punjab,31.1471,75.3412,33.9,22.0,43.6,994.1,93.6,OBS_20240808_PUN
2024-08-08,Tamil Nadu,11.1271,78.6569,0.0,31.0,13.6,1000.4,75.9,OBS_20240808_TAM
2024-08-08,Andhra Pradesh,15.9129,79.74,132.3,22.8,39.3,994.2,87.0,OBS_20240808_AND
2024-08-08,West Bengal,22.9868,87.855,0.0,25.6,39.1,991.7,90.9,OBS_20240808_WES
2024-08-08,Madhya Pradesh,22.9734,78.6569,21.7,25.6,43.0,991.9,92.2,OBS_20240808_MAD
2024-08-08,Uttar Pradesh,26.8467,80.9462,6.8,26.3,37.9,990.7,87.7,OBS_20240808_UTT
2024-08-08,Karnataka,15.3173,75.7139,13.5,31.1,39.1,990.6,96.2,OBS_20240808_KAR
2024-08-08,Himachal Pradesh,31.1048,77.1734,24.3,29.1,44.9,994.6,100.0,OBS_20240808_HIM
2024-08-08,Bihar,25.0961,85.3131,24.2,23.9,47.6,987.5,94.0,OBS_20240808_BIH
2024-08-09,Gujarat,22.2587,71.1924,5.9,24.1,45.7,989.4,87.8,OBS_20240809_GUJ
2024-08-09,Maharashtra,19.7515,75.7139,18.7,27.1,41.2,992.1,100.0,OBS_20240809_MAH
2024-08-09,Kerala,10.8505,76.2711,53.0,28.4,39.8,988.7,91.2,OBS_20240809_KER
2024-08-09,Rajasthan,27.0238,74.2179,0.0,23.9,38.2,990.9,100.0,OBS_20240809_RAJ
2024-08-09,Odisha,20.9517,85.0985,6.0,24.4,41.9,992.5,97.3,OBS_20240809_ODI
2024-08-09,Assam,26.2006,92.9376,125.4,24.7,38.8,991.2,82.4,OBS_20240809_ASS
2024-08-09,Punjab,31.1471,75.3412,6.4,26.7,52.1,990.7,95.3,OBS_20240809_PUN
2024-08-09,Tamil Nadu,11.1271,78.6569,110.9,33.6,15.6,1004.3,72.8,OBS_20240809_TAM
2024-08-09,Andhra Pradesh,15.9129,79.74,0.0,25.7,41.9,987.7,85.0,OBS_20240809_AND
2024-08-09,West Bengal,22.9868,87.855,63.3,30.5,45.8,994.6,90.0,OBS_20240809_WES
2024-08-09,Madhya Pradesh,22.9734,78.6569,7.0,22.2,47.4,991.9,98.0,OBS_20240809_MAD
2024-08-09,Uttar Pradesh,26.8467,80.9462,26.9,25.7,51.5,993.4,100.0,OBS_20240809_UTT
2024-08-09,Karnataka,15.3173,75.7139,270.8,24.8,44.5,990.9,100.0,OBS_20240809_KAR
2024-08-09,Himachal Pradesh,31.1048,77.1734,16.4,29.1,45.8,992.7,100.0,OBS_20240809_HIM
2024-08-09,Bihar,25.0961,85.3131,339.8,24.4,33.3,990.0,85.2,OBS_20240809_BIH
2024-08-10,Gujarat,22.2587,71.1924,138.7,27.9,43.0,988.0,100.0,OBS_20240810_GUJ
2024-08-10,Maharashtra,19.7515,75.7139,60.3,25.8,44.5,992.9,95.4,OBS_20240810_MAH
2024-08-10,Kerala,10.8505,76.2711,51.5,26.7,42.8,990.5,98.3,OBS_20240810_KER
2024-08-10,Rajasthan,27.0238,74.2179,1.6,24.2,42.8,990.8,99.7,OBS_20240810_RAJ
2024-08-10,Odisha,20.9517,85.0985,43.3,30.3,42.1,991.5,100.0,OBS_20240810_ODI
2024-08-10,Assam,26.2006,92.9376,63.0,26.7,43.9,993.1,100.0,OBS_20240810_ASS
2024-08-10,Punjab,31.1471,75.3412,14.4,22.7,39.1,991.6,87.3,OBS_20240810_PUN
2024-08-10,Tamil Nadu,11.1271,78.6569,0.0,31.4,20.3,1005.8,66.5,OBS_20240810_TAM
2024-08-10,Andhra Pradesh,15.9129,79.74,9.7,27.0,51.6,992.5,100.0,OBS_20240810_AND
2024-08-10,West Bengal,22.9868,87.855,87.1,21.5,32.9,992.9,95.2,OBS_20240810_WES
2024-08-10,Madhya Pradesh,22.9734,78.6569,7.6,25.3,43.4,992.3,100.0,OBS_20240810_MAD
2024-08-10,Uttar Pradesh,26.8467,80.9462,0.0,25.8,43.1,992.5,95.5,OBS_20240810_UTT
2024-08-10,Karnataka,15.3173,75.7139,150.3,26.9,43.1,992.8,98.7,OBS_20240810_KAR
2024-08-10,Himachal Pradesh,31.1048,77.1734,1.7,23.4,41.1,989.0,78.2,OBS_20240810_HIM
2024-08-10,Bihar,25.0961,85.3131,10.9,24.1,44.3,989.8,91.0,OBS_20240810_BIH
2024-08-11,Gujarat,22.2587,71.1924,77.0,20.4,46.5,990.9,91.6,OBS_20240811_GUJ
2024-08-11,Maharashtra,19.7515,75.7139,83.4,26.5,41.9,994.0,87.3,OBS_20240811_MAH
2024-08-11,Kerala,10.8505,76.2711,1.8,24.3,46.9,993.1,100.0,OBS_20240811_KER
2024-08-11,Rajasthan,27.0238,74.2179,108.8,19.7,41.2,989.8,96.2,OBS_20240811_RAJ
2024-08-11,Odisha,20.9517,85.0985,84.8,25.2,40.2,991.5,95.7,OBS_20240811_ODI
2024-08-11,Assam,26.2006,92.9376,9.4,27.7,39.9,988.4,94.5,OBS_20240811_ASS
2024-08-11,Punjab,31.1471,75.3412,34.4,22.1,42.3,992.6,100.0,OBS_20240811_PUN
2024-08-11,Tamil Nadu,11.1271,78.6569,0.0,31.3,16.3,1000.7,69.8,OBS_20240811_TAM
2024-08-11,Andhra Pradesh,15.9129,79.74,39.8,29.8,47.7,987.4,95.4,OBS_20240811_AND
2024-08-11,West Bengal,22.9868,87.855,97.6,27.7,41.2,987.5,100.0,OBS_20240811_WES
2024-08-11,Madhya Pradesh,22.9734,78.6569,22.2,26.6,35.3,990.5,100.0,OBS_20240811_MAD
2024-08-11,Uttar Pradesh,26.8467,80.9462,0.0,28.6,44.9,991.4,100.0,OBS_20240811_UTT
2024-08-11,Karnataka,15.3173,75.7139,0.0,26.2,39.6,992.1,100.0,OBS_20240811_KAR
2024-08-11,Himachal Pradesh,31.1048,77.1734,31.8,23.2,39.7,988.7,100.0,OBS_20240811_HIM
2024-08-11,Bihar,25.0961,85.3131,0.0,22.3,40.0,990.4,95.7,OBS_20240811_BIH
2024-08-12,Gujarat,22.2587,71.1924,1.9,25.9,45.8,990.1,94.1,OBS_20240812_GUJ
2024-08-12,Maharashtra,19.7515,75.7139,0.0,26.1,44.2,987.9,91.2,OBS_20240812_MAH
2024-08-12,Kerala,10.8505,76.2711,12.7,23.7,43.9,990.3,99.6,OBS_20240812_KER
2024-08-12,Rajasthan,27.0238,74.2179,3.9,26.7,48.9,994.2,92.9,OBS_20240812_RAJ
2024-08-12,Odisha,20.9517,85.0985,48.2,25.5,41.7,989.7,93.1,OBS_20240812_ODI
2024-08-12,Assam,26.2006,92.9376,27.2,26.6,44.4,990.9,96.3,OBS_20240812_ASS
2024-08-12,Punjab,31.1471,75.3412,1.2,26.7,43.7,990.2,99.0,OBS_20240812_PUN
2024-08-12,Tamil Nadu,11.1271,78.6569,0.6,31.1,11.1,1001.6,61.7,OBS_20240812_TAM
2024-08-12,Andhra Pradesh,15.9129,79.74,47.5,26.4,42.5,989.1,98.1,OBS_20240812_AND
2024-08-12,West Bengal,22.9868,87.855,119.0,29.1,33.7,993.2,100.0,OBS_20240812_WES
2024-08-12,Madhya Pradesh,22.9734,78.6569,26.9,22.6,39.9,989.2,100.0,OBS_20240812_MAD
2024-08-12,Uttar Pradesh,26.8467,80.9462,4.7,28.6,41.4,993.7,87.5,OBS_20240812_UTT
2024-08-12,Karnataka,15.3173,75.7139,23.6,22.8,41.8,993.0,96.6,OBS_20240812_KAR
2024-08-12,Himachal Pradesh,31.1048,77.1734,60.9,23.7,42.8,990.1,89.3,OBS_20240812_HIM
2024-08-12,Bihar,25.0961,85.3131,7.1,20.0,38.7,994.5,100.0,OBS_20240812_BIH
2024-08-13,Gujarat,22.2587,71.1924,124.2,26.3,33.7,993.5,100.0,OBS_20240813_GUJ
2024-08-13,Maharashtra,19.7515,75.7139,15.7,26.0,37.9,993.1,100.0,OBS_20240813_MAH
2024-08-13,Kerala,10.8505,76.2711,0.0,23.2,46.9,989.0,97.2,OBS_20240813_KER
2024-08-13,Rajasthan,27.0238,74.2179,145.8,25.8,41.7,989.2,86.4,OBS_20240813_RAJ
2024-08-13,Odisha,20.9517,85.0985,145.6,25.7,47.0,988.9,95.7,OBS_20240813_ODI
2024-08-13,Assam,26.2006,92.9376,145.3,27.3,42.0,994.9,92.9,OBS_20240813_ASS
2024-08-13,Punjab,31.1471,75.3412,46.5,28.0,43.7,992.3,96.5,OBS_20240813_PUN
2024-08-13,Tamil Nadu,11.1271,78.6569,3.8,31.5,22.1,1002.2,70.7,OBS_20240813_TAM
2024-08-13,Andhra Pradesh,15.9129,79.74,53.3,27.0,40.1,989.6,100.0,OBS_20240813_AND
2024-08-13,West Bengal,22.9868,87.855,2.6,28.6,42.9,992.6,100.0,OBS_20240813_WES
2024-08-13,Madhya Pradesh,22.9734,78.6569,9.8,30.0,35.9,990.2,98.8,OBS_20240813_MAD
2024-08-13,Uttar Pradesh,26.8467,80.9462,71.1,27.7,33.9,989.7,79.1,OBS_20240813_UTT
2024-08-13,Karnataka,15.3173,75.7139,76.1,29.5,47.3,988.9,90.1,OBS_20240813_KAR
2024-08-13,Himachal Pradesh,31.1048,77.1734,114.0,26.4,43.4,990.4,100.0,OBS_20240813_HIM
2024-08-13,Bihar,25.0961,85.3131,27.8,24.5,35.7,992.6,93.1,OBS_20240813_BIH
2024-08-14,Gujarat,22.2587,71.1924,69.3,26.7,40.3,991.6,99.1,OBS_20240814_GUJ
2024-08-14,Maharashtra,19.7515,75.7139,0.0,26.9,38.9,994.8,95.4,OBS_20240814_MAH
2024-08-14,Kerala,10.8505,76.2711,85.0,25.2,37.3,991.7,98.3,OBS_20240814_KER
2024-08-14,Rajasthan,27.0238,74.2179,7.1,20.6,43.8,989.3,91.4,OBS_20240814_RAJ
2024-08-14,Odisha,20.9517,85.0985,51.5,25.3,40.8,993.3,95.3,OBS_20240814_ODI
2024-08-14,Assam,26.2006,92.9376,124.6,25.1,40.4,988.7,87.7,OBS_20240814_ASS
2024-08-14,Punjab,31.1471,75.3412,124.0,22.0,45.6,990.6,100.0,OBS_20240814_PUN
2024-08-14,Tamil Nadu,11.1271,78.6569,0.9,33.9,20.3,1004.5,64.2,OBS_20240814_TAM
2024-08-14,Andhra Pradesh,15.9129,79.74,27.5,22.7,38.9,990.1,81.4,OBS_20240814_AND
2024-08-14,West Bengal,22.9868,87.855,16.1,26.7,40.8,991.3,100.0,OBS_20240814_WES
2024-08-14,Madhya Pradesh,22.9734,78.6569,222.1,24.7,35.7,990.5,100.0,OBS_20240814_MAD
2024-08-14,Uttar Pradesh,26.8467,80.9462,0.0,28.6,43.9,988.8,99.8,OBS_20240814_UTT
2024-08-14,Karnataka,15.3173,75.7139,18.9,23.6,42.0,991.9,100.0,OBS_20240814_KAR
2024-08-14,Himachal Pradesh,31.1048,77.1734,148.4,27.1,37.4,994.6,90.8,OBS_20240814_HIM
2024-08-14,Bihar,25.0961,85.3131,51.3,32.3,52.5,993.9,99.3,OBS_20240814_BIH
2024-08-15,Gujarat,22.2587,71.1924,6.9,24.5,41.5,990.4,90.0,OBS_20240815_GUJ
2024-08-15,Maharashtra,19.7515,75.7139,47.3,24.9,41.3,990.8,83.2,OBS_20240815_MAH
2024-08-15,Kerala,10.8505,76.2711,63.4,26.4,43.3,989.9,100.0,OBS_20240815_KER
2024-08-15,Rajasthan,27.0238,74.2179,20.9,24.4,38.7,993.9,100.0,OBS_20240815_RAJ
2024-08-15,Odisha,20.9517,85.0985,0.0,24.8,42.1,990.4,100.0,OBS_20240815_ODI
2024-08-15,Assam,26.2006,92.9376,37.2,27.2,42.7,991.8,90.8,OBS_20240815_ASS
2024-08-15,Punjab,31.1471,75.3412,62.8,25.3,41.4,993.4,100.0,OBS_20240815_PUN
2024-08-15,Tamil Nadu,11.1271,78.6569,13.7,27.6,26.9,1000.3,61.7,OBS_20240815_TAM
2024-08-15,Andhra Pradesh,15.9129,79.74,0.0,26.3,40.9,992.6,100.0,OBS_20240815_AND
2024-08-15,West Bengal,22.9868,87.855,188.0,22.9,42.4,991.9,98.7,OBS_20240815_WES
2024-08-15,Madhya Pradesh,22.9734,78.6569,0.0,27.6,41.6,989.8,100.0,OBS_20240815_MAD
2024-08-15,Uttar Pradesh,26.8467,80.9462,1.4,22.5,37.4,992.1,100.0,OBS_20240815_UTT
2024-08-15,Karnataka,15.3173,75.7139,0.0,26.8,36.2,988.4,98.4,OBS_20240815_KAR
2024-08-15,Himachal Pradesh,31.1048,77.1734,24.3,26.1,44.4,992.0,96.2,OBS_20240815_HIM
2024-08-15,Bihar,25.0961,85.3131,23.2,25.2,42.7,993.8,95.7,OBS_20240815_BIH
2024-08-16,Gujarat,22.2587,71.1924,88.2,28.6,40.2,996.7,100.0,OBS_20240816_GUJ
2024-08-16,Maharashtra,19.7515,75.7139,62.0,30.6,34.6,988.3,83.3,OBS_20240816_MAH
2024-08-16,Kerala,10.8505,76.2711,56.3,25.8,39.4,993.0,90.4,OBS_20240816_KER
2024-08-16,Rajasthan,27.0238,74.2179,34.6,20.7,44.9,991.3,100.0,OBS_20240816_RAJ
2024-08-16,Odisha,20.9517,85.0985,23.7,23.5,41.8,991.4,89.4,OBS_20240816_ODI
2024-08-16,Assam,26.2006,92.9376,0.0,27.0,42.5,995.2,100.0,OBS_20240816_ASS
2024-08-16,Punjab,31.1471,75.3412,87.0,22.8,39.4,992.0,91.6,OBS_20240816_PUN
2024-08-16,Tamil Nadu,11.1271,78.6569,24.0,34.7,16.6,1002.5,67.5,OBS_20240816_TAM
2024-08-16,Andhra Pradesh,15.9129,79.74,0.0,26.4,53.9,993.9,100.0,OBS_20240816_AND
2024-08-16,West Bengal,22.9868,87.855,30.4,27.3,44.0,991.1,89.3,OBS_20240816_WES
2024-08-16,Madhya Pradesh,22.9734,78.6569,199.2,22.5,41.3,992.9,97.6,OBS_20240816_MAD
2024-08-16,Uttar Pradesh,26.8467,80.9462,75.9,24.0,35.8,995.3,100.0,OBS_20240816_UTT
2024-08-16,Karnataka,15.3173,75.7139,104.0,25.6,47.3,993.5,100.0,OBS_20240816_KAR
2024-08-16,Himachal Pradesh,31.1048,77.1734,7.5,25.2,43.6,987.7,97.6,OBS_20240816_HIM
2024-08-16,Bihar,25.0961,85.3131,38.1,29.0,41.0,992.9,95.4,OBS_20240816_BIH
2024-08-17,Gujarat,22.2587,71.1924,270.1,27.7,39.8,990.2,94.8,OBS_20240817_GUJ
2024-08-17,Maharashtra,19.7515,75.7139,32.1,23.2,45.5,990.9,88.1,OBS_20240817_MAH
2024-08-17,Kerala,10.8505,76.2711,0.0,26.6,42.6,991.5,100.0,OBS_20240817_KER
2024-08-17,Rajasthan,27.0238,74.2179,73.9,25.1,38.4,992.3,94.9,OBS_20240817_RAJ
2024-08-17,Odisha,20.9517,85.0985,0.0,27.6,43.8,990.1,94.9,OBS_20240817_ODI
2024-08-17,Assam,26.2006,92.9376,0.0,23.0,34.7,990.1,86.1,OBS_20240817_ASS
2024-08-17,Punjab,31.1471,75.3412,115.4,24.5,42.5,990.5,100.0,OBS_20240817_PUN
2024-08-17,Tamil Nadu,11.1271,78.6569,1.6,31.8,21.6,1006.0,72.3,OBS_20240817_TAM
2024-08-17,Andhra Pradesh,15.9129,79.74,166.8,31.0,37.8,992.7,93.5,OBS_20240817_AND
2024-08-17,West Bengal,22.9868,87.855,34.9,24.8,40.6,989.0,100.0,OBS_20240817_WES
2024-08-17,Madhya Pradesh,22.9734,78.6569,106.4,27.8,36.3,992.0,100.0,OBS_20240817_MAD
2024-08-17,Uttar Pradesh,26.8467,80.9462,72.8,26.6,36.5,989.2,100.0,OBS_20240817_UTT
2024-08-17,Karnataka,15.3173,75.7139,0.0,28.1,42.0,988.6,100.0,OBS_20240817_KAR
2024-08-17,Himachal Pradesh,31.1048,77.1734,32.9,24.6,36.1,993.6,100.0,OBS_20240817_HIM
2024-08-17,Bihar,25.0961,85.3131,2.6,28.4,44.1,989.7,99.3,OBS_20240817_BIH
2024-08-18,Gujarat,22.2587,71.1924,234.3,24.5,43.9,988.8,87.2,OBS_20240818_GUJ
2024-08-18,Maharashtra,19.7515,75.7139,114.6,25.2,47.2,994.7,97.1,OBS_20240818_MAH
2024-08-18,Kerala,10.8505,76.2711,12.1,23.6,40.6,994.0,99.1,OBS_20240818_KER
2024-08-18,Rajasthan,27.0238,74.2179,137.5,25.7,49.7,988.7,99.5,OBS_20240818_RAJ
2024-08-18,Odisha,20.9517,85.0985,25.6,23.8,36.7,989.0,100.0,OBS_20240818_ODI
2024-08-18,Assam,26.2006,92.9376,191.9,21.3,47.8,989.8,97.5,OBS_20240818_ASS
2024-08-18,Punjab,31.1471,75.3412,0.0,28.1,35.6,992.6,100.0,OBS_20240818_PUN
2024-08-18,Tamil Nadu,11.1271,78.6569,0.6,35.5,21.5,1000.9,57.9,OBS_20240818_TAM
2024-08-18,Andhra Pradesh,15.9129,79.74,7.5,30.3,46.7,992.3,100.0,OBS_20240818_AND
2024-08-18,West Bengal,22.9868,87.855,11.5,24.1,45.9,992.9,100.0,OBS_20240818_WES
2024-08-18,Madhya Pradesh,22.9734,78.6569,6.0,29.0,33.5,994.4,87.8,OBS_20240818_MAD
2024-08-18,Uttar Pradesh,26.8467,80.9462,0.0,25.8,43.4,992.0,98.6,OBS_20240818_UTT
2024-08-18,Karnataka,15.3173,75.7139,0.0,26.9,43.2,990.6,100.0,OBS_20240818_KAR
2024-08-18,Himachal Pradesh,31.1048,77.1734,25.3,25.5,41.5,990.4,100.0,OBS_20240818_HIM
2024-08-18,Bihar,25.0961,85.3131,80.1,25.4,41.4,990.1,100.0,OBS_20240818_BIH
2024-08-19,Gujarat,22.2587,71.1924,0.0,28.2,41.9,992.2,93.8,OBS_20240819_GUJ
2024-08-19,Maharashtra,19.7515,75.7139,114.5,22.6,50.9,986.4,93.6,OBS_20240819_MAH
2024-08-19,Kerala,10.8505,76.2711,159.3,27.1,37.1,989.2,97.4,OBS_20240819_KER
2024-08-19,Rajasthan,27.0238,74.2179,19.0,25.6,39.6,991.3,100.0,OBS_20240819_RAJ
2024-08-19,Odisha,20.9517,85.0985,144.8,24.3,49.6,990.6,100.0,OBS_20240819_ODI
2024-08-19,Assam,26.2006,92.9376,9.2,23.8,39.3,993.7,100.0,OBS_20240819_ASS
2024-08-19,Punjab,31.1471,75.3412,0.5,23.6,36.9,991.4,100.0,OBS_20240819_PUN
2024-08-19,Tamil Nadu,11.1271,78.6569,2.1,28.5,18.7,998.7,66.9,OBS_20240819_TAM
2024-08-19,Andhra Pradesh,15.9129,79.74,36.9,26.1,43.0,989.7,95.3,OBS_20240819_AND
2024-08-19,West Bengal,22.9868,87.855,0.0,29.3,32.5,995.1,94.8,OBS_20240819_WES
2024-08-19,Madhya Pradesh,22.9734,78.6569,1.2,24.2,40.7,996.1,100.0,OBS_20240819_MAD
2024-08-19,Uttar Pradesh,26.8467,80.9462,0.0,21.3,37.0,989.8,91.0,OBS_20240819_UTT
2024-08-19,Karnataka,15.3173,75.7139,161.8,22.6,44.0,990.6,85.7,OBS_20240819_KAR
2024-08-19,Himachal Pradesh,31.1048,77.1734,7.3,22.8,35.3,990.4,97.5,OBS_20240819_HIM
2024-08-19,Bihar,25.0961,85.3131,19.8,24.1,44.6,990.9,99.5,OBS_20240819_BIH
2024-08-20,Gujarat,22.2587,71.1924,132.5,25.5,42.0,992.4,96.7,OBS_20240820_GUJ
2024-08-20,Maharashtra,19.7515,75.7139,72.0,21.4,39.7,990.7,91.5,OBS_20240820_MAH
2024-08-20,Kerala,10.8505,76.2711,46.9,25.6,44.6,989.7,89.2,OBS_20240820_KER
2024-08-20,Rajasthan,27.0238,74.2179,2.7,20.9,42.6,990.7,100.0,OBS_20240820_RAJ
2024-08-20,Odisha,20.9517,85.0985,45.6,26.1,43.2,988.5,94.7,OBS_20240820_ODI
2024-08-20,Assam,26.2006,92.9376,250.8,22.8,35.9,988.6,99.5,OBS_20240820_ASS
2024-08-20,Punjab,31.1471,75.3412,20.4,22.9,46.1,993.3,100.0,OBS_20240820_PUN
2024-08-20,Tamil Nadu,11.1271,78.6569,0.0,28.8,14.7,999.9,74.5,OBS_20240820_TAM
2024-08-20,Andhra Pradesh,15.9129,79.74,15.2,22.8,36.8,993.2,99.3,OBS_20240820_AND
2024-08-20,West Bengal,22.9868,87.855,194.4,21.4,44.7,994.9,85.5,OBS_20240820_WES
2024-08-20,Madhya Pradesh,22.9734,78.6569,47.1,23.0,36.2,990.4,89.5,OBS_20240820_MAD
2024-08-20,Uttar Pradesh,26.8467,80.9462,81.2,20.0,48.8,992.6,100.0,OBS_20240820_UTT
2024-08-20,Karnataka,15.3173,75.7139,113.2,23.8,41.9,994.6,100.0,OBS_20240820_KAR
2024-08-20,Himachal Pradesh,31.1048,77.1734,74.2,26.5,41.1,992.5,100.0,OBS_20240820_HIM
2024-08-20,Bihar,25.0961,85.3131,192.1,25.3,40.8,990.8,100.0,OBS_20240820_BIH
2024-08-21,Gujarat,22.2587,71.1924,152.2,31.6,46.0,989.6,88.3,OBS_20240821_GUJ
2024-08-21,Maharashtra,19.7515,75.7139,0.0,19.3,45.6,991.1,89.9,OBS_20240821_MAH
2024-08-21,Kerala,10.8505,76.2711,244.0,25.2,40.3,994.0,98.1,OBS_20240821_KER
2024-08-21,Rajasthan,27.0238,74.2179,33.9,22.3,32.2,991.5,95.0,OBS_20240821_RAJ
2024-08-21,Odisha,20.9517,85.0985,4.3,25.8,39.8,991.9,100.0,OBS_20240821_ODI
2024-08-21,Assam,26.2006,92.9376,11.3,21.2,36.6,994.1,82.9,OBS_20240821_ASS
2024-08-21,Punjab,31.1471,75.3412,164.3,24.6,51.6,988.6,95.6,OBS_20240821_PUN
2024-08-21,Tamil Nadu,11.1271,78.6569,6.1,31.6,13.8,1006.2,62.1,OBS_20240821_TAM
2024-08-21,Andhra Pradesh,15.9129,79.74,94.8,24.6,35.2,988.0,97.8,OBS_20240821_AND
2024-08-21,West Bengal,22.9868,87.855,79.7,26.8,39.0,991.7,96.1,OBS_20240821_WES
2024-08-21,Madhya Pradesh,22.9734,78.6569,76.9,28.9,42.7,991.3,100.0,OBS_20240821_MAD
2024-08-21,Uttar Pradesh,26.8467,80.9462,56.2,21.1,35.1,993.4,87.4,OBS_20240821_UTT
2024-08-21,Karnataka,15.3173,75.7139,20.1,24.5,41.3,995.5,99.3,OBS_20240821_KAR
2024-08-21,Himachal Pradesh,31.1048,77.1734,0.0,25.0,40.0,991.2,100.0,OBS_20240821_HIM
2024-08-21,Bihar,25.0961,85.3131,22.8,25.6,39.7,988.6,96.6,OBS_20240821_BIH
2024-08-22,Gujarat,22.2587,71.1924,6.3,20.1,45.7,988.2,100.0,OBS_20240822_GUJ
2024-08-22,Maharashtra,19.7515,75.7139,27.7,28.2,38.4,992.0,94.0,OBS_20240822_MAH
2024-08-22,Kerala,10.8505,76.2711,0.0,23.6,39.2,992.9,97.2,OBS_20240822_KER
2024-08-22,Rajasthan,27.0238,74.2179,7.2,23.6,39.4,994.9,100.0,OBS_20240822_RAJ
2024-08-22,Odisha,20.9517,85.0985,20.4,25.1,38.6,993.4,91.6,OBS_20240822_ODI
2024-08-22,Assam,26.2006,92.9376,15.4,30.2,45.5,989.6,98.1,OBS_20240822_ASS
2024-08-22,Punjab,31.1471,75.3412,5.1,27.2,45.6,990.2,75.0,OBS_20240822_PUN
2024-08-22,Tamil Nadu,11.1271,78.6569,19.2,30.9,19.3,1002.6,55.1,OBS_20240822_TAM
2024-08-22,Andhra Pradesh,15.9129,79.74,17.1,22.7,40.7,993.1,97.7,OBS_20240822_AND
2024-08-22,West Bengal,22.9868,87.855,0.0,25.1,39.9,996.3,97.5,OBS_20240822_WES
2024-08-22,Madhya Pradesh,22.9734,78.6569,120.3,26.6,45.7,993.5,100.0,OBS_20240822_MAD
2024-08-22,Uttar Pradesh,26.8467,80.9462,8.8,23.1,48.9,990.5,96.2,OBS_20240822_UTT
2024-08-22,Karnataka,15.3173,75.7139,1.1,23.2,36.1,989.8,100.0,OBS_20240822_KAR
2024-08-22,Himachal Pradesh,31.1048,77.1734,25.4,23.3,38.4,991.1,97.4,OBS_20240822_HIM
2024-08-22,Bihar,25.0961,85.3131,211.9,27.8,36.1,990.8,100.0,OBS_20240822_BIH
2024-08-23,Gujarat,22.2587,71.1924,1.3,23.5,38.4,990.1,90.2,OBS_20240823_GUJ
2024-08-23,Maharashtra,19.7515,75.7139,94.3,26.3,48.0,988.2,96.7,OBS_20240823_MAH
2024-08-23,Kerala,10.8505,76.2711,0.0,24.0,39.3,990.7,100.0,OBS_20240823_KER
2024-08-23,Rajasthan,27.0238,74.2179,0.0,31.0,34.5,990.9,98.6,OBS_20240823_RAJ
2024-08-23,Odisha,20.9517,85.0985,18.9,29.8,36.1,989.0,77.3,OBS_20240823_ODI
2024-08-23,Assam,26.2006,92.9376,0.0,27.1,39.3,993.1,88.2,OBS_20240823_ASS
2024-08-23,Punjab,31.1471,75.3412,7.3,28.2,43.2,990.1,89.9,OBS_20240823_PUN
2024-08-23,Tamil Nadu,11.1271,78.6569,15.2,30.1,13.0,1003.4,61.2,OBS_20240823_TAM
2024-08-23,Andhra Pradesh,15.9129,79.74,5.0,22.6,44.5,991.9,87.8,OBS_20240823_AND
2024-08-23,West Bengal,22.9868,87.855,91.7,23.1,39.5,988.3,100.0,OBS_20240823_WES
2024-08-23,Madhya Pradesh,22.9734,78.6569,93.9,24.7,42.4,993.0,98.6,OBS_20240823_MAD
2024-08-23,Uttar Pradesh,26.8467,80.9462,113.5,26.2,39.1,989.2,100.0,OBS_20240823_UTT
2024-08-23,Karnataka,15.3173,75.7139,3.9,25.1,36.7,994.2,100.0,OBS_20240823_KAR
2024-08-23,Himachal Pradesh,31.1048,77.1734,199.0,25.6,39.4,990.5,100.0,OBS_20240823_HIM
2024-08-23,Bihar,25.0961,85.3131,39.3,25.7,44.3,991.5,97.5,OBS_20240823_BIH
2024-08-24,Gujarat,22.2587,71.1924,0.0,24.5,37.8,987.9,100.0,OBS_20240824_GUJ
2024-08-24,Maharashtra,19.7515,75.7139,101.6,24.0,36.4,987.6,98.6,OBS_20240824_MAH
2024-08-24,Kerala,10.8505,76.2711,10.4,27.5,48.3,992.7,92.4,OBS_20240824_KER
2024-08-24,Rajasthan,27.0238,74.2179,8.2,24.2,47.3,991.3,93.4,OBS_20240824_RAJ
2024-08-24,Odisha,20.9517,85.0985,31.1,23.6,45.6,994.1,100.0,OBS_20240824_ODI
2024-08-24,Assam,26.2006,92.9376,0.1,22.2,42.4,993.3,100.0,OBS_20240824_ASS
2024-08-24,Punjab,31.1471,75.3412,11.2,27.1,47.7,993.1,100.0,OBS_20240824_PUN
2024-08-24,Tamil Nadu,11.1271,78.6569,0.0,26.7,21.7,1003.0,72.3,OBS_20240824_TAM
2024-08-24,Andhra Pradesh,15.9129,79.74,126.5,21.3,43.2,991.6,100.0,OBS_20240824_AND
2024-08-24,West Bengal,22.9868,87.855,0.0,28.8,38.9,991.0,97.9,OBS_20240824_WES
2024-08-24,Madhya Pradesh,22.9734,78.6569,0.0,22.6,41.4,989.7,97.0,OBS_20240824_MAD
2024-08-24,Uttar Pradesh,26.8467,80.9462,50.3,30.0,37.9,992.5,91.4,OBS_20240824_UTT
2024-08-24,Karnataka,15.3173,75.7139,56.4,23.1,44.2,992.4,100.0,OBS_20240824_KAR
2024-08-24,Himachal Pradesh,31.1048,77.1734,12.1,23.3,39.7,987.1,100.0,OBS_20240824_HIM
2024-08-24,Bihar,25.0961,85.3131,17.7,26.5,40.9,988.8,100.0,OBS_20240824_BIH
2024-08-25,Gujarat,22.2587,71.1924,134.6,23.4,40.8,987.7,99.1,OBS_20240825_GUJ
2024-08-25,Maharashtra,19.7515,75.7139,11.0,22.7,37.6,990.7,100.0,OBS_20240825_MAH
2024-08-25,Kerala,10.8505,76.2711,0.0,25.8,42.9,990.1,98.1,OBS_20240825_KER
2024-08-25,Rajasthan,27.0238,74.2179,34.8,23.7,38.0,991.6,90.3,OBS_20240825_RAJ
2024-08-25,Odisha,20.9517,85.0985,69.4,26.3,43.5,990.6,93.2,OBS_20240825_ODI
2024-08-25,Assam,26.2006,92.9376,312.4,27.6,35.5,990.2,100.0,OBS_20240825_ASS
2024-08-25,Punjab,31.1471,75.3412,116.6,25.5,37.0,995.8,93.1,OBS_20240825_PUN
2024-08-25,Tamil Nadu,11.1271,78.6569,4.0,24.5,20.9,999.2,60.2,OBS_20240825_TAM
2024-08-25,Andhra Pradesh,15.9129,79.74,0.0,28.8,43.9,988.6,97.3,OBS_20240825_AND
2024-08-25,West Bengal,22.9868,87.855,188.5,24.7,47.4,991.3,97.2,OBS_20240825_WES
2024-08-25,Madhya Pradesh,22.9734,78.6569,0.0,25.7,42.4,992.8,83.5,OBS_20240825_MAD
2024-08-25,Uttar Pradesh,26.8467,80.9462,16.4,26.4,40.4,990.4,88.9,OBS_20240825_UTT
2024-08-25,Karnataka,15.3173,75.7139,0.0,23.9,41.5,988.2,92.0,OBS_20240825_KAR
2024-08-25,Himachal Pradesh,31.1048,77.1734,161.9,24.2,33.0,991.8,100.0,OBS_20240825_HIM
2024-08-25,Bihar,25.0961,85.3131,106.4,22.1,37.6,990.4,99.2,OBS_20240825_BIH
2024-08-26,Gujarat,22.2587,71.1924,12.0,25.5,39.1,992.2,100.0,OBS_20240826_GUJ
2024-08-26,Maharashtra,19.7515,75.7139,133.3,23.3,39.5,993.8,94.9,OBS_20240826_MAH
2024-08-26,Kerala,10.8505,76.2711,0.0,26.5,41.6,992.6,90.9,OBS_20240826_KER
2024-08-26,Rajasthan,27.0238,74.2179,32.5,25.4,39.3,989.4,97.5,OBS_20240826_RAJ
2024-08-26,Odisha,20.9517,85.0985,16.3,22.7,48.6,994.4,91.3,OBS_20240826_ODI
2024-08-26,Assam,26.2006,92.9376,9.6,25.1,50.2,988.4,100.0,OBS_20240826_ASS
2024-08-26,Punjab,31.1471,75.3412,18.5,30.4,41.0,991.7,100.0,OBS_20240826_PUN
2024-08-26,Tamil Nadu,11.1271,78.6569,0.0,31.5,17.1,1001.0,73.5,OBS_20240826_TAM
2024-08-26,Andhra Pradesh,15.9129,79.74,0.0,25.7,44.6,992.7,87.5,OBS_20240826_AND
2024-08-26,West Bengal,22.9868,87.855,16.3,26.1,35.5,988.1,100.0,OBS_20240826_WES
2024-08-26,Madhya Pradesh,22.9734,78.6569,34.8,23.5,42.7,986.0,93.4,OBS_20240826_MAD
2024-08-26,Uttar Pradesh,26.8467,80.9462,0.0,24.3,48.1,991.5,93.6,OBS_20240826_UTT
2024-08-26,Karnataka,15.3173,75.7139,5.4,24.0,40.7,990.4,91.8,OBS_20240826_KAR
2024-08-26,Himachal Pradesh,31.1048,77.1734,7.9,24.6,39.6,994.3,100.0,OBS_20240826_HIM
2024-08-26,Bihar,25.0961,85.3131,26.6,26.2,35.4,988.2,100.0,OBS_20240826_BIH
2024-08-27,Gujarat,22.2587,71.1924,221.6,28.2,46.2,992.1,89.1,OBS_20240827_GUJ
2024-08-27,Maharashtra,19.7515,75.7139,28.6,31.8,42.4,992.8,96.7,OBS_20240827_MAH
2024-08-27,Kerala,10.8505,76.2711,13.1,20.0,40.6,989.9,100.0,OBS_20240827_KER
2024-08-27,Rajasthan,27.0238,74.2179,81.8,28.0,40.2,992.2,94.9,OBS_20240827_RAJ
2024-08-27,Odisha,20.9517,85.0985,99.4,26.4,41.6,990.2,100.0,OBS_20240827_ODI
2024-08-27,Assam,26.2006,92.9376,18.9,26.9,40.2,989.5,94.5,OBS_20240827_ASS
2024-08-27,Punjab,31.1471,75.3412,59.5,26.1,47.7,991.1,91.5,OBS_20240827_PUN
2024-08-27,Tamil Nadu,11.1271,78.6569,0.0,24.4,19.4,1001.1,76.7,OBS_20240827_TAM
2024-08-27,Andhra Pradesh,15.9129,79.74,21.5,22.0,44.2,989.3,95.2,OBS_20240827_AND
2024-08-27,West Bengal,22.9868,87.855,151.9,25.6,35.0,990.5,100.0,OBS_20240827_WES
2024-08-27,Madhya Pradesh,22.9734,78.6569,96.9,23.7,49.2,994.4,100.0,OBS_20240827_MAD
2024-08-27,Uttar Pradesh,26.8467,80.9462,99.5,24.1,36.2,992.6,90.4,OBS_20240827_UTT
2024-08-27,Karnataka,15.3173,75.7139,20.6,24.8,36.0,991.8,100.0,OBS_20240827_KAR
2024-08-27,Himachal Pradesh,31.1048,77.1734,72.2,25.8,43.1,989.1,94.7,OBS_20240827_HIM
2024-08-27,Bihar,25.0961,85.3131,13.6,26.4,49.7,990.4,89.4,OBS_20240827_BIH
2024-08-28,Gujarat,22.2587,71.1924,120.7,29.1,40.7,993.6,89.5,OBS_20240828_GUJ
2024-08-28,Maharashtra,19.7515,75.7139,0.0,21.9,45.7,991.8,91.4,OBS_20240828_MAH
2024-08-28,Kerala,10.8505,76.2711,231.2,25.8,37.8,990.3,100.0,OBS_20240828_KER
2024-08-28,Rajasthan,27.0238,74.2179,13.3,26.5,44.8,992.6,99.7,OBS_20240828_RAJ
2024-08-28,Odisha,20.9517,85.0985,40.6,24.7,44.0,988.6,100.0,OBS_20240828_ODI
2024-08-28,Assam,26.2006,92.9376,122.9,24.2,35.3,990.5,99.2,OBS_20240828_ASS
2024-08-28,Punjab,31.1471,75.3412,10.0,26.6,43.2,990.7,100.0,OBS_20240828_PUN
2024-08-28,Tamil Nadu,11.1271,78.6569,2.1,29.0,25.0,1002.2,55.7,OBS_20240828_TAM
2024-08-28,Andhra Pradesh,15.9129,79.74,2.7,27.2,47.5,988.9,99.0,OBS_20240828_AND
2024-08-28,West Bengal,22.9868,87.855,70.0,25.2,40.1,995.2,99.9,OBS_20240828_WES
2024-08-28,Madhya Pradesh,22.9734,78.6569,11.7,22.7,47.0,991.6,96.6,OBS_20240828_MAD
2024-08-28,Uttar Pradesh,26.8467,80.9462,2.2,28.2,45.7,991.8,89.5,OBS_20240828_UTT
2024-08-28,Karnataka,15.3173,75.7139,0.0,22.9,34.0,987.7,100.0,OBS_20240828_KAR
2024-08-28,Himachal Pradesh,31.1048,77.1734,7.2,24.6,31.0,991.0,89.8,OBS_20240828_HIM
2024-08-28,Bihar,25.0961,85.3131,3.3,28.5,41.4,989.1,94.6,OBS_20240828_BIH
2024-08-29,Gujarat,22.2587,71.1924,14.6,21.3,41.0,989.3,97.8,OBS_20240829_GUJ
2024-08-29,Maharashtra,19.7515,75.7139,57.7,23.3,40.9,992.8,96.9,OBS_20240829_MAH
2024-08-29,Kerala,10.8505,76.2711,261.6,22.0,47.3,991.3,98.5,OBS_20240829_KER
2024-08-29,Rajasthan,27.0238,74.2179,0.0,25.5,34.8,989.9,94.2,OBS_20240829_RAJ
2024-08-29,Odisha,20.9517,85.0985,196.0,29.6,39.0,992.0,96.9,OBS_20240829_ODI
2024-08-29,Assam,26.2006,92.9376,143.9,22.7,41.8,985.3,90.8,OBS_20240829_ASS
2024-08-29,Punjab,31.1471,75.3412,167.1,20.5,43.0,991.8,100.0,OBS_20240829_PUN
2024-08-29,Tamil Nadu,11.1271,78.6569,17.3,31.4,18.4,1002.0,64.5,OBS_20240829_TAM
2024-08-29,Andhra Pradesh,15.9129,79.74,108.1,27.1,37.0,990.0,100.0,OBS_20240829_AND
2024-08-29,West Bengal,22.9868,87.855,10.1,26.8,42.4,987.5,98.7,OBS_20240829_WES
2024-08-29,Madhya Pradesh,22.9734,78.6569,20.5,24.9,40.9,987.3,97.3,OBS_20240829_MAD
2024-08-29,Uttar Pradesh,26.8467,80.9462,38.6,24.9,44.2,993.8,100.0,OBS_20240829_UTT
2024-08-29,Karnataka,15.3173,75.7139,17.6,26.7,41.8,988.9,99.0,OBS_20240829_KAR
2024-08-29,Himachal Pradesh,31.1048,77.1734,223.4,27.7,39.6,990.3,95.5,OBS_20240829_HIM
2024-08-29,Bihar,25.0961,85.3131,95.0,23.3,46.7,986.3,100.0,OBS_20240829_BIH
2024-08-30,Gujarat,22.2587,71.1924,4.6,25.9,40.8,993.4,95.1,OBS_20240830_GUJ
2024-08-30,Maharashtra,19.7515,75.7139,9.1,26.7,44.1,993.9,96.4,OBS_20240830_MAH
2024-08-30,Kerala,10.8505,76.2711,58.6,26.9,39.5,993.9,91.3,OBS_20240830_KER
2024-08-30,Rajasthan,27.0238,74.2179,64.6,26.3,37.7,992.8,96.9,OBS_20240830_RAJ
2024-08-30,Odisha,20.9517,85.0985,7.0,26.3,38.7,990.5,100.0,OBS_20240830_ODI
2024-08-30,Assam,26.2006,92.9376,41.0,24.6,39.2,992.0,99.3,OBS_20240830_ASS
2024-08-30,Punjab,31.1471,75.3412,59.6,24.0,40.3,992.6,100.0,OBS_20240830_PUN
2024-08-30,Tamil Nadu,11.1271,78.6569,2.1,31.0,18.5,1002.8,64.0,OBS_20240830_TAM
2024-08-30,Andhra Pradesh,15.9129,79.74,0.0,27.8,46.8,991.0,99.0,OBS_20240830_AND
2024-08-30,West Bengal,22.9868,87.855,4.5,23.4,38.6,992.5,90.1,OBS_20240830_WES
2024-08-30,Madhya Pradesh,22.9734,78.6569,23.9,27.3,36.4,989.1,79.8,OBS_20240830_MAD
2024-08-30,Uttar Pradesh,26.8467,80.9462,90.6,30.3,38.0,987.9,100.0,OBS_20240830_UTT
2024-08-30,Karnataka,15.3173,75.7139,5.2,25.2,46.9,992.4,95.2,OBS_20240830_KAR
2024-08-30,Himachal Pradesh,31.1048,77.1734,0.0,28.6,39.8,987.9,94.7,OBS_20240830_HIM
2024-08-30,Bihar,25.0961,85.3131,5.0,19.7,39.0,989.3,95.4,OBS_20240830_BIH
2024-08-31,Gujarat,22.2587,71.1924,0.5,22.8,45.9,990.2,95.7,OBS_20240831_GUJ
2024-08-31,Maharashtra,19.7515,75.7139,97.6,21.9,42.4,994.7,92.7,OBS_20240831_MAH
2024-08-31,Kerala,10.8505,76.2711,243.6,23.4,43.8,991.2,100.0,OBS_20240831_KER
2024-08-31,Rajasthan,27.0238,74.2179,105.1,22.5,43.5,991.9,83.5,OBS_20240831_RAJ
2024-08-31,Odisha,20.9517,85.0985,16.7,22.7,45.6,989.2,89.6,OBS_20240831_ODI
2024-08-31,Assam,26.2006,92.9376,150.7,27.1,41.5,992.0,74.4,OBS_20240831_ASS
2024-08-31,Punjab,31.1471,75.3412,0.0,22.5,38.3,992.4,100.0,OBS_20240831_PUN
2024-08-31,Tamil Nadu,11.1271,78.6569,0.0,28.4,20.9,1003.6,61.0,OBS_20240831_TAM
2024-08-31,Andhra Pradesh,15.9129,79.74,0.0,24.1,40.4,992.8,91.2,OBS_20240831_AND
2024-08-31,West Bengal,22.9868,87.855,50.6,26.8,41.0,991.8,97.0,OBS_20240831_WES
2024-08-31,Madhya Pradesh,22.9734,78.6569,79.6,23.2,46.0,992.4,100.0,OBS_20240831_MAD
2024-08-31,Uttar Pradesh,26.8467,80.9462,0.0,19.4,41.2,992.7,100.0,OBS_20240831_UTT
2024-08-31,Karnataka,15.3173,75.7139,148.8,22.3,41.8,992.0,97.0,OBS_20240831_KAR
2024-08-31,Himachal Pradesh,31.1048,77.1734,50.1,25.9,42.7,991.7,93.1,OBS_20240831_HIM
2024-08-31,Bihar,25.0961,85.3131,27.7,23.7,38.5,989.0,100.0,OBS_20240831_BIH
2024-09-01,Gujarat,22.2587,71.1924,47.3,24.1,37.4,994.4,94.5,OBS_20240901_GUJ
2024-09-01,Maharashtra,19.7515,75.7139,14.1,31.9,39.7,987.8,97.8,OBS_20240901_MAH
2024-09-01,Kerala,10.8505,76.2711,31.7,21.7,43.6,988.9,95.0,OBS_20240901_KER
2024-09-01,Rajasthan,27.0238,74.2179,0.0,27.4,48.7,997.5,78.7,OBS_20240901_RAJ
2024-09-01,Odisha,20.9517,85.0985,30.3,23.8,34.7,991.7,100.0,OBS_20240901_ODI
2024-09-01,Assam,26.2006,92.9376,110.5,23.5,41.3,988.0,89.9,OBS_20240901_ASS
2024-09-01,Punjab,31.1471,75.3412,65.5,25.1,36.8,992.3,100.0,OBS_20240901_PUN
2024-09-01,Tamil Nadu,11.1271,78.6569,0.0,29.2,22.5,1005.9,68.3,OBS_20240901_TAM
2024-09-01,Andhra Pradesh,15.9129,79.74,25.4,25.8,39.1,991.4,91.4,OBS_20240901_AND
2024-09-01,West Bengal,22.9868,87.855,64.0,26.1,37.5,987.1,96.9,OBS_20240901_WES
2024-09-01,Madhya Pradesh,22.9734,78.6569,0.0,19.8,39.5,991.1,83.0,OBS_20240901_MAD
2024-09-01,Uttar Pradesh,26.8467,80.9462,163.7,22.4,48.0,992.0,100.0,OBS_20240901_UTT
2024-09-01,Karnataka,15.3173,75.7139,151.7,25.4,46.0,993.3,98.5,OBS_20240901_KAR
2024-09-01,Himachal Pradesh,31.1048,77.1734,9.5,23.7,42.2,993.6,94.4,OBS_20240901_HIM
2024-09-01,Bihar,25.0961,85.3131,5.3,24.3,45.6,990.8,100.0,OBS_20240901_BIH
2024-09-02,Gujarat,22.2587,71.1924,46.1,26.3,38.5,988.0,100.0,OBS_20240902_GUJ
2024-09-02,Maharashtra,19.7515,75.7139,70.7,24.9,42.7,987.8,100.0,OBS_20240902_MAH
2024-09-02,Kerala,10.8505,76.2711,0.0,28.3,42.6,991.9,100.0,OBS_20240902_KER
2024-09-02,Rajasthan,27.0238,74.2179,0.0,25.9,37.2,989.7,91.7,OBS_20240902_RAJ
2024-09-02,Odisha,20.9517,85.0985,326.1,26.6,40.1,992.4,99.4,OBS_20240902_ODI
2024-09-02,Assam,26.2006,92.9376,6.7,23.6,40.7,991.8,90.8,OBS_20240902_ASS
2024-09-02,Punjab,31.1471,75.3412,7.2,23.8,38.8,995.5,93.5,OBS_20240902_PUN
2024-09-02,Tamil Nadu,11.1271,78.6569,6.4,30.9,16.7,1003.6,53.5,OBS_20240902_TAM
2024-09-02,Andhra Pradesh,15.9129,79.74,33.2,22.9,39.9,994.3,96.3,OBS_20240902_AND
2024-09-02,West Bengal,22.9868,87.855,188.1,22.5,44.3,992.4,95.1,OBS_20240902_WES
2024-09-02,Madhya Pradesh,22.9734,78.6569,5.0,25.9,43.8,989.2,97.4,OBS_20240902_MAD
2024-09-02,Uttar Pradesh,26.8467,80.9462,22.5,24.3,43.5,989.4,90.5,OBS_20240902_UTT
2024-09-02,Karnataka,15.3173,75.7139,50.9,25.7,44.9,990.5,100.0,OBS_20240902_KAR
2024-09-02,Himachal Pradesh,31.1048,77.1734,0.0,24.5,43.5,990.2,100.0,OBS_20240902_HIM
2024-09-02,Bihar,25.0961,85.3131,25.5,21.8,44.6,992.3,100.0,OBS_20240902_BIH
2024-09-03,Gujarat,22.2587,71.1924,43.2,20.6,39.7,990.3,97.3,OBS_20240903_GUJ
2024-09-03,Maharashtra,19.7515,75.7139,16.6,23.8,43.4,991.9,88.7,OBS_20240903_MAH
2024-09-03,Kerala,10.8505,76.2711,37.3,19.2,36.2,988.7,91.2,OBS_20240903_KER
2024-09-03,Rajasthan,27.0238,74.2179,16.1,21.5,39.9,993.5,99.9,OBS_20240903_RAJ
2024-09-03,Odisha,20.9517,85.0985,0.0,22.1,35.0,990.0,100.0,OBS_20240903_ODI
2024-09-03,Assam,26.2006,92.9376,173.7,23.5,38.5,992.7,94.7,OBS_20240903_ASS
2024-09-03,Punjab,31.1471,75.3412,31.4,19.0,40.0,990.5,100.0,OBS_20240903_PUN
2024-09-03,Tamil Nadu,11.1271,78.6569,1.6,31.1,17.7,1002.3,64.6,OBS_20240903_TAM
2024-09-03,Andhra Pradesh,15.9129,79.74,44.6,27.3,37.1,991.1,84.1,OBS_20240903_AND
2024-09-03,West Bengal,22.9868,87.855,108.1,20.3,37.6,990.1,98.2,OBS_20240903_WES
2024-09-03,Madhya Pradesh,22.9734,78.6569,59.8,22.2,36.3,992.5,95.9,OBS_20240903_MAD
2024-09-03,Uttar Pradesh,26.8467,80.9462,0.0,26.5,39.2,991.7,100.0,OBS_20240903_UTT
2024-09-03,Karnataka,15.3173,75.7139,182.9,24.5,38.4,989.9,93.3,OBS_20240903_KAR
2024-09-03,Himachal Pradesh,31.1048,77.1734,129.4,23.3,39.8,990.5,85.5,OBS_20240903_HIM
2024-09-03,Bihar,25.0961,85.3131,132.6,27.6,41.2,994.9,100.0,OBS_20240903_BIH
2024-09-04,Gujarat,22.2587,71.1924,136.0,20.0,41.2,992.3,98.0,OBS_20240904_GUJ
2024-09-04,Maharashtra,19.7515,75.7139,87.7,23.4,40.9,993.5,100.0,OBS_20240904_MAH
2024-09-04,Kerala,10.8505,76.2711,118.6,20.5,42.9,988.0,97.0,OBS_20240904_KER
2024-09-04,Rajasthan,27.0238,74.2179,67.6,26.2,43.3,990.2,100.0,OBS_20240904_RAJ
2024-09-04,Odisha,20.9517,85.0985,2.4,23.1,43.8,990.7,100.0,OBS_20240904_ODI
2024-09-04,Assam,26.2006,92.9376,11.3,24.7,38.6,989.7,96.0,OBS_20240904_ASS
2024-09-04,Punjab,31.1471,75.3412,1.2,21.3,43.3,991.7,92.8,OBS_20240904_PUN
2024-09-04,Tamil Nadu,11.1271,78.6569,6.8,25.1,11.5,1000.3,60.6,OBS_20240904_TAM
2024-09-04,Andhra Pradesh,15.9129,79.74,1.0,22.5,36.7,992.3,100.0,OBS_20240904_AND
2024-09-04,West Bengal,22.9868,87.855,11.1,23.9,38.0,990.9,100.0,OBS_20240904_WES
2024-09-04,Madhya Pradesh,22.9734,78.6569,6.9,26.3,34.5,991.7,94.9,OBS_20240904_MAD
2024-09-04,Uttar Pradesh,26.8467,80.9462,7.9,23.0,39.7,993.5,79.6,OBS_20240904_UTT
2024-09-04,Karnataka,15.3173,75.7139,5.8,29.1,42.3,988.3,100.0,OBS_20240904_KAR
2024-09-04,Himachal Pradesh,31.1048,77.1734,52.9,21.4,44.4,993.2,100.0,OBS_20240904_HIM
2024-09-04,Bihar,25.0961,85.3131,54.9,22.8,41.6,988.5,97.9,OBS_20240904_BIH
2024-09-05,Gujarat,22.2587,71.1924,64.5,25.9,50.7,994.1,98.9,OBS_20240905_GUJ
2024-09-05,Maharashtra,19.7515,75.7139,8.5,25.8,40.1,991.8,84.3,OBS_20240905_MAH
2024-09-05,Kerala,10.8505,76.2711,153.7,18.7,42.0,989.9,95.0,OBS_20240905_KER
2024-09-05,Rajasthan,27.0238,74.2179,0.2,24.3,40.6,990.7,100.0,OBS_20240905_RAJ
2024-09-05,Odisha,20.9517,85.0985,0.4,22.7,47.9,991.7,94.4,OBS_20240905_ODI
2024-09-05,Assam,26.2006,92.9376,178.3,22.3,46.4,992.0,100.0,OBS_20240905_ASS
2024-09-05,Punjab,31.1471,75.3412,0.0,26.3,40.9,993.6,92.3,OBS_20240905_PUN
2024-09-05,Tamil Nadu,11.1271,78.6569,6.1,29.3,15.0,1001.0,52.7,OBS_20240905_TAM
2024-09-05,Andhra Pradesh,15.9129,79.74,22.0,24.6,44.6,988.6,99.9,OBS_20240905_AND
2024-09-05,West Bengal,22.9868,87.855,0.0,19.9,46.4,986.7,97.6,OBS_20240905_WES
2024-09-05,Madhya Pradesh,22.9734,78.6569,28.3,28.2,48.3,989.7,97.9,OBS_20240905_MAD
2024-09-05,Uttar Pradesh,26.8467,80.9462,62.3,21.9,50.0,990.1,92.9,OBS_20240905_UTT
2024-09-05,Karnataka,15.3173,75.7139,1.3,24.8,40.6,991.0,94.9,OBS_20240905_KAR
2024-09-05,Himachal Pradesh,31.1048,77.1734,0.0,24.4,41.7,993.6,98.7,OBS_20240905_HIM
2024-09-05,Bihar,25.0961,85.3131,397.8,25.8,31.5,992.2,100.0,OBS_20240905_BIH
2024-09-06,Gujarat,22.2587,71.1924,45.9,26.0,39.8,997.1,91.2,OBS_20240906_GUJ
2024-09-06,Maharashtra,19.7515,75.7139,4.2,22.0,36.1,987.4,100.0,OBS_20240906_MAH
2024-09-06,Kerala,10.8505,76.2711,29.1,23.3,39.8,994.7,100.0,OBS_20240906_KER
2024-09-06,Rajasthan,27.0238,74.2179,115.3,29.1,40.3,989.8,100.0,OBS_20240906_RAJ
2024-09-06,Odisha,20.9517,85.0985,4.1,22.8,45.1,993.6,99.1,OBS_20240906_ODI
2024-09-06,Assam,26.2006,92.9376,293.5,27.7,37.5,997.0,89.6,OBS_20240906_ASS
2024-09-06,Punjab,31.1471,75.3412,78.0,22.4,42.3,990.8,98.0,OBS_20240906_PUN
2024-09-06,Tamil Nadu,11.1271,78.6569,0.0,27.6,17.2,1000.8,66.6,OBS_20240906_TAM
2024-09-06,Andhra Pradesh,15.9129,79.74,2.0,20.4,46.5,990.7,97.0,OBS_20240906_AND
2024-09-06,West Bengal,22.9868,87.855,62.4,23.1,41.0,988.0,90.5,OBS_20240906_WES
2024-09-06,Madhya Pradesh,22.9734,78.6569,53.9,22.5,40.3,988.3,93.8,OBS_20240906_MAD
2024-09-06,Uttar Pradesh,26.8467,80.9462,89.9,25.2,46.6,990.2,97.7,OBS_20240906_UTT
2024-09-06,Karnataka,15.3173,75.7139,3.0,22.5,40.6,990.5,88.9,OBS_20240906_KAR
2024-09-06,Himachal Pradesh,31.1048,77.1734,136.4,19.2,43.6,989.9,100.0,OBS_20240906_HIM
2024-09-06,Bihar,25.0961,85.3131,16.1,21.3,46.4,990.0,88.1,OBS_20240906_BIH
2024-09-07,Gujarat,22.2587,71.1924,0.0,24.2,41.3,990.2,93.9,OBS_20240907_GUJ
2024-09-07,Maharashtra,19.7515,75.7139,7.3,24.5,43.6,991.2,94.7,OBS_20240907_MAH
2024-09-07,Kerala,10.8505,76.2711,8.6,24.2,49.3,988.1,87.3,OBS_20240907_KER
2024-09-07,Rajasthan,27.0238,74.2179,6.8,27.0,45.4,989.0,96.4,OBS_20240907_RAJ
2024-09-07,Odisha,20.9517,85.0985,23.2,27.3,37.0,991.2,86.3,OBS_20240907_ODI
2024-09-07,Assam,26.2006,92.9376,5.0,25.0,43.6,994.3,100.0,OBS_20240907_ASS
2024-09-07,Punjab,31.1471,75.3412,75.7,20.6,37.3,993.3,100.0,OBS_20240907_PUN
2024-09-07,Tamil Nadu,11.1271,78.6569,0.0,28.0,17.0,1003.4,60.0,OBS_20240907_TAM
2024-09-07,Andhra Pradesh,15.9129,79.74,159.6,22.8,38.2,991.8,84.9,OBS_20240907_AND
2024-09-07,West Bengal,22.9868,87.855,127.3,25.3,43.6,988.5,100.0,OBS_20240907_WES
2024-09-07,Madhya Pradesh,22.9734,78.6569,0.0,24.3,41.0,993.8,100.0,OBS_20240907_MAD
2024-09-07,Uttar Pradesh,26.8467,80.9462,82.9,16.5,38.9,992.8,100.0,OBS_20240907_UTT
2024-09-07,Karnataka,15.3173,75.7139,41.8,26.4,44.7,993.8,95.1,OBS_20240907_KAR
2024-09-07,Himachal Pradesh,31.1048,77.1734,189.1,21.9,41.3,990.2,90.9,OBS_20240907_HIM
2024-09-07,Bihar,25.0961,85.3131,6.6,24.4,44.9,989.2,100.0,OBS_20240907_BIH
2024-09-08,Gujarat,22.2587,71.1924,64.3,22.2,41.6,993.8,94.0,OBS_20240908_GUJ
2024-09-08,Maharashtra,19.7515,75.7139,0.0,26.6,40.5,991.1,97.0,OBS_20240908_MAH
2024-09-08,Kerala,10.8505,76.2711,44.7,24.4,42.0,990.1,84.0,OBS_20240908_KER
2024-09-08,Rajasthan,27.0238,74.2179,0.0,20.9,43.1,991.0,100.0,OBS_20240908_RAJ
2024-09-08,Odisha,20.9517,85.0985,0.2,26.5,40.0,992.9,87.9,OBS_20240908_ODI
2024-09-08,Assam,26.2006,92.9376,97.1,25.1,42.7,989.5,100.0,OBS_20240908_ASS
2024-09-08,Punjab,31.1471,75.3412,23.4,23.3,42.7,990.1,100.0,OBS_20240908_PUN
2024-09-08,Tamil Nadu,11.1271,78.6569,9.1,28.2,15.0,1004.0,68.9,OBS_20240908_TAM
2024-09-08,Andhra Pradesh,15.9129,79.74,104.6,22.4,38.9,988.7,95.2,OBS_20240908_AND
2024-09-08,West Bengal,22.9868,87.855,105.1,27.1,44.8,993.3,100.0,OBS_20240908_WES
2024-09-08,Madhya Pradesh,22.9734,78.6569,98.7,20.9,40.6,992.4,95.1,OBS_20240908_MAD
2024-09-08,Uttar Pradesh,26.8467,80.9462,4.7,21.1,42.5,995.3,100.0,OBS_20240908_UTT
2024-09-08,Karnataka,15.3173,75.7139,0.0,25.9,34.8,990.1,100.0,OBS_20240908_KAR
2024-09-08,Himachal Pradesh,31.1048,77.1734,3.4,23.9,39.6,990.8,100.0,OBS_20240908_HIM
2024-09-08,Bihar,25.0961,85.3131,78.9,26.7,44.1,992.1,93.8,OBS_20240908_BIH
2024-09-09,Gujarat,22.2587,71.1924,2.5,21.7,39.9,992.1,100.0,OBS_20240909_GUJ
2024-09-09,Maharashtra,19.7515,75.7139,211.6,27.6,41.9,994.6,100.0,OBS_20240909_MAH
2024-09-09,Kerala,10.8505,76.2711,102.3,19.0,44.7,992.7,97.2,OBS_20240909_KER
2024-09-09,Rajasthan,27.0238,74.2179,154.8,21.4,41.2,987.6,88.3,OBS_20240909_RAJ
2024-09-09,Odisha,20.9517,85.0985,71.0,23.4,48.3,991.4,87.4,OBS_20240909_ODI
2024-09-09,Assam,26.2006,92.9376,243.4,25.0,41.0,993.2,100.0,OBS_20240909_ASS
2024-09-09,Punjab,31.1471,75.3412,6.9,23.5,38.4,995.8,100.0,OBS_20240909_PUN
2024-09-09,Tamil Nadu,11.1271,78.6569,71.8,29.1,9.6,1002.4,73.1,OBS_20240909_TAM
2024-09-09,Andhra Pradesh,15.9129,79.74,21.6,24.5,45.6,993.5,100.0,OBS_20240909_AND
2024-09-09,West Bengal,22.9868,87.855,6.3,22.2,38.8,991.6,100.0,OBS_20240909_WES
2024-09-09,Madhya Pradesh,22.9734,78.6569,1.8,19.9,46.7,990.9,98.8,OBS_20240909_MAD
2024-09-09,Uttar Pradesh,26.8467,80.9462,0.0,25.4,42.4,993.6,100.0,OBS_20240909_UTT
2024-09-09,Karnataka,15.3173,75.7139,26.0,28.2,44.0,990.1,100.0,OBS_20240909_KAR
2024-09-09,Himachal Pradesh,31.1048,77.1734,16.0,21.9,48.6,993.6,90.9,OBS_20240909_HIM
2024-09-09,Bihar,25.0961,85.3131,230.2,25.6,42.2,988.5,95.4,OBS_20240909_BIH
2024-09-10,Gujarat,22.2587,71.1924,59.6,23.0,42.9,990.3,95.3,OBS_20240910_GUJ
2024-09-10,Maharashtra,19.7515,75.7139,1.0,23.0,42.2,992.0,91.2,OBS_20240910_MAH
2024-09-10,Kerala,10.8505,76.2711,126.8,25.3,37.4,990.1,99.6,OBS_20240910_KER
2024-09-10,Rajasthan,27.0238,74.2179,0.0,24.3,42.4,991.5,100.0,OBS_20240910_RAJ
2024-09-10,Odisha,20.9517,85.0985,37.4,22.0,43.8,994.7,92.8,OBS_20240910_ODI
2024-09-10,Assam,26.2006,92.9376,6.8,25.6,48.4,990.2,100.0,OBS_20240910_ASS
2024-09-10,Punjab,31.1471,75.3412,23.1,31.8,43.3,995.3,100.0,OBS_20240910_PUN
2024-09-10,Tamil Nadu,11.1271,78.6569,20.5,28.4,21.2,1006.9,63.9,OBS_20240910_TAM
2024-09-10,Andhra Pradesh,15.9129,79.74,2.8,21.4,34.8,989.2,100.0,OBS_20240910_AND
2024-09-10,West Bengal,22.9868,87.855,2.5,23.6,35.2,992.6,97.4,OBS_20240910_WES
2024-09-10,Madhya Pradesh,22.9734,78.6569,180.8,24.6,40.8,992.8,100.0,OBS_20240910_MAD
2024-09-10,Uttar Pradesh,26.8467,80.9462,4.1,23.9,42.4,993.2,100.0,OBS_20240910_UTT
2024-09-10,Karnataka,15.3173,75.7139,228.0,22.7,43.9,990.5,100.0,OBS_20240910_KAR
2024-09-10,Himachal Pradesh,31.1048,77.1734,17.4,20.5,40.3,992.0,96.0,OBS_20240910_HIM
2024-09-10,Bihar,25.0961,85.3131,171.3,23.1,41.7,989.5,97.4,OBS_20240910_BIH
2024-09-11,Gujarat,22.2587,71.1924,0.0,26.4,31.7,992.2,85.8,OBS_20240911_GUJ
2024-09-11,Maharashtra,19.7515,75.7139,9.7,24.2,27.2,996.8,99.6,OBS_20240911_MAH
2024-09-11,Kerala,10.8505,76.2711,4.3,22.4,19.1,1000.2,86.3,OBS_20240911_KER
2024-09-11,Rajasthan,27.0238,74.2179,0.0,25.4,25.1,998.5,99.4,OBS_20240911_RAJ
2024-09-11,Odisha,20.9517,85.0985,101.0,23.6,30.8,997.8,83.5,OBS_20240911_ODI
2024-09-11,Assam,26.2006,92.9376,2.1,23.8,30.3,994.5,85.6,OBS_20240911_ASS
2024-09-11,Punjab,31.1471,75.3412,17.4,24.8,30.5,997.4,83.8,OBS_20240911_PUN
2024-09-11,Tamil Nadu,11.1271,78.6569,0.0,24.9,17.7,1004.9,62.0,OBS_20240911_TAM
2024-09-11,Andhra Pradesh,15.9129,79.74,186.2,24.1,35.7,992.7,72.1,OBS_20240911_AND
2024-09-11,West Bengal,22.9868,87.855,22.0,26.4,34.0,994.7,91.6,OBS_20240911_WES
2024-09-11,Madhya Pradesh,22.9734,78.6569,9.8,26.6,28.6,995.9,81.8,OBS_20240911_MAD
2024-09-11,Uttar Pradesh,26.8467,80.9462,10.5,25.8,34.1,997.3,72.3,OBS_20240911_UTT
2024-09-11,Karnataka,15.3173,75.7139,8.4,28.5,35.3,995.7,84.8,OBS_20240911_KAR
2024-09-11,Himachal Pradesh,31.1048,77.1734,0.0,23.8,26.9,997.1,78.4,OBS_20240911_HIM
2024-09-11,Bihar,25.0961,85.3131,0.0,26.0,28.5,999.2,81.6,OBS_20240911_BIH
2024-09-12,Gujarat,22.2587,71.1924,46.3,21.8,30.9,996.1,88.8,OBS_20240912_GUJ
2024-09-12,Maharashtra,19.7515,75.7139,39.1,30.7,28.1,997.8,88.5,OBS_20240912_MAH
2024-09-12,Kerala,10.8505,76.2711,199.3,26.5,39.0,997.3,78.3,OBS_20240912_KER
2024-09-12,Rajasthan,27.0238,74.2179,0.0,28.1,33.1,998.6,79.3,OBS_20240912_RAJ
2024-09-12,Odisha,20.9517,85.0985,0.0,28.5,27.2,996.3,84.6,OBS_20240912_ODI
2024-09-12,Assam,26.2006,92.9376,0.0,24.2,24.6,996.4,80.5,OBS_20240912_ASS
2024-09-12,Punjab,31.1471,75.3412,9.2,22.9,34.2,995.0,81.3,OBS_20240912_PUN
2024-09-12,Tamil Nadu,11.1271,78.6569,0.0,28.4,15.5,1005.6,73.7,OBS_20240912_TAM
2024-09-12,Andhra Pradesh,15.9129,79.74,45.4,25.5,29.9,995.7,96.6,OBS_20240912_AND
2024-09-12,West Bengal,22.9868,87.855,86.1,25.2,28.2,998.1,81.9,OBS_20240912_WES
2024-09-12,Madhya Pradesh,22.9734,78.6569,13.0,22.2,23.3,998.5,83.6,OBS_20240912_MAD
2024-09-12,Uttar Pradesh,26.8467,80.9462,0.0,25.4,33.5,995.7,88.9,OBS_20240912_UTT
2024-09-12,Karnataka,15.3173,75.7139,13.4,25.9,30.5,997.5,81.3,OBS_20240912_KAR
2024-09-12,Himachal Pradesh,31.1048,77.1734,8.7,26.8,28.8,995.1,93.2,OBS_20240912_HIM
2024-09-12,Bihar,25.0961,85.3131,2.5,28.8,36.1,998.8,85.7,OBS_20240912_BIH
2024-09-13,Gujarat,22.2587,71.1924,0.3,25.5,35.9,996.6,81.3,OBS_20240913_GUJ
2024-09-13,Maharashtra,19.7515,75.7139,6.7,26.3,34.1,998.5,89.9,OBS_20240913_MAH
2024-09-13,Kerala,10.8505,76.2711,70.4,26.5,31.4,997.5,77.7,OBS_20240913_KER
2024-09-13,Rajasthan,27.0238,74.2179,0.0,21.2,36.2,990.1,85.9,OBS_20240913_RAJ
2024-09-13,Odisha,20.9517,85.0985,33.9,28.8,25.6,997.4,87.3,OBS_20240913_ODI
2024-09-13,Assam,26.2006,92.9376,0.0,23.8,29.1,996.7,80.4,OBS_20240913_ASS
2024-09-13,Punjab,31.1471,75.3412,122.6,25.9,33.5,997.0,92.3,OBS_20240913_PUN
2024-09-13,Tamil Nadu,11.1271,78.6569,3.9,22.6,14.2,1004.9,57.8,OBS_20240913_TAM
2024-09-13,Andhra Pradesh,15.9129,79.74,8.2,23.1,35.7,996.3,89.8,OBS_20240913_AND
2024-09-13,West Bengal,22.9868,87.855,83.4,28.7,30.5,998.1,77.9,OBS_20240913_WES
2024-09-13,Madhya Pradesh,22.9734,78.6569,0.3,26.1,37.2,996.6,83.7,OBS_20240913_MAD
2024-09-13,Uttar Pradesh,26.8467,80.9462,0.0,27.7,33.7,998.2,96.1,OBS_20240913_UTT
2024-09-13,Karnataka,15.3173,75.7139,0.1,24.6,20.9,994.9,85.5,OBS_20240913_KAR
2024-09-13,Himachal Pradesh,31.1048,77.1734,100.2,24.5,34.2,992.9,73.4,OBS_20240913_HIM
2024-09-13,Bihar,25.0961,85.3131,0.0,23.3,37.2,993.7,85.6,OBS_20240913_BIH
2024-09-14,Gujarat,22.2587,71.1924,0.0,27.2,39.8,994.3,80.3,OBS_20240914_GUJ
2024-09-14,Maharashtra,19.7515,75.7139,27.4,25.0,36.3,997.2,88.2,OBS_20240914_MAH
2024-09-14,Kerala,10.8505,76.2711,52.2,25.8,27.7,999.2,77.1,OBS_20240914_KER
2024-09-14,Rajasthan,27.0238,74.2179,10.9,29.1,35.0,993.2,84.0,OBS_20240914_RAJ
2024-09-14,Odisha,20.9517,85.0985,0.0,25.5,26.0,995.0,89.9,OBS_20240914_ODI
2024-09-14,Assam,26.2006,92.9376,77.6,24.6,34.2,1000.7,75.8,OBS_20240914_ASS
2024-09-14,Punjab,31.1471,75.3412,1.6,27.6,32.4,995.9,84.0,OBS_20240914_PUN
2024-09-14,Tamil Nadu,11.1271,78.6569,6.4,30.2,13.1,1002.0,60.0,OBS_20240914_TAM
2024-09-14,Andhra Pradesh,15.9129,79.74,4.4,23.6,31.7,999.7,82.4,OBS_20240914_AND
2024-09-14,West Bengal,22.9868,87.855,22.1,25.5,23.4,995.8,84.5,OBS_20240914_WES
2024-09-14,Madhya Pradesh,22.9734,78.6569,52.1,23.8,35.1,997.4,82.5,OBS_20240914_MAD
2024-09-14,Uttar Pradesh,26.8467,80.9462,0.0,26.1,32.8,998.4,80.8,OBS_20240914_UTT
2024-09-14,Karnataka,15.3173,75.7139,0.9,24.7,31.7,993.1,90.8,OBS_20240914_KAR
2024-09-14,Himachal Pradesh,31.1048,77.1734,0.0,26.0,33.7,995.1,76.3,OBS_20240914_HIM
2024-09-14,Bihar,25.0961,85.3131,121.6,24.2,33.8,996.4,88.1,OBS_20240914_BIH
2024-09-15,Gujarat,22.2587,71.1924,0.0,22.4,33.3,996.0,82.8,OBS_20240915_GUJ
2024-09-15,Maharashtra,19.7515,75.7139,10.5,24.6,38.0,995.4,78.8,OBS_20240915_MAH
2024-09-15,Kerala,10.8505,76.2711,19.6,25.6,29.1,994.7,69.3,OBS_20240915_KER
2024-09-15,Rajasthan,27.0238,74.2179,12.0,28.9,29.1,990.5,79.8,OBS_20240915_RAJ
2024-09-15,Odisha,20.9517,85.0985,5.1,25.9,30.3,995.3,88.0,OBS_20240915_ODI
2024-09-15,Assam,26.2006,92.9376,79.0,21.7,30.7,995.1,87.6,OBS_20240915_ASS
2024-09-15,Punjab,31.1471,75.3412,46.2,27.0,33.7,1000.4,73.4,OBS_20240915_PUN
2024-09-15,Tamil Nadu,11.1271,78.6569,3.9,22.5,23.7,1004.7,63.8,OBS_20240915_TAM
2024-09-15,Andhra Pradesh,15.9129,79.74,0.0,25.7,27.1,996.1,98.5,OBS_20240915_AND
2024-09-15,West Bengal,22.9868,87.855,48.0,20.0,29.0,997.1,84.9,OBS_20240915_WES
2024-09-15,Madhya Pradesh,22.9734,78.6569,38.9,28.9,29.6,995.2,96.4,OBS_20240915_MAD
2024-09-15,Uttar Pradesh,26.8467,80.9462,27.7,23.8,35.6,996.3,86.4,OBS_20240915_UTT
2024-09-15,Karnataka,15.3173,75.7139,12.0,25.9,20.8,992.9,85.8,OBS_20240915_KAR
2024-09-15,Himachal Pradesh,31.1048,77.1734,0.6,27.4,26.0,995.7,84.5,OBS_20240915_HIM
2024-09-15,Bihar,25.0961,85.3131,152.7,26.0,33.0,993.0,91.5,OBS_20240915_BIH
2024-09-16,Gujarat,22.2587,71.1924,0.0,25.7,31.0,995.9,85.3,OBS_20240916_GUJ
2024-09-16,Maharashtra,19.7515,75.7139,34.9,27.3,33.7,995.0,82.8,OBS_20240916_MAH
2024-09-16,Kerala,10.8505,76.2711,4.4,25.7,30.7,991.7,95.2,OBS_20240916_KER
2024-09-16,Rajasthan,27.0238,74.2179,4.2,21.9,35.3,994.8,72.6,OBS_20240916_RAJ
2024-09-16,Odisha,20.9517,85.0985,0.0,25.1,35.3,992.9,76.0,OBS_20240916_ODI
2024-09-16,Assam,26.2006,92.9376,2.0,23.0,25.0,998.2,92.5,OBS_20240916_ASS
2024-09-16,Punjab,31.1471,75.3412,0.0,24.5,28.5,992.1,83.0,OBS_20240916_PUN
2024-09-16,Tamil Nadu,11.1271,78.6569,4.6,26.5,17.6,999.5,57.0,OBS_20240916_TAM
2024-09-16,Andhra Pradesh,15.9129,79.74,6.3,28.8,28.4,995.9,76.4,OBS_20240916_AND
2024-09-16,West Bengal,22.9868,87.855,0.0,20.5,36.1,994.8,91.0,OBS_20240916_WES
2024-09-16,Madhya Pradesh,22.9734,78.6569,0.0,23.8,39.2,993.9,88.5,OBS_20240916_MAD
2024-09-16,Uttar Pradesh,26.8467,80.9462,151.5,28.3,27.8,999.7,97.6,OBS_20240916_UTT
2024-09-16,Karnataka,15.3173,75.7139,11.4,23.8,35.9,992.2,93.2,OBS_20240916_KAR
2024-09-16,Himachal Pradesh,31.1048,77.1734,4.7,27.4,33.3,992.7,79.7,OBS_20240916_HIM
2024-09-16,Bihar,25.0961,85.3131,17.2,28.3,29.4,997.1,92.4,OBS_20240916_BIH
2024-09-17,Gujarat,22.2587,71.1924,135.1,23.2,34.4,994.0,94.1,OBS_20240917_GUJ
2024-09-17,Maharashtra,19.7515,75.7139,0.0,21.6,33.2,997.8,91.4,OBS_20240917_MAH
2024-09-17,Kerala,10.8505,76.2711,0.0,23.4,31.6,994.2,100.0,OBS_20240917_KER
2024-09-17,Rajasthan,27.0238,74.2179,9.6,27.3,29.4,994.4,86.8,OBS_20240917_RAJ
2024-09-17,Odisha,20.9517,85.0985,25.3,25.1,44.8,995.9,81.2,OBS_20240917_ODI
2024-09-17,Assam,26.2006,92.9376,140.0,25.8,26.0,996.2,85.5,OBS_20240917_ASS
2024-09-17,Punjab,31.1471,75.3412,0.0,27.0,29.3,993.7,78.8,OBS_20240917_PUN
2024-09-17,Tamil Nadu,11.1271,78.6569,0.0,26.6,13.8,1002.7,77.5,OBS_20240917_TAM
2024-09-17,Andhra Pradesh,15.9129,79.74,108.7,23.7,33.6,996.7,82.6,OBS_20240917_AND
2024-09-17,West Bengal,22.9868,87.855,0.0,25.8,34.8,996.3,85.4,OBS_20240917_WES
2024-09-17,Madhya Pradesh,22.9734,78.6569,6.9,26.1,35.3,997.5,97.8,OBS_20240917_MAD
2024-09-17,Uttar Pradesh,26.8467,80.9462,21.0,27.7,34.2,997.8,100.0,OBS_20240917_UTT
2024-09-17,Karnataka,15.3173,75.7139,0.5,22.6,31.5,996.6,89.6,OBS_20240917_KAR
2024-09-17,Himachal Pradesh,31.1048,77.1734,0.0,22.3,32.2,995.0,92.0,OBS_20240917_HIM
2024-09-17,Bihar,25.0961,85.3131,132.8,24.6,34.9,997.1,86.0,OBS_20240917_BIH
2024-09-18,Gujarat,22.2587,71.1924,119.9,23.2,32.7,995.8,77.7,OBS_20240918_GUJ
2024-09-18,Maharashtra,19.7515,75.7139,0.0,24.5,30.5,1001.1,85.1,OBS_20240918_MAH
2024-09-18,Kerala,10.8505,76.2711,6.9,25.8,31.7,996.2,77.7,OBS_20240918_KER
2024-09-18,Rajasthan,27.0238,74.2179,1.5,23.5,37.1,996.8,86.9,OBS_20240918_RAJ
2024-09-18,Odisha,20.9517,85.0985,20.5,25.4,30.6,994.8,82.4,OBS_20240918_ODI
2024-09-18,Assam,26.2006,92.9376,140.2,23.2,27.9,996.7,69.8,OBS_20240918_ASS
2024-09-18,Punjab,31.1471,75.3412,2.2,24.9,29.0,995.1,74.9,OBS_20240918_PUN
2024-09-18,Tamil Nadu,11.1271,78.6569,6.4,29.3,24.6,1005.2,70.6,OBS_20240918_TAM
2024-09-18,Andhra Pradesh,15.9129,79.74,107.0,26.5,31.5,996.7,88.6,OBS_20240918_AND
2024-09-18,West Bengal,22.9868,87.855,38.8,24.9,32.8,994.2,90.6,OBS_20240918_WES
2024-09-18,Madhya Pradesh,22.9734,78.6569,5.2,25.9,26.1,996.1,95.4,OBS_20240918_MAD
2024-09-18,Uttar Pradesh,26.8467,80.9462,0.0,23.5,30.8,994.7,74.3,OBS_20240918_UTT
2024-09-18,Karnataka,15.3173,75.7139,0.0,24.0,27.6,994.1,95.2,OBS_20240918_KAR
2024-09-18,Himachal Pradesh,31.1048,77.1734,5.5,24.1,34.6,997.3,90.5,OBS_20240918_HIM
2024-09-18,Bihar,25.0961,85.3131,9.9,27.6,27.5,996.2,85.5,OBS_20240918_BIH
2024-09-19,Gujarat,22.2587,71.1924,0.0,24.0,29.9,994.4,72.8,OBS_20240919_GUJ
2024-09-19,Maharashtra,19.7515,75.7139,7.8,24.1,38.4,999.6,89.9,OBS_20240919_MAH
2024-09-19,Kerala,10.8505,76.2711,50.9,23.6,34.1,994.2,82.8,OBS_20240919_KER
2024-09-19,Rajasthan,27.0238,74.2179,117.7,25.6,30.7,996.9,97.2,OBS_20240919_RAJ
2024-09-19,Odisha,20.9517,85.0985,132.4,26.7,27.3,996.6,88.1,OBS_20240919_ODI
2024-09-19,Assam,26.2006,92.9376,89.7,32.8,32.6,993.1,77.8,OBS_20240919_ASS
2024-09-19,Punjab,31.1471,75.3412,0.0,24.7,32.0,998.6,80.4,OBS_20240919_PUN
2024-09-19,Tamil Nadu,11.1271,78.6569,19.2,29.1,15.7,1002.9,71.6,OBS_20240919_TAM
2024-09-19,Andhra Pradesh,15.9129,79.74,124.0,24.6,33.7,997.4,85.4,OBS_20240919_AND
2024-09-19,West Bengal,22.9868,87.855,1.2,25.5,19.8,1000.3,69.0,OBS_20240919_WES
2024-09-19,Madhya Pradesh,22.9734,78.6569,7.9,25.7,32.7,999.3,85.0,OBS_20240919_MAD
2024-09-19,Uttar Pradesh,26.8467,80.9462,0.0,25.1,28.5,997.0,88.6,OBS_20240919_UTT
2024-09-19,Karnataka,15.3173,75.7139,16.2,21.2,37.4,995.1,88.2,OBS_20240919_KAR
2024-09-19,Himachal Pradesh,31.1048,77.1734,86.3,23.1,33.9,997.5,80.2,OBS_20240919_HIM
2024-09-19,Bihar,25.0961,85.3131,0.0,25.6,31.8,992.6,81.7,OBS_20240919_BIH
2024-09-20,Gujarat,22.2587,71.1924,0.0,26.7,39.6,997.2,100.0,OBS_20240920_GUJ
2024-09-20,Maharashtra,19.7515,75.7139,0.0,22.7,29.9,995.0,86.7,OBS_20240920_MAH
2024-09-20,Kerala,10.8505,76.2711,71.9,23.3,34.3,994.2,92.3,OBS_20240920_KER
2024-09-20,Rajasthan,27.0238,74.2179,4.6,24.7,27.1,998.3,84.0,OBS_20240920_RAJ
2024-09-20,Odisha,20.9517,85.0985,40.6,23.8,39.0,994.2,81.6,OBS_20240920_ODI
2024-09-20,Assam,26.2006,92.9376,4.2,23.8,34.5,995.8,88.3,OBS_20240920_ASS
2024-09-20,Punjab,31.1471,75.3412,10.1,22.3,27.0,993.8,98.2,OBS_20240920_PUN
2024-09-20,Tamil Nadu,11.1271,78.6569,0.0,29.5,18.2,1005.3,75.9,OBS_20240920_TAM
2024-09-20,Andhra Pradesh,15.9129,79.74,0.0,25.4,27.2,994.9,84.4,OBS_20240920_AND
2024-09-20,West Bengal,22.9868,87.855,88.9,24.5,33.9,992.8,82.6,OBS_20240920_WES
2024-09-20,Madhya Pradesh,22.9734,78.6569,0.0,24.5,31.9,994.5,75.3,OBS_20240920_MAD
2024-09-20,Uttar Pradesh,26.8467,80.9462,0.0,26.1,30.9,994.1,94.6,OBS_20240920_UTT
2024-09-20,Karnataka,15.3173,75.7139,16.3,23.2,26.0,994.6,84.2,OBS_20240920_KAR
2024-09-20,Himachal Pradesh,31.1048,77.1734,6.3,25.2,35.0,992.2,83.3,OBS_20240920_HIM
2024-09-20,Bihar,25.0961,85.3131,19.3,25.5,26.3,993.4,78.5,OBS_20240920_BIH
2024-09-21,Gujarat,22.2587,71.1924,0.0,24.9,29.7,992.3,75.9,OBS_20240921_GUJ
2024-09-21,Maharashtra,19.7515,75.7139,0.0,26.5,26.3,993.6,94.9,OBS_20240921_MAH
2024-09-21,Kerala,10.8505,76.2711,13.7,26.3,32.4,997.7,86.5,OBS_20240921_KER
2024-09-21,Rajasthan,27.0238,74.2179,64.1,23.3,29.0,995.6,81.3,OBS_20240921_RAJ
2024-09-21,Odisha,20.9517,85.0985,128.9,29.8,23.7,993.0,86.1,OBS_20240921_ODI
2024-09-21,Assam,26.2006,92.9376,162.9,22.2,30.9,996.0,71.9,OBS_20240921_ASS
2024-09-21,Punjab,31.1471,75.3412,7.0,25.7,35.5,995.9,78.8,OBS_20240921_PUN
2024-09-21,Tamil Nadu,11.1271,78.6569,30.1,29.5,10.5,1005.0,58.6,OBS_20240921_TAM
2024-09-21,Andhra Pradesh,15.9129,79.74,216.8,24.0,35.0,998.1,89.6,OBS_20240921_AND
2024-09-21,West Bengal,22.9868,87.855,9.5,25.3,37.8,998.3,82.8,OBS_20240921_WES
2024-09-21,Madhya Pradesh,22.9734,78.6569,5.6,26.5,32.7,995.5,95.4,OBS_20240921_MAD
2024-09-21,Uttar Pradesh,26.8467,80.9462,80.9,24.4,26.3,995.1,81.5,OBS_20240921_UTT
2024-09-21,Karnataka,15.3173,75.7139,0.0,25.3,38.5,994.2,86.2,OBS_20240921_KAR
2024-09-21,Himachal Pradesh,31.1048,77.1734,8.6,25.8,36.0,994.3,87.6,OBS_20240921_HIM
2024-09-21,Bihar,25.0961,85.3131,17.9,24.1,29.8,996.3,80.2,OBS_20240921_BIH
2024-09-22,Gujarat,22.2587,71.1924,0.0,24.1,24.2,994.5,86.7,OBS_20240922_GUJ
2024-09-22,Maharashtra,19.7515,75.7139,114.2,24.2,35.5,1000.1,82.5,OBS_20240922_MAH
2024-09-22,Kerala,10.8505,76.2711,86.4,28.2,30.7,994.4,79.3,OBS_20240922_KER
2024-09-22,Rajasthan,27.0238,74.2179,14.2,26.7,39.7,993.0,78.3,OBS_20240922_RAJ
2024-09-22,Odisha,20.9517,85.0985,117.7,27.5,32.1,992.4,89.4,OBS_20240922_ODI
2024-09-22,Assam,26.2006,92.9376,0.0,22.1,29.4,998.3,82.3,OBS_20240922_ASS
2024-09-22,Punjab,31.1471,75.3412,164.6,22.8,28.3,998.9,80.1,OBS_20240922_PUN
2024-09-22,Tamil Nadu,11.1271,78.6569,0.0,28.7,19.2,1006.0,64.7,OBS_20240922_TAM
2024-09-22,Andhra Pradesh,15.9129,79.74,0.0,25.6,39.9,1001.0,88.0,OBS_20240922_AND
2024-09-22,West Bengal,22.9868,87.855,0.0,19.5,29.0,998.1,77.5,OBS_20240922_WES
2024-09-22,Madhya Pradesh,22.9734,78.6569,0.0,28.7,31.4,994.4,61.2,OBS_20240922_MAD
2024-09-22,Uttar Pradesh,26.8467,80.9462,44.8,24.0,31.1,995.5,88.6,OBS_20240922_UTT
2024-09-22,Karnataka,15.3173,75.7139,88.4,24.3,24.8,995.1,90.3,OBS_20240922_KAR
2024-09-22,Himachal Pradesh,31.1048,77.1734,0.0,21.3,31.8,994.7,76.7,OBS_20240922_HIM
2024-09-22,Bihar,25.0961,85.3131,101.8,23.5,28.0,995.1,86.8,OBS_20240922_BIH
2024-09-23,Gujarat,22.2587,71.1924,0.0,23.6,36.3,998.3,76.2,OBS_20240923_GUJ
2024-09-23,Maharashtra,19.7515,75.7139,0.0,25.4,31.1,998.0,83.9,OBS_20240923_MAH
2024-09-23,Kerala,10.8505,76.2711,161.3,22.6,28.2,994.9,87.9,OBS_20240923_KER
2024-09-23,Rajasthan,27.0238,74.2179,47.3,24.3,23.1,994.5,91.9,OBS_20240923_RAJ
2024-09-23,Odisha,20.9517,85.0985,202.6,24.8,31.8,995.2,93.6,OBS_20240923_ODI
2024-09-23,Assam,26.2006,92.9376,17.5,22.4,31.0,995.9,73.0,OBS_20240923_ASS
2024-09-23,Punjab,31.1471,75.3412,0.0,21.9,25.8,993.0,76.7,OBS_20240923_PUN
2024-09-23,Tamil Nadu,11.1271,78.6569,0.0,28.6,15.7,1001.5,57.6,OBS_20240923_TAM
2024-09-23,Andhra Pradesh,15.9129,79.74,60.6,27.5,34.6,997.4,95.6,OBS_20240923_AND
2024-09-23,West Bengal,22.9868,87.855,0.0,24.8,26.9,995.2,81.5,OBS_20240923_WES
2024-09-23,Madhya Pradesh,22.9734,78.6569,0.0,23.0,28.5,999.4,94.6,OBS_20240923_MAD
2024-09-23,Uttar Pradesh,26.8467,80.9462,53.4,22.8,31.3,998.7,84.4,OBS_20240923_UTT
2024-09-23,Karnataka,15.3173,75.7139,39.0,22.3,32.9,990.3,83.3,OBS_20240923_KAR
2024-09-23,Himachal Pradesh,31.1048,77.1734,36.9,25.3,36.7,997.6,84.6,OBS_20240923_HIM
2024-09-23,Bihar,25.0961,85.3131,0.0,25.0,33.7,995.0,84.6,OBS_20240923_BIH
2024-09-24,Gujarat,22.2587,71.1924,6.5,25.0,34.9,997.2,85.6,OBS_20240924_GUJ
2024-09-24,Maharashtra,19.7515,75.7139,6.5,25.2,29.3,999.4,79.1,OBS_20240924_MAH
2024-09-24,Kerala,10.8505,76.2711,124.4,27.6,29.1,997.5,76.5,OBS_20240924_KER
2024-09-24,Rajasthan,27.0238,74.2179,0.0,24.3,39.9,997.0,82.3,OBS_20240924_RAJ
2024-09-24,Odisha,20.9517,85.0985,29.8,24.7,38.3,999.4,85.5,OBS_20240924_ODI
2024-09-24,Assam,26.2006,92.9376,85.7,27.8,33.3,995.8,92.1,OBS_20240924_ASS
2024-09-24,Punjab,31.1471,75.3412,0.0,23.8,33.9,998.8,70.2,OBS_20240924_PUN
2024-09-24,Tamil Nadu,11.1271,78.6569,0.0,31.0,19.6,1003.1,71.1,OBS_20240924_TAM
2024-09-24,Andhra Pradesh,15.9129,79.74,21.3,24.5,27.9,995.4,77.2,OBS_20240924_AND
2024-09-24,West Bengal,22.9868,87.855,161.9,24.1,30.3,995.8,88.3,OBS_20240924_WES
2024-09-24,Madhya Pradesh,22.9734,78.6569,5.1,17.9,33.1,994.2,89.3,OBS_20240924_MAD
2024-09-24,Uttar Pradesh,26.8467,80.9462,4.8,29.5,29.8,999.0,81.5,OBS_20240924_UTT
2024-09-24,Karnataka,15.3173,75.7139,1.5,28.1,33.2,997.4,89.7,OBS_20240924_KAR
2024-09-24,Himachal Pradesh,31.1048,77.1734,107.8,24.8,29.1,998.7,83.0,OBS_20240924_HIM
2024-09-24,Bihar,25.0961,85.3131,108.6,24.2,31.4,995.9,81.4,OBS_20240924_BIH
2024-09-25,Gujarat,22.2587,71.1924,158.8,25.1,37.0,993.5,90.6,OBS_20240925_GUJ
2024-09-25,Maharashtra,19.7515,75.7139,30.9,23.7,26.5,995.5,92.4,OBS_20240925_MAH
2024-09-25,Kerala,10.8505,76.2711,133.1,23.2,28.4,997.9,82.6,OBS_20240925_KER
2024-09-25,Rajasthan,27.0238,74.2179,0.0,20.8,25.9,996.3,88.4,OBS_20240925_RAJ
2024-09-25,Odisha,20.9517,85.0985,53.1,21.8,27.8,993.6,76.6,OBS_20240925_ODI
2024-09-25,Assam,26.2006,92.9376,11.0,27.0,33.4,992.0,83.4,OBS_20240925_ASS
2024-09-25,Punjab,31.1471,75.3412,65.0,27.6,29.2,995.6,87.4,OBS_20240925_PUN
2024-09-25,Tamil Nadu,11.1271,78.6569,143.8,26.0,18.3,1002.1,64.7,OBS_20240925_TAM
2024-09-25,Andhra Pradesh,15.9129,79.74,0.1,23.6,39.1,999.2,96.4,OBS_20240925_AND
2024-09-25,West Bengal,22.9868,87.855,135.4,25.9,32.1,999.8,80.8,OBS_20240925_WES
2024-09-25,Madhya Pradesh,22.9734,78.6569,31.3,22.2,31.5,995.0,93.7,OBS_20240925_MAD
2024-09-25,Uttar Pradesh,26.8467,80.9462,0.0,26.5,31.1,996.6,83.0,OBS_20240925_UTT
2024-09-25,Karnataka,15.3173,75.7139,11.1,26.3,33.4,993.5,96.4,OBS_20240925_KAR
2024-09-25,Himachal Pradesh,31.1048,77.1734,145.0,23.9,37.0,992.3,79.9,OBS_20240925_HIM
2024-09-25,Bihar,25.0961,85.3131,12.8,21.4,28.1,997.5,70.0,OBS_20240925_BIH
2024-09-26,Gujarat,22.2587,71.1924,4.1,21.3,30.7,999.2,69.9,OBS_20240926_GUJ
2024-09-26,Maharashtra,19.7515,75.7139,11.1,27.2,34.4,997.2,78.2,OBS_20240926_MAH
2024-09-26,Kerala,10.8505,76.2711,47.5,27.6,34.1,995.7,84.6,OBS_20240926_KER
2024-09-26,Rajasthan,27.0238,74.2179,7.3,22.2,31.9,995.0,75.3,OBS_20240926_RAJ
2024-09-26,Odisha,20.9517,85.0985,4.1,24.1,24.5,994.6,92.9,OBS_20240926_ODI
2024-09-26,Assam,26.2006,92.9376,74.9,20.8,30.5,997.4,80.5,OBS_20240926_ASS
2024-09-26,Punjab,31.1471,75.3412,4.1,25.6,33.6,997.9,80.7,OBS_20240926_PUN
2024-09-26,Tamil Nadu,11.1271,78.6569,0.0,28.9,14.3,1003.6,63.3,OBS_20240926_TAM
2024-09-26,Andhra Pradesh,15.9129,79.74,132.7,23.7,29.8,999.0,95.6,OBS_20240926_AND
2024-09-26,West Bengal,22.9868,87.855,0.9,24.9,43.8,999.7,90.3,OBS_20240926_WES
2024-09-26,Madhya Pradesh,22.9734,78.6569,117.3,27.3,40.0,997.6,88.6,OBS_20240926_MAD
2024-09-26,Uttar Pradesh,26.8467,80.9462,9.0,24.4,33.5,994.4,79.0,OBS_20240926_UTT
2024-09-26,Karnataka,15.3173,75.7139,37.6,24.8,30.1,994.5,82.5,OBS_20240926_KAR
2024-09-26,Himachal Pradesh,31.1048,77.1734,1.7,25.1,36.8,999.5,94.9,OBS_20240926_HIM
2024-09-26,Bihar,25.0961,85.3131,120.8,18.7,27.4,992.1,86.4,OBS_20240926_BIH
2024-09-27,Gujarat,22.2587,71.1924,13.7,24.7,32.0,995.0,84.0,OBS_20240927_GUJ
2024-09-27,Maharashtra,19.7515,75.7139,4.5,21.8,24.8,994.1,92.9,OBS_20240927_MAH
2024-09-27,Kerala,10.8505,76.2711,323.6,24.1,30.5,996.5,92.3,OBS_20240927_KER
2024-09-27,Rajasthan,27.0238,74.2179,0.0,23.6,38.4,996.8,82.5,OBS_20240927_RAJ
2024-09-27,Odisha,20.9517,85.0985,155.4,24.5,35.7,991.7,97.0,OBS_20240927_ODI
2024-09-27,Assam,26.2006,92.9376,106.8,21.6,33.2,995.4,96.6,OBS_20240927_ASS
2024-09-27,Punjab,31.1471,75.3412,2.7,25.2,25.2,994.7,93.7,OBS_20240927_PUN
2024-09-27,Tamil Nadu,11.1271,78.6569,0.0,22.7,17.7,1006.0,68.3,OBS_20240927_TAM
2024-09-27,Andhra Pradesh,15.9129,79.74,0.0,23.5,36.8,998.4,99.3,OBS_20240927_AND
2024-09-27,West Bengal,22.9868,87.855,0.0,25.3,30.3,995.9,89.3,OBS_20240927_WES
2024-09-27,Madhya Pradesh,22.9734,78.6569,0.0,28.0,32.1,996.3,77.0,OBS_20240927_MAD
2024-09-27,Uttar Pradesh,26.8467,80.9462,12.1,25.5,35.7,994.7,76.5,OBS_20240927_UTT
2024-09-27,Karnataka,15.3173,75.7139,43.0,24.8,36.2,999.5,92.1,OBS_20240927_KAR
2024-09-27,Himachal Pradesh,31.1048,77.1734,0.0,24.8,38.6,992.1,92.6,OBS_20240927_HIM
2024-09-27,Bihar,25.0961,85.3131,105.1,19.9,24.4,995.3,91.4,OBS_20240927_BIH
2024-09-28,Gujarat,22.2587,71.1924,0.0,26.1,33.7,998.1,90.8,OBS_20240928_GUJ
2024-09-28,Maharashtra,19.7515,75.7139,13.3,19.3,29.6,998.4,82.9,OBS_20240928_MAH
2024-09-28,Kerala,10.8505,76.2711,169.9,23.3,23.7,994.4,78.1,OBS_20240928_KER
2024-09-28,Rajasthan,27.0238,74.2179,0.0,22.3,32.2,996.1,87.5,OBS_20240928_RAJ
2024-09-28,Odisha,20.9517,85.0985,0.0,23.4,33.2,996.4,91.4,OBS_20240928_ODI
2024-09-28,Assam,26.2006,92.9376,124.2,26.4,28.0,998.1,77.4,OBS_20240928_ASS
2024-09-28,Punjab,31.1471,75.3412,0.0,19.1,26.7,996.9,87.8,OBS_20240928_PUN
2024-09-28,Tamil Nadu,11.1271,78.6569,1.2,28.0,19.0,1003.3,63.0,OBS_20240928_TAM
2024-09-28,Andhra Pradesh,15.9129,79.74,22.1,25.4,25.2,997.8,100.0,OBS_20240928_AND
2024-09-28,West Bengal,22.9868,87.855,140.7,20.4,28.8,996.8,88.9,OBS_20240928_WES
2024-09-28,Madhya Pradesh,22.9734,78.6569,149.4,26.1,36.2,992.5,86.6,OBS_20240928_MAD
2024-09-28,Uttar Pradesh,26.8467,80.9462,0.0,29.0,34.0,997.8,89.1,OBS_20240928_UTT
2024-09-28,Karnataka,15.3173,75.7139,41.5,26.8,30.3,995.0,92.1,OBS_20240928_KAR
2024-09-28,Himachal Pradesh,31.1048,77.1734,31.5,22.7,19.8,997.4,83.0,OBS_20240928_HIM
2024-09-28,Bihar,25.0961,85.3131,6.2,23.0,32.0,997.5,94.9,OBS_20240928_BIH
2024-09-29,Gujarat,22.2587,71.1924,29.9,28.4,34.4,995.2,81.1,OBS_20240929_GUJ
2024-09-29,Maharashtra,19.7515,75.7139,35.1,20.3,25.5,992.2,83.2,OBS_20240929_MAH
2024-09-29,Kerala,10.8505,76.2711,2.9,27.5,31.0,996.3,66.9,OBS_20240929_KER
2024-09-29,Rajasthan,27.0238,74.2179,4.1,21.9,30.3,999.3,87.7,OBS_20240929_RAJ
2024-09-29,Odisha,20.9517,85.0985,0.0,25.0,28.5,995.5,93.6,OBS_20240929_ODI
2024-09-29,Assam,26.2006,92.9376,33.5,25.9,31.4,998.0,82.9,OBS_20240929_ASS
2024-09-29,Punjab,31.1471,75.3412,16.2,26.0,37.8,988.5,87.3,OBS_20240929_PUN
2024-09-29,Tamil Nadu,11.1271,78.6569,17.8,23.7,18.2,1003.7,65.1,OBS_20240929_TAM
2024-09-29,Andhra Pradesh,15.9129,79.74,0.0,23.6,27.0,995.4,90.1,OBS_20240929_AND
2024-09-29,West Bengal,22.9868,87.855,0.0,22.9,29.2,998.5,89.9,OBS_20240929_WES
2024-09-29,Madhya Pradesh,22.9734,78.6569,51.4,23.0,23.3,994.5,83.4,OBS_20240929_MAD
2024-09-29,Uttar Pradesh,26.8467,80.9462,99.5,21.5,28.8,998.3,85.9,OBS_20240929_UTT
2024-09-29,Karnataka,15.3173,75.7139,238.8,24.8,30.4,999.9,87.6,OBS_20240929_KAR
2024-09-29,Himachal Pradesh,31.1048,77.1734,7.5,24.2,31.5,997.5,85.1,OBS_20240929_HIM
2024-09-29,Bihar,25.0961,85.3131,0.0,25.1,34.1,995.0,100.0,OBS_20240929_BIH
2024-09-30,Gujarat,22.2587,71.1924,300.4,25.5,30.4,999.5,91.3,OBS_20240930_GUJ
2024-09-30,Maharashtra,19.7515,75.7139,123.9,21.7,31.3,996.4,84.2,OBS_20240930_MAH
2024-09-30,Kerala,10.8505,76.2711,3.7,18.0,29.3,994.9,84.2,OBS_20240930_KER
2024-09-30,Rajasthan,27.0238,74.2179,72.4,22.5,36.1,996.9,84.3,OBS_20240930_RAJ
2024-09-30,Odisha,20.9517,85.0985,129.2,20.0,35.5,992.5,85.4,OBS_20240930_ODI
2024-09-30,Assam,26.2006,92.9376,4.6,23.6,30.3,997.4,92.5,OBS_20240930_ASS
2024-09-30,Punjab,31.1471,75.3412,0.0,22.9,32.5,992.4,85.2,OBS_20240930_PUN
2024-09-30,Tamil Nadu,11.1271,78.6569,4.7,26.5,17.6,1004.4,59.0,OBS_20240930_TAM
2024-09-30,Andhra Pradesh,15.9129,79.74,28.9,27.1,35.1,994.4,96.3,OBS_20240930_AND
2024-09-30,West Bengal,22.9868,87.855,0.0,22.8,35.0,997.1,82.2,OBS_20240930_WES
2024-09-30,Madhya Pradesh,22.9734,78.6569,6.0,26.7,34.4,995.4,86.0,OBS_20240930_MAD
2024-09-30,Uttar Pradesh,26.8467,80.9462,57.2,24.2,32.7,995.1,84.0,OBS_20240930_UTT
2024-09-30,Karnataka,15.3173,75.7139,0.2,25.8,35.1,996.6,89.0,OBS_20240930_KAR
2024-09-30,Himachal Pradesh,31.1048,77.1734,11.8,20.3,31.4,995.3,100.0,OBS_20240930_HIM
2024-09-30,Bihar,25.0961,85.3131,63.7,21.2,38.4,994.6,91.1,OBS_20240930_BIH
2024-10-01,Gujarat,22.2587,71.1924,12.2,24.1,37.8,1000.7,88.8,OBS_20241001_GUJ
2024-10-01,Maharashtra,19.7515,75.7139,164.8,22.1,33.8,992.7,85.1,OBS_20241001_MAH
2024-10-01,Kerala,10.8505,76.2711,0.0,27.6,34.1,997.0,90.2,OBS_20241001_KER
2024-10-01,Rajasthan,27.0238,74.2179,0.0,24.3,34.5,997.2,87.9,OBS_20241001_RAJ
2024-10-01,Odisha,20.9517,85.0985,11.7,20.7,32.0,995.1,86.8,OBS_20241001_ODI
2024-10-01,Assam,26.2006,92.9376,26.7,22.7,33.3,996.2,82.9,OBS_20241001_ASS
2024-10-01,Punjab,31.1471,75.3412,0.8,26.4,29.3,997.4,73.7,OBS_20241001_PUN
2024-10-01,Tamil Nadu,11.1271,78.6569,9.1,30.8,16.2,1003.5,66.2,OBS_20241001_TAM
2024-10-01,Andhra Pradesh,15.9129,79.74,64.5,19.5,28.5,996.0,87.6,OBS_20241001_AND
2024-10-01,West Bengal,22.9868,87.855,113.0,25.9,31.0,995.9,85.1,OBS_20241001_WES
2024-10-01,Madhya Pradesh,22.9734,78.6569,9.3,26.6,35.3,992.1,79.2,OBS_20241001_MAD
2024-10-01,Uttar Pradesh,26.8467,80.9462,0.0,21.3,37.6,994.5,90.8,OBS_20241001_UTT
2024-10-01,Karnataka,15.3173,75.7139,1.6,25.7,23.5,999.6,82.7,OBS_20241001_KAR
2024-10-01,Himachal Pradesh,31.1048,77.1734,123.5,19.2,35.7,991.8,85.3,OBS_20241001_HIM
2024-10-01,Bihar,25.0961,85.3131,59.4,26.0,35.5,995.0,80.5,OBS_20241001_BIH
2024-10-02,Gujarat,22.2587,71.1924,20.9,23.1,30.4,996.1,95.2,OBS_20241002_GUJ
2024-10-02,Maharashtra,19.7515,75.7139,8.6,23.8,34.3,996.2,84.8,OBS_20241002_MAH
2024-10-02,Kerala,10.8505,76.2711,103.4,22.0,31.0,997.5,82.4,OBS_20241002_KER
2024-10-02,Rajasthan,27.0238,74.2179,0.0,21.7,30.8,994.8,89.8,OBS_20241002_RAJ
2024-10-02,Odisha,20.9517,85.0985,0.0,24.5,36.8,997.4,89.1,OBS_20241002_ODI
2024-10-02,Assam,26.2006,92.9376,0.0,26.5,33.3,992.6,94.3,OBS_20241002_ASS
2024-10-02,Punjab,31.1471,75.3412,0.0,23.3,36.2,998.2,86.3,OBS_20241002_PUN
2024-10-02,Tamil Nadu,11.1271,78.6569,1.8,28.7,14.7,1009.1,45.2,OBS_20241002_TAM
2024-10-02,Andhra Pradesh,15.9129,79.74,3.0,21.5,36.3,997.0,86.0,OBS_20241002_AND
2024-10-02,West Bengal,22.9868,87.855,0.0,22.7,31.3,992.8,89.0,OBS_20241002_WES
2024-10-02,Madhya Pradesh,22.9734,78.6569,2.9,21.8,29.0,991.6,87.9,OBS_20241002_MAD
2024-10-02,Uttar Pradesh,26.8467,80.9462,0.0,24.0,35.7,996.3,75.0,OBS_20241002_UTT
2024-10-02,Karnataka,15.3173,75.7139,124.1,20.8,31.9,995.1,97.6,OBS_20241002_KAR
2024-10-02,Himachal Pradesh,31.1048,77.1734,3.9,23.4,34.8,998.2,90.0,OBS_20241002_HIM
2024-10-02,Bihar,25.0961,85.3131,0.0,24.7,30.9,994.2,76.6,OBS_20241002_BIH
2024-10-03,Gujarat,22.2587,71.1924,119.3,24.8,26.0,996.2,85.0,OBS_20241003_GUJ
2024-10-03,Maharashtra,19.7515,75.7139,24.3,25.8,28.8,1000.4,82.7,OBS_20241003_MAH
2024-10-03,Kerala,10.8505,76.2711,0.0,23.3,27.3,996.4,86.4,OBS_20241003_KER
2024-10-03,Rajasthan,27.0238,74.2179,45.1,21.6,32.7,998.1,88.6,OBS_20241003_RAJ
2024-10-03,Odisha,20.9517,85.0985,17.6,25.7,29.7,994.9,93.5,OBS_20241003_ODI
2024-10-03,Assam,26.2006,92.9376,58.1,28.4,32.6,997.6,88.5,OBS_20241003_ASS
2024-10-03,Punjab,31.1471,75.3412,140.8,21.4,33.3,1000.7,82.7,OBS_20241003_PUN
2024-10-03,Tamil Nadu,11.1271,78.6569,9.3,31.6,20.2,1002.0,64.4,OBS_20241003_TAM
2024-10-03,Andhra Pradesh,15.9129,79.74,43.7,22.5,33.0,996.1,97.9,OBS_20241003_AND
2024-10-03,West Bengal,22.9868,87.855,0.0,23.7,29.4,996.6,92.7,OBS_20241003_WES
2024-10-03,Madhya Pradesh,22.9734,78.6569,0.0,23.6,29.2,998.2,76.0,OBS_20241003_MAD
2024-10-03,Uttar Pradesh,26.8467,80.9462,0.0,20.5,34.0,993.6,91.0,OBS_20241003_UTT
2024-10-03,Karnataka,15.3173,75.7139,20.4,24.5,39.6,997.3,77.1,OBS_20241003_KAR
2024-10-03,Himachal Pradesh,31.1048,77.1734,5.4,27.7,28.9,994.5,78.0,OBS_20241003_HIM
2024-10-03,Bihar,25.0961,85.3131,33.1,24.8,35.6,998.1,90.0,OBS_20241003_BIH
2024-10-04,Gujarat,22.2587,71.1924,0.0,21.8,29.6,997.3,98.4,OBS_20241004_GUJ
2024-10-04,Maharashtra,19.7515,75.7139,1.2,24.8,28.2,996.2,88.4,OBS_20241004_MAH
2024-10-04,Kerala,10.8505,76.2711,20.5,22.7,27.0,992.6,76.6,OBS_20241004_KER
2024-10-04,Rajasthan,27.0238,74.2179,0.0,24.6,34.0,994.6,98.6,OBS_20241004_RAJ
2024-10-04,Odisha,20.9517,85.0985,10.3,26.2,29.5,995.3,81.4,OBS_20241004_ODI
2024-10-04,Assam,26.2006,92.9376,2.9,22.5,34.1,992.7,83.5,OBS_20241004_ASS
2024-10-04,Punjab,31.1471,75.3412,0.0,26.6,26.1,995.5,88.2,OBS_20241004_PUN
2024-10-04,Tamil Nadu,11.1271,78.6569,10.6,24.6,20.5,1002.8,74.1,OBS_20241004_TAM
2024-10-04,Andhra Pradesh,15.9129,79.74,0.0,24.1,30.3,995.2,85.3,OBS_20241004_AND
2024-10-04,West Bengal,22.9868,87.855,116.3,24.0,26.8,997.4,87.0,OBS_20241004_WES
2024-10-04,Madhya Pradesh,22.9734,78.6569,24.9,19.0,29.8,996.7,77.4,OBS_20241004_MAD
2024-10-04,Uttar Pradesh,26.8467,80.9462,1.9,21.9,36.2,995.1,94.3,OBS_20241004_UTT
2024-10-04,Karnataka,15.3173,75.7139,99.5,21.3,31.1,996.5,76.7,OBS_20241004_KAR
2024-10-04,Himachal Pradesh,31.1048,77.1734,2.9,24.0,38.2,999.8,86.7,OBS_20241004_HIM
2024-10-04,Bihar,25.0961,85.3131,96.0,23.1,25.0,998.6,80.0,OBS_20241004_BIH
2024-10-05,Gujarat,22.2587,71.1924,26.8,25.6,26.6,997.0,83.3,OBS_20241005_GUJ
2024-10-05,Maharashtra,19.7515,75.7139,6.2,23.3,32.4,996.7,79.5,OBS_20241005_MAH
2024-10-05,Kerala,10.8505,76.2711,5.8,21.8,33.7,997.2,86.3,OBS_20241005_KER
2024-10-05,Rajasthan,27.0238,74.2179,0.0,25.0,30.7,992.5,83.0,OBS_20241005_RAJ
2024-10-05,Odisha,20.9517,85.0985,0.0,25.1,32.6,994.9,93.2,OBS_20241005_ODI
2024-10-05,Assam,26.2006,92.9376,31.6,25.6,28.8,996.3,94.0,OBS_20241005_ASS
2024-10-05,Punjab,31.1471,75.3412,92.6,24.8,33.0,993.0,79.8,OBS_20241005_PUN
2024-10-05,Tamil Nadu,11.1271,78.6569,9.8,24.3,9.3,1007.8,66.7,OBS_20241005_TAM
2024-10-05,Andhra Pradesh,15.9129,79.74,0.0,20.3,31.7,994.9,70.9,OBS_20241005_AND
2024-10-05,West Bengal,22.9868,87.855,8.6,25.9,29.3,994.9,84.9,OBS_20241005_WES
2024-10-05,Madhya Pradesh,22.9734,78.6569,0.0,23.9,34.1,995.6,84.5,OBS_20241005_MAD
2024-10-05,Uttar Pradesh,26.8467,80.9462,3.3,24.6,31.9,996.1,76.8,OBS_20241005_UTT
2024-10-05,Karnataka,15.3173,75.7139,1.1,22.8,32.7,997.6,93.3,OBS_20241005_KAR
2024-10-05,Himachal Pradesh,31.1048,77.1734,19.7,16.9,38.3,995.4,89.7,OBS_20241005_HIM
2024-10-05,Bihar,25.0961,85.3131,13.6,21.6,31.3,995.9,95.5,OBS_20241005_BIH
2024-10-06,Gujarat,22.2587,71.1924,2.5,21.2,31.2,996.1,92.6,OBS_20241006_GUJ
2024-10-06,Maharashtra,19.7515,75.7139,131.1,21.1,38.6,996.0,85.5,OBS_20241006_MAH
2024-10-06,Kerala,10.8505,76.2711,10.7,20.1,35.7,996.6,87.2,OBS_20241006_KER
2024-10-06,Rajasthan,27.0238,74.2179,0.0,25.1,34.1,995.9,96.0,OBS_20241006_RAJ
2024-10-06,Odisha,20.9517,85.0985,8.6,21.6,34.1,994.3,85.3,OBS_20241006_ODI
2024-10-06,Assam,26.2006,92.9376,8.9,25.1,32.7,993.6,77.6,OBS_20241006_ASS
2024-10-06,Punjab,31.1471,75.3412,110.3,22.6,33.2,994.9,72.7,OBS_20241006_PUN
2024-10-06,Tamil Nadu,11.1271,78.6569,17.5,26.6,25.8,1003.3,60.4,OBS_20241006_TAM
2024-10-06,Andhra Pradesh,15.9129,79.74,160.0,21.2,35.7,992.7,90.7,OBS_20241006_AND
2024-10-06,West Bengal,22.9868,87.855,43.9,19.6,28.6,995.9,85.4,OBS_20241006_WES
2024-10-06,Madhya Pradesh,22.9734,78.6569,0.0,20.2,33.9,994.4,87.9,OBS_20241006_MAD
2024-10-06,Uttar Pradesh,26.8467,80.9462,0.8,24.3,27.6,996.8,84.9,OBS_20241006_UTT
2024-10-06,Karnataka,15.3173,75.7139,0.0,18.3,23.0,996.7,82.9,OBS_20241006_KAR
2024-10-06,Himachal Pradesh,31.1048,77.1734,0.0,23.0,28.8,992.9,86.3,OBS_20241006_HIM
2024-10-06,Bihar,25.0961,85.3131,147.3,22.3,34.7,997.0,84.9,OBS_20241006_BIH
2024-10-07,Gujarat,22.2587,71.1924,29.7,19.2,29.2,997.2,89.6,OBS_20241007_GUJ
2024-10-07,Maharashtra,19.7515,75.7139,86.7,20.0,25.6,996.3,97.4,OBS_20241007_MAH
2024-10-07,Kerala,10.8505,76.2711,0.0,25.2,27.7,995.0,83.9,OBS_20241007_KER
2024-10-07,Rajasthan,27.0238,74.2179,28.1,25.9,30.6,995.3,96.7,OBS_20241007_RAJ
2024-10-07,Odisha,20.9517,85.0985,31.7,20.5,37.3,997.6,88.5,OBS_20241007_ODI
2024-10-07,Assam,26.2006,92.9376,0.0,23.3,31.1,995.9,80.2,OBS_20241007_ASS
2024-10-07,Punjab,31.1471,75.3412,32.3,21.4,32.7,995.2,89.2,OBS_20241007_PUN
2024-10-07,Tamil Nadu,11.1271,78.6569,2.8,22.8,14.6,1002.4,58.4,OBS_20241007_TAM
2024-10-07,Andhra Pradesh,15.9129,79.74,0.0,25.5,29.9,995.2,88.6,OBS_20241007_AND
2024-10-07,West Bengal,22.9868,87.855,18.3,22.7,30.6,992.3,82.2,OBS_20241007_WES
2024-10-07,Madhya Pradesh,22.9734,78.6569,2.1,21.5,34.1,997.7,90.1,OBS_20241007_MAD
2024-10-07,Uttar Pradesh,26.8467,80.9462,119.8,23.2,35.7,994.6,90.5,OBS_20241007_UTT
2024-10-07,Karnataka,15.3173,75.7139,92.9,22.3,30.2,996.6,95.8,OBS_20241007_KAR
2024-10-07,Himachal Pradesh,31.1048,77.1734,56.9,19.9,32.4,994.3,89.9,OBS_20241007_HIM
2024-10-07,Bihar,25.0961,85.3131,16.3,23.3,33.7,994.1,90.3,OBS_20241007_BIH
2024-10-08,Gujarat,22.2587,71.1924,53.5,20.6,33.4,997.4,85.9,OBS_20241008_GUJ
2024-10-08,Maharashtra,19.7515,75.7139,44.7,18.1,30.7,1002.1,74.0,OBS_20241008_MAH
2024-10-08,Kerala,10.8505,76.2711,91.8,26.6,31.9,996.1,91.6,OBS_20241008_KER
2024-10-08,Rajasthan,27.0238,74.2179,0.0,23.0,28.1,993.8,95.2,OBS_20241008_RAJ
2024-10-08,Odisha,20.9517,85.0985,0.0,21.2,26.5,996.2,92.5,OBS_20241008_ODI
2024-10-08,Assam,26.2006,92.9376,36.5,23.4,33.1,993.2,85.4,OBS_20241008_ASS
2024-10-08,Punjab,31.1471,75.3412,115.4,18.0,29.2,996.0,85.7,OBS_20241008_PUN
2024-10-08,Tamil Nadu,11.1271,78.6569,0.0,25.2,19.5,1006.0,67.1,OBS_20241008_TAM
2024-10-08,Andhra Pradesh,15.9129,79.74,17.8,22.7,33.6,997.9,87.8,OBS_20241008_AND
2024-10-08,West Bengal,22.9868,87.855,2.0,22.1,36.3,996.2,80.2,OBS_20241008_WES
2024-10-08,Madhya Pradesh,22.9734,78.6569,1.2,21.0,34.5,996.7,89.8,OBS_20241008_MAD
2024-10-08,Uttar Pradesh,26.8467,80.9462,45.8,23.9,27.9,993.7,78.5,OBS_20241008_UTT
2024-10-08,Karnataka,15.3173,75.7139,74.9,25.5,37.3,997.2,77.5,OBS_20241008_KAR
2024-10-08,Himachal Pradesh,31.1048,77.1734,93.5,21.5,41.4,997.0,73.8,OBS_20241008_HIM
2024-10-08,Bihar,25.0961,85.3131,0.0,17.9,30.3,995.0,87.6,OBS_20241008_BIH
2024-10-09,Gujarat,22.2587,71.1924,25.1,19.6,32.3,991.7,91.5,OBS_20241009_GUJ
2024-10-09,Maharashtra,19.7515,75.7139,122.4,24.4,30.5,992.7,95.6,OBS_20241009_MAH
2024-10-09,Kerala,10.8505,76.2711,0.0,24.4,31.0,999.1,85.4,OBS_20241009_KER
2024-10-09,Rajasthan,27.0238,74.2179,0.0,22.0,25.1,996.8,89.9,OBS_20241009_RAJ
2024-10-09,Odisha,20.9517,85.0985,0.0,19.8,32.8,995.9,68.1,OBS_20241009_ODI
2024-10-09,Assam,26.2006,92.9376,91.8,23.3,26.1,996.9,86.6,OBS_20241009_ASS
2024-10-09,Punjab,31.1471,75.3412,0.0,20.8,27.8,990.7,85.0,OBS_20241009_PUN
2024-10-09,Tamil Nadu,11.1271,78.6569,8.1,26.8,13.5,1000.6,80.1,OBS_20241009_TAM
2024-10-09,Andhra Pradesh,15.9129,79.74,136.2,22.2,39.8,994.3,94.1,OBS_20241009_AND
2024-10-09,West Bengal,22.9868,87.855,12.5,21.2,28.2,996.1,90.6,OBS_20241009_WES
2024-10-09,Madhya Pradesh,22.9734,78.6569,159.7,22.0,38.7,997.0,77.2,OBS_20241009_MAD
2024-10-09,Uttar Pradesh,26.8467,80.9462,0.0,24.2,37.5,993.1,82.0,OBS_20241009_UTT
2024-10-09,Karnataka,15.3173,75.7139,10.2,25.4,29.1,995.2,73.4,OBS_20241009_KAR
2024-10-09,Himachal Pradesh,31.1048,77.1734,3.8,23.1,31.1,998.4,89.2,OBS_20241009_HIM
2024-10-09,Bihar,25.0961,85.3131,43.3,25.9,26.3,996.2,89.1,OBS_20241009_BIH
2024-10-10,Gujarat,22.2587,71.1924,6.1,22.1,31.3,997.1,81.8,OBS_20241010_GUJ
2024-10-10,Maharashtra,19.7515,75.7139,104.7,23.2,32.1,996.1,75.3,OBS_20241010_MAH
2024-10-10,Kerala,10.8505,76.2711,36.3,20.9,30.8,997.5,87.9,OBS_20241010_KER
2024-10-10,Rajasthan,27.0238,74.2179,0.0,20.0,29.0,996.9,79.8,OBS_20241010_RAJ
2024-10-10,Odisha,20.9517,85.0985,0.0,23.2,28.6,995.6,79.2,OBS_20241010_ODI
2024-10-10,Assam,26.2006,92.9376,0.0,26.2,37.0,995.3,79.0,OBS_20241010_ASS
2024-10-10,Punjab,31.1471,75.3412,5.2,22.7,33.3,997.7,82.3,OBS_20241010_PUN
2024-10-10,Tamil Nadu,11.1271,78.6569,0.0,28.1,20.7,999.3,58.1,OBS_20241010_TAM
2024-10-10,Andhra Pradesh,15.9129,79.74,42.7,23.3,32.2,994.6,92.0,OBS_20241010_AND
2024-10-10,West Bengal,22.9868,87.855,2.5,23.6,34.2,996.2,87.0,OBS_20241010_WES
2024-10-10,Madhya Pradesh,22.9734,78.6569,2.3,21.3,32.0,998.1,84.0,OBS_20241010_MAD
2024-10-10,Uttar Pradesh,26.8467,80.9462,49.7,20.4,37.3,997.5,76.5,OBS_20241010_UTT
2024-10-10,Karnataka,15.3173,75.7139,0.0,29.3,29.9,992.5,96.2,OBS_20241010_KAR
2024-10-10,Himachal Pradesh,31.1048,77.1734,0.0,21.6,36.2,997.8,72.0,OBS_20241010_HIM
2024-10-10,Bihar,25.0961,85.3131,1.2,27.0,35.7,998.1,88.0,OBS_20241010_BIH
2024-10-11,Gujarat,22.2587,71.1924,0.0,23.4,16.3,1009.0,67.6,OBS_20241011_GUJ
2024-10-11,Maharashtra,19.7515,75.7139,1.0,27.6,6.3,1004.0,51.6,OBS_20241011_MAH
2024-10-11,Kerala,10.8505,76.2711,0.0,24.7,9.3,1002.4,73.8,OBS_20241011_KER
2024-10-11,Rajasthan,27.0238,74.2179,24.9,24.2,7.2,1001.7,61.6,OBS_20241011_RAJ
2024-10-11,Odisha,20.9517,85.0985,12.0,28.3,13.6,1007.6,69.1,OBS_20241011_ODI
2024-10-11,Assam,26.2006,92.9376,8.7,27.0,20.5,1008.8,75.2,OBS_20241011_ASS
2024-10-11,Punjab,31.1471,75.3412,25.1,23.9,15.5,1003.5,57.8,OBS_20241011_PUN
2024-10-11,Tamil Nadu,11.1271,78.6569,138.5,22.8,43.8,996.7,100.0,OBS_20241011_TAM
2024-10-11,Andhra Pradesh,15.9129,79.74,0.0,26.7,20.5,1003.8,63.5,OBS_20241011_AND
2024-10-11,West Bengal,22.9868,87.855,0.0,27.5,18.4,1002.3,54.1,OBS_20241011_WES
2024-10-11,Madhya Pradesh,22.9734,78.6569,0.0,27.3,20.4,1002.1,58.1,OBS_20241011_MAD
2024-10-11,Uttar Pradesh,26.8467,80.9462,6.6,25.9,16.2,1007.3,50.3,OBS_20241011_UTT
2024-10-11,Karnataka,15.3173,75.7139,14.4,26.7,15.1,1003.4,64.5,OBS_20241011_KAR
2024-10-11,Himachal Pradesh,31.1048,77.1734,9.0,25.6,10.3,1006.6,63.1,OBS_20241011_HIM
2024-10-11,Bihar,25.0961,85.3131,5.4,26.3,14.5,1008.4,68.3,OBS_20241011_BIH
2024-10-12,Gujarat,22.2587,71.1924,0.0,23.7,18.9,1003.5,58.7,OBS_20241012_GUJ
2024-10-12,Maharashtra,19.7515,75.7139,8.6,22.8,14.6,1003.8,56.3,OBS_20241012_MAH
2024-10-12,Kerala,10.8505,76.2711,0.0,26.4,10.7,1002.3,68.5,OBS_20241012_KER
2024-10-12,Rajasthan,27.0238,74.2179,0.0,25.5,8.0,1006.6,62.3,OBS_20241012_RAJ
2024-10-12,Odisha,20.9517,85.0985,3.6,23.5,11.8,1004.8,56.9,OBS_20241012_ODI
2024-10-12,Assam,26.2006,92.9376,1.5,28.4,13.7,1004.6,51.9,OBS_20241012_ASS
2024-10-12,Punjab,31.1471,75.3412,6.9,24.8,15.6,1004.4,63.0,OBS_20241012_PUN
2024-10-12,Tamil Nadu,11.1271,78.6569,88.7,22.5,36.3,993.5,100.0,OBS_20241012_TAM
2024-10-12,Andhra Pradesh,15.9129,79.74,6.9,25.2,20.4,1003.7,61.0,OBS_20241012_AND
2024-10-12,West Bengal,22.9868,87.855,1.7,24.2,14.9,1003.5,68.6,OBS_20241012_WES
2024-10-12,Madhya Pradesh,22.9734,78.6569,0.0,22.4,9.5,1003.0,57.1,OBS_20241012_MAD
2024-10-12,Uttar Pradesh,26.8467,80.9462,7.3,22.9,18.5,1005.4,60.8,OBS_20241012_UTT
2024-10-12,Karnataka,15.3173,75.7139,0.0,26.4,19.2,1005.2,55.9,OBS_20241012_KAR
2024-10-12,Himachal Pradesh,31.1048,77.1734,0.0,21.1,19.3,1006.3,67.1,OBS_20241012_HIM
2024-10-12,Bihar,25.0961,85.3131,0.0,23.9,15.8,1005.7,62.1,OBS_20241012_BIH
2024-10-13,Gujarat,22.2587,71.1924,0.0,24.8,14.6,1000.9,54.9,OBS_20241013_GUJ
2024-10-13,Maharashtra,19.7515,75.7139,1.1,24.5,19.7,1002.0,54.4,OBS_20241013_MAH
2024-10-13,Kerala,10.8505,76.2711,3.1,26.6,7.0,1001.8,55.3,OBS_20241013_KER
2024-10-13,Rajasthan,27.0238,74.2179,0.0,27.3,15.7,1004.1,47.6,OBS_20241013_RAJ
2024-10-13,Odisha,20.9517,85.0985,0.0,25.9,14.2,1006.9,58.2,OBS_20241013_ODI
2024-10-13,Assam,26.2006,92.9376,31.0,24.4,14.7,1003.6,74.1,OBS_20241013_ASS
2024-10-13,Punjab,31.1471,75.3412,0.0,20.6,12.4,1000.1,62.8,OBS_20241013_PUN
2024-10-13,Tamil Nadu,11.1271,78.6569,0.0,22.7,42.3,990.5,100.0,OBS_20241013_TAM
2024-10-13,Andhra Pradesh,15.9129,79.74,0.0,25.7,12.7,1004.8,69.2,OBS_20241013_AND
2024-10-13,West Bengal,22.9868,87.855,9.8,28.2,11.4,1010.4,58.3,OBS_20241013_WES
2024-10-13,Madhya Pradesh,22.9734,78.6569,8.7,27.6,17.0,1004.1,59.9,OBS_20241013_MAD
2024-10-13,Uttar Pradesh,26.8467,80.9462,5.9,23.7,18.3,1002.5,59.3,OBS_20241013_UTT
2024-10-13,Karnataka,15.3173,75.7139,0.0,28.1,15.8,1003.5,54.2,OBS_20241013_KAR
2024-10-13,Himachal Pradesh,31.1048,77.1734,0.5,26.3,14.1,1003.7,68.9,OBS_20241013_HIM
2024-10-13,Bihar,25.0961,85.3131,0.0,26.4,15.5,1005.3,77.9,OBS_20241013_BIH
2024-10-14,Gujarat,22.2587,71.1924,0.0,27.3,15.8,1006.4,60.1,OBS_20241014_GUJ
2024-10-14,Maharashtra,19.7515,75.7139,0.0,27.0,18.6,1003.7,61.8,OBS_20241014_MAH
2024-10-14,Kerala,10.8505,76.2711,1.1,24.3,17.1,1004.2,69.5,OBS_20241014_KER
2024-10-14,Rajasthan,27.0238,74.2179,0.0,28.9,16.6,1004.9,53.6,OBS_20241014_RAJ
2024-10-14,Odisha,20.9517,85.0985,3.1,27.2,16.9,1007.2,68.4,OBS_20241014_ODI
2024-10-14,Assam,26.2006,92.9376,2.0,27.2,11.5,1002.1,60.5,OBS_20241014_ASS
2024-10-14,Punjab,31.1471,75.3412,0.0,26.4,19.0,1007.0,66.6,OBS_20241014_PUN
2024-10-14,Tamil Nadu,11.1271,78.6569,13.0,24.4,42.4,992.1,89.5,OBS_20241014_TAM
2024-10-14,Andhra Pradesh,15.9129,79.74,0.0,24.3,8.2,1003.1,62.9,OBS_20241014_AND
2024-10-14,West Bengal,22.9868,87.855,3.9,27.7,21.4,1008.4,56.5,OBS_20241014_WES
2024-10-14,Madhya Pradesh,22.9734,78.6569,13.3,28.4,11.1,1002.6,71.4,OBS_20241014_MAD
2024-10-14,Uttar Pradesh,26.8467,80.9462,12.6,23.6,15.5,1000.3,52.5,OBS_20241014_UTT
2024-10-14,Karnataka,15.3173,75.7139,0.0,28.2,17.9,1005.7,54.2,OBS_20241014_KAR
2024-10-14,Himachal Pradesh,31.1048,77.1734,15.2,26.7,15.1,1008.9,65.7,OBS_20241014_HIM
2024-10-14,Bihar,25.0961,85.3131,6.9,23.1,15.4,1004.2,62.2,OBS_20241014_BIH
2024-10-15,Gujarat,22.2587,71.1924,1.3,24.0,13.7,999.4,46.1,OBS_20241015_GUJ
2024-10-15,Maharashtra,19.7515,75.7139,0.0,23.3,10.2,1002.7,64.0,OBS_20241015_MAH
2024-10-15,Kerala,10.8505,76.2711,0.0,31.2,14.4,1004.1,71.6,OBS_20241015_KER
2024-10-15,Rajasthan,27.0238,74.2179,12.7,25.5,14.2,1006.1,56.0,OBS_20241015_RAJ
2024-10-15,Odisha,20.9517,85.0985,7.4,27.8,14.3,1003.3,58.3,OBS_20241015_ODI
2024-10-15,Assam,26.2006,92.9376,2.5,23.6,17.6,1005.1,72.3,OBS_20241015_ASS
2024-10-15,Punjab,31.1471,75.3412,0.0,28.8,13.2,1004.2,67.2,OBS_20241015_PUN
2024-10-15,Tamil Nadu,11.1271,78.6569,7.7,21.2,35.1,993.0,98.3,OBS_20241015_TAM
2024-10-15,Andhra Pradesh,15.9129,79.74,4.0,27.3,15.7,1004.3,66.0,OBS_20241015_AND
2024-10-15,West Bengal,22.9868,87.855,7.4,25.2,18.9,1003.6,59.2,OBS_20241015_WES
2024-10-15,Madhya Pradesh,22.9734,78.6569,27.0,24.1,10.9,1003.6,67.8,OBS_20241015_MAD
2024-10-15,Uttar Pradesh,26.8467,80.9462,0.0,23.2,11.6,1003.6,60.5,OBS_20241015_UTT
2024-10-15,Karnataka,15.3173,75.7139,0.0,28.1,12.3,1006.4,76.5,OBS_20241015_KAR
2024-10-15,Himachal Pradesh,31.1048,77.1734,0.0,24.9,13.5,1004.7,51.0,OBS_20241015_HIM
2024-10-15,Bihar,25.0961,85.3131,6.9,29.2,8.1,1002.1,65.1,OBS_20241015_BIH
2024-10-16,Gujarat,22.2587,71.1924,0.0,24.9,14.3,1004.0,70.9,OBS_20241016_GUJ
2024-10-16,Maharashtra,19.7515,75.7139,0.0,22.7,16.2,1006.2,62.8,OBS_20241016_MAH
2024-10-16,Kerala,10.8505,76.2711,0.0,24.4,6.3,999.5,61.2,OBS_20241016_KER
2024-10-16,Rajasthan,27.0238,74.2179,3.8,22.2,23.3,1006.6,63.0,OBS_20241016_RAJ
2024-10-16,Odisha,20.9517,85.0985,2.4,27.6,17.4,1002.6,64.7,OBS_20241016_ODI
2024-10-16,Assam,26.2006,92.9376,0.0,24.1,9.6,1003.4,64.4,OBS_20241016_ASS
2024-10-16,Punjab,31.1471,75.3412,5.8,25.8,13.0,1002.2,55.6,OBS_20241016_PUN
2024-10-16,Tamil Nadu,11.1271,78.6569,89.0,23.3,32.8,991.8,92.1,OBS_20241016_TAM
2024-10-16,Andhra Pradesh,15.9129,79.74,0.0,27.5,12.9,1000.7,47.8,OBS_20241016_AND
2024-10-16,West Bengal,22.9868,87.855,0.0,25.6,20.9,1003.2,58.6,OBS_20241016_WES
2024-10-16,Madhya Pradesh,22.9734,78.6569,37.2,26.9,18.9,1008.6,63.6,OBS_20241016_MAD
2024-10-16,Uttar Pradesh,26.8467,80.9462,0.0,24.4,13.6,1009.7,56.9,OBS_20241016_UTT
2024-10-16,Karnataka,15.3173,75.7139,0.0,24.5,9.0,1001.2,56.5,OBS_20241016_KAR
2024-10-16,Himachal Pradesh,31.1048,77.1734,6.5,21.8,18.4,1002.9,55.0,OBS_20241016_HIM
2024-10-16,Bihar,25.0961,85.3131,2.1,29.4,16.3,1005.5,45.7,OBS_20241016_BIH
2024-10-17,Gujarat,22.2587,71.1924,0.0,24.4,14.2,1004.7,50.9,OBS_20241017_GUJ
2024-10-17,Maharashtra,19.7515,75.7139,11.0,24.4,10.8,1004.6,62.9,OBS_20241017_MAH
2024-10-17,Kerala,10.8505,76.2711,5.7,26.4,10.3,1009.8,49.7,OBS_20241017_KER
2024-10-17,Rajasthan,27.0238,74.2179,9.6,22.7,13.3,1004.0,50.8,OBS_20241017_RAJ
2024-10-17,Odisha,20.9517,85.0985,8.2,24.6,19.8,1006.6,51.7,OBS_20241017_ODI
2024-10-17,Assam,26.2006,92.9376,1.7,24.4,16.5,1004.2,67.4,OBS_20241017_ASS
2024-10-17,Punjab,31.1471,75.3412,8.4,23.0,11.1,1003.7,59.8,OBS_20241017_PUN
2024-10-17,Tamil Nadu,11.1271,78.6569,69.5,16.3,37.1,990.5,100.0,OBS_20241017_TAM
2024-10-17,Andhra Pradesh,15.9129,79.74,10.1,28.8,17.9,1002.9,53.7,OBS_20241017_AND
2024-10-17,West Bengal,22.9868,87.855,14.0,24.8,14.4,1003.2,55.2,OBS_20241017_WES
2024-10-17,Madhya Pradesh,22.9734,78.6569,0.0,26.8,17.4,1005.2,70.5,OBS_20241017_MAD
2024-10-17,Uttar Pradesh,26.8467,80.9462,13.4,23.4,8.1,1006.9,65.2,OBS_20241017_UTT
2024-10-17,Karnataka,15.3173,75.7139,10.9,25.1,17.8,1003.3,65.3,OBS_20241017_KAR
2024-10-17,Himachal Pradesh,31.1048,77.1734,0.0,23.5,11.4,1001.8,48.0,OBS_20241017_HIM
2024-10-17,Bihar,25.0961,85.3131,13.0,25.5,20.2,1004.7,55.7,OBS_20241017_BIH
2024-10-18,Gujarat,22.2587,71.1924,0.0,27.0,14.7,1005.1,60.8,OBS_20241018_GUJ
2024-10-18,Maharashtra,19.7515,75.7139,3.3,22.3,7.0,1002.2,58.6,OBS_20241018_MAH
2024-10-18,Kerala,10.8505,76.2711,5.8,24.6,17.7,1002.1,56.6,OBS_20241018_KER
2024-10-18,Rajasthan,27.0238,74.2179,1.4,23.3,10.5,1004.0,65.9,OBS_20241018_RAJ
2024-10-18,Odisha,20.9517,85.0985,0.0,27.6,14.7,1007.3,57.3,OBS_20241018_ODI
2024-10-18,Assam,26.2006,92.9376,0.0,26.8,12.4,1000.5,55.6,OBS_20241018_ASS
2024-10-18,Punjab,31.1471,75.3412,0.0,22.6,15.5,1004.7,60.6,OBS_20241018_PUN
2024-10-18,Tamil Nadu,11.1271,78.6569,123.4,22.4,37.7,994.2,100.0,OBS_20241018_TAM
2024-10-18,Andhra Pradesh,15.9129,79.74,0.0,25.1,3.9,1006.0,54.4,OBS_20241018_AND
2024-10-18,West Bengal,22.9868,87.855,10.7,22.7,17.0,1007.5,67.9,OBS_20241018_WES
2024-10-18,Madhya Pradesh,22.9734,78.6569,3.3,25.5,16.7,1004.4,66.6,OBS_20241018_MAD
2024-10-18,Uttar Pradesh,26.8467,80.9462,0.0,25.5,13.7,1005.1,67.7,OBS_20241018_UTT
2024-10-18,Karnataka,15.3173,75.7139,11.1,25.7,12.8,1001.0,68.4,OBS_20241018_KAR
2024-10-18,Himachal Pradesh,31.1048,77.1734,3.9,21.1,18.0,1004.3,60.9,OBS_20241018_HIM
2024-10-18,Bihar,25.0961,85.3131,0.0,22.4,10.2,1005.1,68.2,OBS_20241018_BIH
2024-10-19,Gujarat,22.2587,71.1924,0.0,24.2,8.7,1000.8,63.4,OBS_20241019_GUJ
2024-10-19,Maharashtra,19.7515,75.7139,6.6,23.0,11.3,1002.4,57.2,OBS_20241019_MAH
2024-10-19,Kerala,10.8505,76.2711,18.8,27.0,4.8,1005.0,70.5,OBS_20241019_KER
2024-10-19,Rajasthan,27.0238,74.2179,0.0,22.8,14.3,1002.6,53.6,OBS_20241019_RAJ
2024-10-19,Odisha,20.9517,85.0985,8.5,23.2,18.2,1007.1,59.3,OBS_20241019_ODI
2024-10-19,Assam,26.2006,92.9376,0.0,24.4,11.3,1004.8,60.4,OBS_20241019_ASS
2024-10-19,Punjab,31.1471,75.3412,0.0,24.3,15.8,1004.7,55.5,OBS_20241019_PUN
2024-10-19,Tamil Nadu,11.1271,78.6569,36.8,18.7,39.4,993.2,87.8,OBS_20241019_TAM
2024-10-19,Andhra Pradesh,15.9129,79.74,16.3,26.8,18.6,1006.1,69.8,OBS_20241019_AND
2024-10-19,West Bengal,22.9868,87.855,14.6,28.4,18.0,1004.6,61.4,OBS_20241019_WES
2024-10-19,Madhya Pradesh,22.9734,78.6569,15.2,27.5,24.8,1009.1,58.7,OBS_20241019_MAD
2024-10-19,Uttar Pradesh,26.8467,80.9462,0.0,25.3,19.7,1005.0,52.9,OBS_20241019_UTT
2024-10-19,Karnataka,15.3173,75.7139,3.3,24.3,10.6,1004.8,64.0,OBS_20241019_KAR
2024-10-19,Himachal Pradesh,31.1048,77.1734,5.9,23.4,22.0,1002.7,61.7,OBS_20241019_HIM
2024-10-19,Bihar,25.0961,85.3131,0.0,22.5,15.1,1006.7,55.3,OBS_20241019_BIH
2024-10-20,Gujarat,22.2587,71.1924,0.0,22.0,11.7,1004.0,55.4,OBS_20241020_GUJ
2024-10-20,Maharashtra,19.7515,75.7139,0.0,27.9,19.0,1003.1,48.5,OBS_20241020_MAH
2024-10-20,Kerala,10.8505,76.2711,0.0,26.5,17.1,1001.3,51.4,OBS_20241020_KER
2024-10-20,Rajasthan,27.0238,74.2179,0.0,27.8,19.1,1000.3,60.6,OBS_20241020_RAJ
2024-10-20,Odisha,20.9517,85.0985,0.0,24.3,14.2,1003.5,53.8,OBS_20241020_ODI
2024-10-20,Assam,26.2006,92.9376,0.0,23.4,15.0,1006.6,49.5,OBS_20241020_ASS
2024-10-20,Punjab,31.1471,75.3412,0.0,24.0,15.2,1002.4,68.8,OBS_20241020_PUN
2024-10-20,Tamil Nadu,11.1271,78.6569,1.1,24.1,41.1,994.0,100.0,OBS_20241020_TAM
2024-10-20,Andhra Pradesh,15.9129,79.74,6.7,25.9,15.8,1003.7,57.5,OBS_20241020_AND
2024-10-20,West Bengal,22.9868,87.855,0.0,23.5,19.7,1003.8,69.0,OBS_20241020_WES
2024-10-20,Madhya Pradesh,22.9734,78.6569,0.0,30.0,8.1,1003.1,64.7,OBS_20241020_MAD
2024-10-20,Uttar Pradesh,26.8467,80.9462,0.0,27.7,19.4,1001.5,56.6,OBS_20241020_UTT
2024-10-20,Karnataka,15.3173,75.7139,0.0,29.2,15.1,1003.9,56.3,OBS_20241020_KAR
2024-10-20,Himachal Pradesh,31.1048,77.1734,0.0,26.9,7.5,1003.5,46.4,OBS_20241020_HIM
2024-10-20,Bihar,25.0961,85.3131,1.8,27.6,10.3,1004.5,51.0,OBS_20241020_BIH
2024-10-21,Gujarat,22.2587,71.1924,0.0,24.3,10.3,1002.8,54.4,OBS_20241021_GUJ
2024-10-21,Maharashtra,19.7515,75.7139,0.0,26.2,15.6,1003.5,67.8,OBS_20241021_MAH
2024-10-21,Kerala,10.8505,76.2711,129.4,24.1,13.0,1005.0,63.1,OBS_20241021_KER
2024-10-21,Rajasthan,27.0238,74.2179,0.0,20.8,11.7,1001.3,62.1,OBS_20241021_RAJ
2024-10-21,Odisha,20.9517,85.0985,0.0,21.4,13.7,1000.5,69.5,OBS_20241021_ODI
2024-10-21,Assam,26.2006,92.9376,18.8,23.1,13.4,1002.2,64.9,OBS_20241021_ASS
2024-10-21,Punjab,31.1471,75.3412,7.4,21.9,15.2,1007.8,55.3,OBS_20241021_PUN
2024-10-21,Tamil Nadu,11.1271,78.6569,72.5,20.5,36.2,993.7,100.0,OBS_20241021_TAM
2024-10-21,Andhra Pradesh,15.9129,79.74,0.0,20.6,18.5,1004.2,54.6,OBS_20241021_AND
2024-10-21,West Bengal,22.9868,87.855,1.0,27.4,12.3,1006.8,60.0,OBS_20241021_WES
2024-10-21,Madhya Pradesh,22.9734,78.6569,0.0,29.5,12.1,1008.5,60.3,OBS_20241021_MAD
2024-10-21,Uttar Pradesh,26.8467,80.9462,4.0,25.4,13.7,1006.3,63.9,OBS_20241021_UTT
2024-10-21,Karnataka,15.3173,75.7139,0.0,28.2,20.8,1002.3,60.6,OBS_20241021_KAR
2024-10-21,Himachal Pradesh,31.1048,77.1734,0.0,27.1,14.5,1005.1,56.3,OBS_20241021_HIM
2024-10-21,Bihar,25.0961,85.3131,0.9,28.5,18.4,1002.1,58.8,OBS_20241021_BIH
2024-10-22,Gujarat,22.2587,71.1924,0.4,29.5,17.8,1003.9,59.5,OBS_20241022_GUJ
2024-10-22,Maharashtra,19.7515,75.7139,13.4,23.4,13.8,1002.3,62.4,OBS_20241022_MAH
2024-10-22,Kerala,10.8505,76.2711,33.9,25.4,13.6,1005.2,67.0,OBS_20241022_KER
2024-10-22,Rajasthan,27.0238,74.2179,0.2,24.8,15.6,1004.9,66.7,OBS_20241022_RAJ
2024-10-22,Odisha,20.9517,85.0985,0.0,26.4,16.1,1008.5,71.4,OBS_20241022_ODI
2024-10-22,Assam,26.2006,92.9376,19.4,23.7,19.3,1002.1,50.0,OBS_20241022_ASS
2024-10-22,Punjab,31.1471,75.3412,0.0,24.1,17.1,1005.8,55.7,OBS_20241022_PUN
2024-10-22,Tamil Nadu,11.1271,78.6569,32.3,17.9,34.4,994.4,100.0,OBS_20241022_TAM
2024-10-22,Andhra Pradesh,15.9129,79.74,0.2,20.1,16.6,1007.9,65.1,OBS_20241022_AND
2024-10-22,West Bengal,22.9868,87.855,0.0,23.2,13.8,1005.8,49.5,OBS_20241022_WES
2024-10-22,Madhya Pradesh,22.9734,78.6569,0.0,23.5,17.6,1003.8,59.4,OBS_20241022_MAD
2024-10-22,Uttar Pradesh,26.8467,80.9462,0.0,25.5,15.7,1005.1,66.6,OBS_20241022_UTT
2024-10-22,Karnataka,15.3173,75.7139,17.8,25.5,17.7,1005.5,60.2,OBS_20241022_KAR
2024-10-22,Himachal Pradesh,31.1048,77.1734,0.0,23.7,13.4,1002.7,65.3,OBS_20241022_HIM
2024-10-22,Bihar,25.0961,85.3131,0.0,24.7,23.5,1002.2,75.5,OBS_20241022_BIH
2024-10-23,Gujarat,22.2587,71.1924,0.0,26.7,12.5,1003.4,75.5,OBS_20241023_GUJ
2024-10-23,Maharashtra,19.7515,75.7139,0.0,28.4,17.7,1002.7,60.5,OBS_20241023_MAH
2024-10-23,Kerala,10.8505,76.2711,4.6,21.2,18.6,1005.7,67.2,OBS_20241023_KER
2024-10-23,Rajasthan,27.0238,74.2179,0.0,26.1,19.3,1004.1,55.6,OBS_20241023_RAJ
2024-10-23,Odisha,20.9517,85.0985,10.2,22.6,14.6,1006.4,53.3,OBS_20241023_ODI
2024-10-23,Assam,26.2006,92.9376,18.3,23.7,14.5,1003.1,42.0,OBS_20241023_ASS
2024-10-23,Punjab,31.1471,75.3412,16.5,24.9,14.5,1004.1,66.9,OBS_20241023_PUN
2024-10-23,Tamil Nadu,11.1271,78.6569,13.1,18.7,38.7,992.1,96.3,OBS_20241023_TAM
2024-10-23,Andhra Pradesh,15.9129,79.74,0.0,24.1,9.3,1002.4,75.6,OBS_20241023_AND
2024-10-23,West Bengal,22.9868,87.855,1.3,26.6,18.4,1005.3,46.6,OBS_20241023_WES
2024-10-23,Madhya Pradesh,22.9734,78.6569,0.0,22.2,10.2,1000.5,49.2,OBS_20241023_MAD
2024-10-23,Uttar Pradesh,26.8467,80.9462,10.1,26.5,17.8,997.8,62.3,OBS_20241023_UTT
2024-10-23,Karnataka,15.3173,75.7139,0.0,20.6,10.6,1006.4,67.3,OBS_20241023_KAR
2024-10-23,Himachal Pradesh,31.1048,77.1734,2.0,23.3,23.2,1002.6,50.0,OBS_20241023_HIM
2024-10-23,Bihar,25.0961,85.3131,16.9,23.5,9.2,1003.6,67.5,OBS_20241023_BIH
2024-10-24,Gujarat,22.2587,71.1924,0.1,22.5,17.4,1005.3,79.9,OBS_20241024_GUJ
2024-10-24,Maharashtra,19.7515,75.7139,0.0,25.2,10.3,1001.0,61.8,OBS_20241024_MAH
2024-10-24,Kerala,10.8505,76.2711,7.6,22.0,11.1,1004.2,61.0,OBS_20241024_KER
2024-10-24,Rajasthan,27.0238,74.2179,0.0,22.2,9.6,1006.0,53.7,OBS_20241024_RAJ
2024-10-24,Odisha,20.9517,85.0985,10.4,20.5,13.4,1003.5,74.3,OBS_20241024_ODI
2024-10-24,Assam,26.2006,92.9376,18.7,23.1,12.9,1008.1,60.7,OBS_20241024_ASS
2024-10-24,Punjab,31.1471,75.3412,12.3,25.7,18.4,1005.8,52.1,OBS_20241024_PUN
2024-10-24,Tamil Nadu,11.1271,78.6569,0.0,18.6,35.9,993.1,88.4,OBS_20241024_TAM
2024-10-24,Andhra Pradesh,15.9129,79.74,15.3,21.8,14.5,1004.6,49.7,OBS_20241024_AND
2024-10-24,West Bengal,22.9868,87.855,0.0,23.3,11.3,1003.3,65.5,OBS_20241024_WES
2024-10-24,Madhya Pradesh,22.9734,78.6569,97.7,26.9,12.5,1006.7,62.4,OBS_20241024_MAD
2024-10-24,Uttar Pradesh,26.8467,80.9462,33.0,28.3,16.8,1002.7,46.1,OBS_20241024_UTT
2024-10-24,Karnataka,15.3173,75.7139,7.3,23.4,6.6,1005.5,62.4,OBS_20241024_KAR
2024-10-24,Himachal Pradesh,31.1048,77.1734,0.0,19.7,8.7,1002.7,56.9,OBS_20241024_HIM
2024-10-24,Bihar,25.0961,85.3131,4.3,16.7,15.7,1001.5,44.4,OBS_20241024_BIH
2024-10-25,Gujarat,22.2587,71.1924,0.0,25.1,16.4,1006.8,54.0,OBS_20241025_GUJ
2024-10-25,Maharashtra,19.7515,75.7139,5.4,25.0,15.9,1004.5,50.1,OBS_20241025_MAH
2024-10-25,Kerala,10.8505,76.2711,0.1,25.9,18.1,1001.4,52.8,OBS_20241025_KER
2024-10-25,Rajasthan,27.0238,74.2179,3.1,28.2,23.5,1004.3,48.7,OBS_20241025_RAJ
2024-10-25,Odisha,20.9517,85.0985,0.0,25.5,13.9,1000.4,65.8,OBS_20241025_ODI
2024-10-25,Assam,26.2006,92.9376,4.2,23.9,20.5,1005.5,63.1,OBS_20241025_ASS
2024-10-25,Punjab,31.1471,75.3412,0.0,28.0,12.3,1001.3,55.9,OBS_20241025_PUN
2024-10-25,Tamil Nadu,11.1271,78.6569,44.1,20.3,35.7,993.0,100.0,OBS_20241025_TAM
2024-10-25,Andhra Pradesh,15.9129,79.74,17.8,29.2,14.3,1001.0,68.5,OBS_20241025_AND
2024-10-25,West Bengal,22.9868,87.855,0.0,22.6,20.5,1008.1,55.0,OBS_20241025_WES
2024-10-25,Madhya Pradesh,22.9734,78.6569,22.0,25.7,12.2,1004.4,73.2,OBS_20241025_MAD
2024-10-25,Uttar Pradesh,26.8467,80.9462,0.0,22.1,12.3,1006.1,40.2,OBS_20241025_UTT
2024-10-25,Karnataka,15.3173,75.7139,11.1,24.6,13.9,1004.9,66.0,OBS_20241025_KAR
2024-10-25,Himachal Pradesh,31.1048,77.1734,4.8,24.4,13.6,1003.6,52.6,OBS_20241025_HIM
2024-10-25,Bihar,25.0961,85.3131,0.0,22.3,12.8,1002.9,56.3,OBS_20241025_BIH
2024-10-26,Gujarat,22.2587,71.1924,0.0,24.3,14.3,999.5,71.7,OBS_20241026_GUJ
2024-10-26,Maharashtra,19.7515,75.7139,8.8,23.8,9.7,1005.9,63.6,OBS_20241026_MAH
2024-10-26,Kerala,10.8505,76.2711,0.0,25.4,11.5,1002.5,51.0,OBS_20241026_KER
2024-10-26,Rajasthan,27.0238,74.2179,0.0,24.2,15.0,999.6,70.0,OBS_20241026_RAJ
2024-10-26,Odisha,20.9517,85.0985,0.0,26.3,17.2,1002.8,70.0,OBS_20241026_ODI
2024-10-26,Assam,26.2006,92.9376,0.0,23.2,7.3,1008.5,57.0,OBS_20241026_ASS
2024-10-26,Punjab,31.1471,75.3412,2.2,23.9,15.5,1004.2,74.0,OBS_20241026_PUN
2024-10-26,Tamil Nadu,11.1271,78.6569,24.6,22.4,36.2,995.8,91.0,OBS_20241026_TAM
2024-10-26,Andhra Pradesh,15.9129,79.74,11.2,27.4,14.2,1003.7,68.9,OBS_20241026_AND
2024-10-26,West Bengal,22.9868,87.855,0.0,24.4,14.0,1002.9,56.1,OBS_20241026_WES
2024-10-26,Madhya Pradesh,22.9734,78.6569,0.0,19.4,12.2,1004.4,60.5,OBS_20241026_MAD
2024-10-26,Uttar Pradesh,26.8467,80.9462,7.2,20.5,14.8,1005.7,41.9,OBS_20241026_UTT
2024-10-26,Karnataka,15.3173,75.7139,6.6,26.0,10.2,999.3,66.1,OBS_20241026_KAR
2024-10-26,Himachal Pradesh,31.1048,77.1734,7.7,22.8,13.3,1002.8,57.6,OBS_20241026_HIM
2024-10-26,Bihar,25.0961,85.3131,0.0,26.3,17.9,1003.4,55.3,OBS_20241026_BIH
2024-10-27,Gujarat,22.2587,71.1924,2.2,23.2,15.8,1003.6,59.1,OBS_20241027_GUJ
2024-10-27,Maharashtra,19.7515,75.7139,0.9,26.4,14.5,1004.6,49.6,OBS_20241027_MAH
2024-10-27,Kerala,10.8505,76.2711,5.4,23.2,17.3,1008.6,49.0,OBS_20241027_KER
2024-10-27,Rajasthan,27.0238,74.2179,3.8,22.6,11.8,1005.1,69.3,OBS_20241027_RAJ
2024-10-27,Odisha,20.9517,85.0985,10.2,22.9,14.4,1007.4,62.2,OBS_20241027_ODI
2024-10-27,Assam,26.2006,92.9376,8.3,24.4,9.3,1004.3,68.7,OBS_20241027_ASS
2024-10-27,Punjab,31.1471,75.3412,0.0,22.2,17.2,1007.6,54.4,OBS_20241027_PUN
2024-10-27,Tamil Nadu,11.1271,78.6569,13.5,19.4,37.1,993.0,99.3,OBS_20241027_TAM
2024-10-27,Andhra Pradesh,15.9129,79.74,1.8,24.1,15.0,1002.9,59.5,OBS_20241027_AND
2024-10-27,West Bengal,22.9868,87.855,0.0,21.5,8.0,1002.5,54.5,OBS_20241027_WES
2024-10-27,Madhya Pradesh,22.9734,78.6569,0.0,21.8,7.5,1004.0,57.4,OBS_20241027_MAD
2024-10-27,Uttar Pradesh,26.8467,80.9462,7.0,23.7,16.5,1006.0,56.9,OBS_20241027_UTT
2024-10-27,Karnataka,15.3173,75.7139,9.9,23.5,12.2,1005.8,64.1,OBS_20241027_KAR
2024-10-27,Himachal Pradesh,31.1048,77.1734,0.0,23.4,19.7,1006.5,54.3,OBS_20241027_HIM
2024-10-27,Bihar,25.0961,85.3131,105.7,26.1,21.0,1004.4,68.6,OBS_20241027_BIH
2024-10-28,Gujarat,22.2587,71.1924,0.0,24.6,16.7,1005.1,67.3,OBS_20241028_GUJ
2024-10-28,Maharashtra,19.7515,75.7139,0.0,25.6,18.7,1006.0,68.4,OBS_20241028_MAH
2024-10-28,Kerala,10.8505,76.2711,13.9,26.5,20.3,1007.0,57.8,OBS_20241028_KER
2024-10-28,Rajasthan,27.0238,74.2179,0.0,23.4,12.8,1005.1,56.0,OBS_20241028_RAJ
2024-10-28,Odisha,20.9517,85.0985,37.6,23.4,24.1,1003.2,59.7,OBS_20241028_ODI
2024-10-28,Assam,26.2006,92.9376,18.7,25.7,12.0,1002.8,50.2,OBS_20241028_ASS
2024-10-28,Punjab,31.1471,75.3412,0.0,24.6,21.5,1002.6,56.3,OBS_20241028_PUN
2024-10-28,Tamil Nadu,11.1271,78.6569,105.7,16.3,43.3,990.3,100.0,OBS_20241028_TAM
2024-10-28,Andhra Pradesh,15.9129,79.74,17.2,20.9,18.2,1005.6,64.1,OBS_20241028_AND
2024-10-28,West Bengal,22.9868,87.855,19.7,28.3,16.7,1006.6,66.6,OBS_20241028_WES
2024-10-28,Madhya Pradesh,22.9734,78.6569,6.5,22.9,12.6,1006.8,60.7,OBS_20241028_MAD
2024-10-28,Uttar Pradesh,26.8467,80.9462,0.0,26.6,13.8,1001.9,47.9,OBS_20241028_UTT
2024-10-28,Karnataka,15.3173,75.7139,9.2,22.4,10.0,1003.6,72.8,OBS_20241028_KAR
2024-10-28,Himachal Pradesh,31.1048,77.1734,7.5,27.3,18.3,1007.0,60.9,OBS_20241028_HIM
2024-10-28,Bihar,25.0961,85.3131,3.1,27.8,18.2,1006.1,63.8,OBS_20241028_BIH
2024-10-29,Gujarat,22.2587,71.1924,4.6,25.2,17.9,1002.1,46.3,OBS_20241029_GUJ
2024-10-29,Maharashtra,19.7515,75.7139,17.9,25.3,19.4,1001.5,58.6,OBS_20241029_MAH
2024-10-29,Kerala,10.8505,76.2711,0.0,22.8,22.8,1001.8,61.7,OBS_20241029_KER
2024-10-29,Rajasthan,27.0238,74.2179,0.0,24.3,20.2,1004.0,67.0,OBS_20241029_RAJ
2024-10-29,Odisha,20.9517,85.0985,0.0,23.4,16.6,1004.5,63.7,OBS_20241029_ODI
2024-10-29,Assam,26.2006,92.9376,0.0,22.6,11.4,1002.6,70.0,OBS_20241029_ASS
2024-10-29,Punjab,31.1471,75.3412,8.1,23.2,13.6,1004.3,61.1,OBS_20241029_PUN
2024-10-29,Tamil Nadu,11.1271,78.6569,0.0,19.1,39.5,993.7,91.6,OBS_20241029_TAM
2024-10-29,Andhra Pradesh,15.9129,79.74,7.1,27.2,12.5,1007.8,66.1,OBS_20241029_AND
2024-10-29,West Bengal,22.9868,87.855,0.0,20.8,12.7,1003.3,64.1,OBS_20241029_WES
2024-10-29,Madhya Pradesh,22.9734,78.6569,4.9,26.0,16.1,1003.5,71.8,OBS_20241029_MAD
2024-10-29,Uttar Pradesh,26.8467,80.9462,0.0,22.8,22.7,1003.8,52.8,OBS_20241029_UTT
2024-10-29,Karnataka,15.3173,75.7139,0.0,24.5,18.5,1003.9,68.8,OBS_20241029_KAR
2024-10-29,Himachal Pradesh,31.1048,77.1734,0.0,25.9,11.5,1003.5,60.4,OBS_20241029_HIM
2024-10-29,Bihar,25.0961,85.3131,132.2,28.4,20.7,1003.4,62.2,OBS_20241029_BIH
2024-10-30,Gujarat,22.2587,71.1924,0.0,21.5,17.7,1008.1,60.3,OBS_20241030_GUJ
2024-10-30,Maharashtra,19.7515,75.7139,0.0,23.8,19.0,1001.2,55.5,OBS_20241030_MAH
2024-10-30,Kerala,10.8505,76.2711,4.6,29.9,8.8,1001.0,52.1,OBS_20241030_KER
2024-10-30,Rajasthan,27.0238,74.2179,1.8,18.6,13.9,1002.7,54.1,OBS_20241030_RAJ
2024-10-30,Odisha,20.9517,85.0985,4.0,23.3,15.2,1006.0,52.4,OBS_20241030_ODI
2024-10-30,Assam,26.2006,92.9376,4.2,23.9,17.7,1003.4,66.9,OBS_20241030_ASS
2024-10-30,Punjab,31.1471,75.3412,11.3,28.2,11.3,1001.8,57.4,OBS_20241030_PUN
2024-10-30,Tamil Nadu,11.1271,78.6569,0.0,19.4,35.1,992.9,92.4,OBS_20241030_TAM
2024-10-30,Andhra Pradesh,15.9129,79.74,0.0,21.6,7.8,1003.5,61.3,OBS_20241030_AND
2024-10-30,West Bengal,22.9868,87.855,3.7,22.3,9.3,1003.4,68.7,OBS_20241030_WES
2024-10-30,Madhya Pradesh,22.9734,78.6569,0.0,27.7,18.6,1006.4,51.9,OBS_20241030_MAD
2024-10-30,Uttar Pradesh,26.8467,80.9462,0.0,24.7,17.5,1007.2,66.8,OBS_20241030_UTT
2024-10-30,Karnataka,15.3173,75.7139,33.2,25.7,21.3,1001.6,58.5,OBS_20241030_KAR
2024-10-30,Himachal Pradesh,31.1048,77.1734,0.0,24.6,12.9,1005.0,65.3,OBS_20241030_HIM
2024-10-30,Bihar,25.0961,85.3131,0.0,26.4,13.7,1006.2,49.5,OBS_20241030_BIH
2024-10-31,Gujarat,22.2587,71.1924,1.3,23.4,12.0,1004.7,61.9,OBS_20241031_GUJ
2024-10-31,Maharashtra,19.7515,75.7139,122.9,27.2,7.6,1004.9,70.0,OBS_20241031_MAH
2024-10-31,Kerala,10.8505,76.2711,8.3,29.2,16.7,1003.5,58.7,OBS_20241031_KER
2024-10-31,Rajasthan,27.0238,74.2179,0.0,23.4,15.8,1003.6,49.9,OBS_20241031_RAJ
2024-10-31,Odisha,20.9517,85.0985,137.3,26.4,18.7,1007.9,54.4,OBS_20241031_ODI
2024-10-31,Assam,26.2006,92.9376,0.0,24.0,11.4,1000.2,76.7,OBS_20241031_ASS
2024-10-31,Punjab,31.1471,75.3412,0.2,22.0,19.8,1002.3,66.5,OBS_20241031_PUN
2024-10-31,Tamil Nadu,11.1271,78.6569,137.8,20.2,33.6,995.1,100.0,OBS_20241031_TAM
2024-10-31,Andhra Pradesh,15.9129,79.74,9.7,24.5,22.5,1005.5,65.2,OBS_20241031_AND
2024-10-31,West Bengal,22.9868,87.855,44.2,24.1,12.3,1004.4,63.1,OBS_20241031_WES
2024-10-31,Madhya Pradesh,22.9734,78.6569,0.0,26.9,15.6,1005.8,51.4,OBS_20241031_MAD
2024-10-31,Uttar Pradesh,26.8467,80.9462,4.0,25.2,12.2,1002.7,67.7,OBS_20241031_UTT
2024-10-31,Karnataka,15.3173,75.7139,3.4,24.6,20.8,1002.2,66.8,OBS_20241031_KAR
2024-10-31,Himachal Pradesh,31.1048,77.1734,5.5,26.7,13.4,1006.3,63.6,OBS_20241031_HIM
2024-10-31,Bihar,25.0961,85.3131,0.0,21.4,13.0,1005.1,57.6,OBS_20241031_BIH
2024-11-01,Gujarat,22.2587,71.1924,1.4,26.2,10.2,1004.5,60.8,OBS_20241101_GUJ
2024-11-01,Maharashtra,19.7515,75.7139,0.0,23.2,22.5,1004.5,67.0,OBS_20241101_MAH
2024-11-01,Kerala,10.8505,76.2711,0.0,25.3,10.4,1003.3,65.8,OBS_20241101_KER
2024-11-01,Rajasthan,27.0238,74.2179,2.4,24.4,10.0,1005.8,59.7,OBS_20241101_RAJ
2024-11-01,Odisha,20.9517,85.0985,6.3,28.9,18.8,999.6,60.8,OBS_20241101_ODI
2024-11-01,Assam,26.2006,92.9376,0.0,23.8,8.8,1004.4,60.4,OBS_20241101_ASS
2024-11-01,Punjab,31.1471,75.3412,6.9,24.3,15.0,1002.0,53.3,OBS_20241101_PUN
2024-11-01,Tamil Nadu,11.1271,78.6569,25.8,19.6,36.5,996.2,91.6,OBS_20241101_TAM
2024-11-01,Andhra Pradesh,15.9129,79.74,13.7,25.8,15.7,1007.8,56.1,OBS_20241101_AND
2024-11-01,West Bengal,22.9868,87.855,4.1,22.3,9.8,1006.6,60.2,OBS_20241101_WES
2024-11-01,Madhya Pradesh,22.9734,78.6569,0.0,21.6,9.1,999.5,44.3,OBS_20241101_MAD
2024-11-01,Uttar Pradesh,26.8467,80.9462,0.0,22.9,18.2,1001.2,62.1,OBS_20241101_UTT
2024-11-01,Karnataka,15.3173,75.7139,10.0,20.1,15.0,1004.8,62.4,OBS_20241101_KAR
2024-11-01,Himachal Pradesh,31.1048,77.1734,0.0,24.5,14.4,1005.4,60.5,OBS_20241101_HIM
2024-11-01,Bihar,25.0961,85.3131,0.5,24.3,18.4,1001.4,61.4,OBS_20241101_BIH
2024-11-02,Gujarat,22.2587,71.1924,0.0,23.1,14.2,1005.2,46.6,OBS_20241102_GUJ
2024-11-02,Maharashtra,19.7515,75.7139,7.1,24.1,18.2,1004.8,63.8,OBS_20241102_MAH
2024-11-02,Kerala,10.8505,76.2711,8.2,24.3,17.2,1006.9,55.5,OBS_20241102_KER
2024-11-02,Rajasthan,27.0238,74.2179,0.0,21.5,14.2,1008.0,51.9,OBS_20241102_RAJ
2024-11-02,Odisha,20.9517,85.0985,0.0,28.4,14.2,1003.2,58.2,OBS_20241102_ODI
2024-11-02,Assam,26.2006,92.9376,0.0,28.7,18.9,1001.9,72.0,OBS_20241102_ASS
2024-11-02,Punjab,31.1471,75.3412,0.0,19.6,13.8,1005.5,66.1,OBS_20241102_PUN
2024-11-02,Tamil Nadu,11.1271,78.6569,6.0,21.4,30.0,994.2,82.6,OBS_20241102_TAM
2024-11-02,Andhra Pradesh,15.9129,79.74,0.0,24.4,19.0,1006.3,53.4,OBS_20241102_AND
2024-11-02,West Bengal,22.9868,87.855,0.0,24.5,14.5,1005.8,55.6,OBS_20241102_WES
2024-11-02,Madhya Pradesh,22.9734,78.6569,0.0,26.5,13.8,1002.2,68.2,OBS_20241102_MAD
2024-11-02,Uttar Pradesh,26.8467,80.9462,5.5,23.0,16.8,1002.4,60.1,OBS_20241102_UTT
2024-11-02,Karnataka,15.3173,75.7139,12.4,21.9,8.2,1004.1,58.7,OBS_20241102_KAR
2024-11-02,Himachal Pradesh,31.1048,77.1734,0.0,25.3,15.4,1008.5,76.5,OBS_20241102_HIM
2024-11-02,Bihar,25.0961,85.3131,15.7,25.4,12.2,1003.0,66.5,OBS_20241102_BIH
2024-11-03,Gujarat,22.2587,71.1924,2.9,22.2,11.5,1006.4,54.5,OBS_20241103_GUJ
2024-11-03,Maharashtra,19.7515,75.7139,0.0,22.7,8.1,1008.6,64.1,OBS_20241103_MAH
2024-11-03,Kerala,10.8505,76.2711,0.0,27.1,14.7,1004.5,66.5,OBS_20241103_KER
2024-11-03,Rajasthan,27.0238,74.2179,11.4,23.3,18.0,1006.2,55.7,OBS_20241103_RAJ
2024-11-03,Odisha,20.9517,85.0985,0.0,22.4,21.1,1002.6,67.8,OBS_20241103_ODI
2024-11-03,Assam,26.2006,92.9376,0.0,25.2,16.1,1002.4,55.8,OBS_20241103_ASS
2024-11-03,Punjab,31.1471,75.3412,118.9,24.2,14.9,1000.9,55.6,OBS_20241103_PUN
2024-11-03,Tamil Nadu,11.1271,78.6569,0.0,20.9,36.9,989.3,100.0,OBS_20241103_TAM
2024-11-03,Andhra Pradesh,15.9129,79.74,9.3,23.2,17.2,1003.3,57.6,OBS_20241103_AND
2024-11-03,West Bengal,22.9868,87.855,0.0,24.5,18.1,1005.1,54.7,OBS_20241103_WES
2024-11-03,Madhya Pradesh,22.9734,78.6569,9.4,24.2,18.5,1005.7,62.8,OBS_20241103_MAD
2024-11-03,Uttar Pradesh,26.8467,80.9462,0.0,18.7,13.8,1007.5,62.1,OBS_20241103_UTT
2024-11-03,Karnataka,15.3173,75.7139,17.7,24.2,8.5,1006.2,57.7,OBS_20241103_KAR
2024-11-03,Himachal Pradesh,31.1048,77.1734,123.6,22.2,11.6,1006.3,61.3,OBS_20241103_HIM
2024-11-03,Bihar,25.0961,85.3131,32.4,17.7,20.7,1003.8,58.4,OBS_20241103_BIH
2024-11-04,Gujarat,22.2587,71.1924,0.0,25.8,13.7,1006.5,60.3,OBS_20241104_GUJ
2024-11-04,Maharashtra,19.7515,75.7139,7.2,21.9,12.4,1003.4,45.5,OBS_20241104_MAH
2024-11-04,Kerala,10.8505,76.2711,0.0,23.5,23.5,1003.7,64.0,OBS_20241104_KER
2024-11-04,Rajasthan,27.0238,74.2179,0.6,25.4,17.1,1004.7,57.0,OBS_20241104_RAJ
2024-11-04,Odisha,20.9517,85.0985,136.3,21.8,16.1,1006.8,68.9,OBS_20241104_ODI
2024-11-04,Assam,26.2006,92.9376,5.5,27.8,7.3,1002.8,64.3,OBS_20241104_ASS
2024-11-04,Punjab,31.1471,75.3412,8.4,24.7,22.6,1004.1,64.7,OBS_20241104_PUN
2024-11-04,Tamil Nadu,11.1271,78.6569,0.0,16.9,42.4,994.2,100.0,OBS_20241104_TAM
2024-11-04,Andhra Pradesh,15.9129,79.74,5.9,27.2,15.1,1003.9,61.7,OBS_20241104_AND
2024-11-04,West Bengal,22.9868,87.855,0.0,22.7,12.3,1007.6,65.1,OBS_20241104_WES
2024-11-04,Madhya Pradesh,22.9734,78.6569,11.5,21.8,18.0,1006.1,64.5,OBS_20241104_MAD
2024-11-04,Uttar Pradesh,26.8467,80.9462,0.0,23.5,19.3,1004.4,72.2,OBS_20241104_UTT
2024-11-04,Karnataka,15.3173,75.7139,28.8,30.4,18.8,1003.8,52.5,OBS_20241104_KAR
2024-11-04,Himachal Pradesh,31.1048,77.1734,15.9,25.0,19.6,1003.5,56.6,OBS_20241104_HIM
2024-11-04,Bihar,25.0961,85.3131,0.0,25.3,16.1,1003.4,55.0,OBS_20241104_BIH
2024-11-05,Gujarat,22.2587,71.1924,15.7,25.6,20.2,1008.7,51.4,OBS_20241105_GUJ
2024-11-05,Maharashtra,19.7515,75.7139,0.0,24.5,8.4,1004.1,52.2,OBS_20241105_MAH
2024-11-05,Kerala,10.8505,76.2711,89.4,23.4,10.4,1004.3,58.9,OBS_20241105_KER
2024-11-05,Rajasthan,27.0238,74.2179,0.0,22.9,15.1,1003.6,54.2,OBS_20241105_RAJ
2024-11-05,Odisha,20.9517,85.0985,0.0,21.7,11.2,1003.2,61.0,OBS_20241105_ODI
2024-11-05,Assam,26.2006,92.9376,16.8,21.0,14.3,1002.7,61.2,OBS_20241105_ASS
2024-11-05,Punjab,31.1471,75.3412,0.0,21.4,13.5,1008.3,56.1,OBS_20241105_PUN
2024-11-05,Tamil Nadu,11.1271,78.6569,118.1,21.4,42.9,990.2,93.5,OBS_20241105_TAM
2024-11-05,Andhra Pradesh,15.9129,79.74,25.6,18.5,10.8,1006.1,67.6,OBS_20241105_AND
2024-11-05,West Bengal,22.9868,87.855,0.0,21.4,23.2,1004.3,66.5,OBS_20241105_WES
2024-11-05,Madhya Pradesh,22.9734,78.6569,8.7,18.3,9.7,1004.0,68.9,OBS_20241105_MAD
2024-11-05,Uttar Pradesh,26.8467,80.9462,15.4,19.6,19.1,1004.1,60.6,OBS_20241105_UTT
2024-11-05,Karnataka,15.3173,75.7139,0.0,21.7,14.0,1001.2,52.5,OBS_20241105_KAR
2024-11-05,Himachal Pradesh,31.1048,77.1734,1.5,27.2,10.4,1005.1,67.2,OBS_20241105_HIM
2024-11-05,Bihar,25.0961,85.3131,23.5,26.1,9.9,1009.6,56.7,OBS_20241105_BIH
2024-11-06,Gujarat,22.2587,71.1924,0.3,24.0,14.1,1004.4,53.3,OBS_20241106_GUJ
2024-11-06,Maharashtra,19.7515,75.7139,28.3,23.5,13.9,1007.1,43.6,OBS_20241106_MAH
2024-11-06,Kerala,10.8505,76.2711,4.4,22.8,18.0,1002.0,54.5,OBS_20241106_KER
2024-11-06,Rajasthan,27.0238,74.2179,0.5,25.3,20.4,1003.1,60.2,OBS_20241106_RAJ
2024-11-06,Odisha,20.9517,85.0985,0.0,20.0,16.3,1005.6,45.6,OBS_20241106_ODI
2024-11-06,Assam,26.2006,92.9376,3.9,23.3,15.7,1003.9,57.4,OBS_20241106_ASS
2024-11-06,Punjab,31.1471,75.3412,0.0,27.2,21.9,1004.1,74.2,OBS_20241106_PUN
2024-11-06,Tamil Nadu,11.1271,78.6569,0.0,18.9,39.1,993.1,91.1,OBS_20241106_TAM
2024-11-06,Andhra Pradesh,15.9129,79.74,0.0,25.1,20.2,1007.7,73.0,OBS_20241106_AND
2024-11-06,West Bengal,22.9868,87.855,1.7,22.2,14.4,1003.5,61.9,OBS_20241106_WES
2024-11-06,Madhya Pradesh,22.9734,78.6569,0.0,26.8,10.3,1004.6,65.7,OBS_20241106_MAD
2024-11-06,Uttar Pradesh,26.8467,80.9462,18.6,18.1,4.1,1004.3,53.4,OBS_20241106_UTT
2024-11-06,Karnataka,15.3173,75.7139,3.2,25.0,17.0,1001.2,67.8,OBS_20241106_KAR
2024-11-06,Himachal Pradesh,31.1048,77.1734,0.0,24.9,14.2,1008.2,54.8,OBS_20241106_HIM
2024-11-06,Bihar,25.0961,85.3131,8.5,21.2,14.6,1004.7,66.2,OBS_20241106_BIH
2024-11-07,Gujarat,22.2587,71.1924,0.0,23.5,17.1,1005.2,58.1,OBS_20241107_GUJ
2024-11-07,Maharashtra,19.7515,75.7139,4.4,24.8,17.2,1004.8,62.6,OBS_20241107_MAH
2024-11-07,Kerala,10.8505,76.2711,14.2,23.9,17.0,1011.3,65.7,OBS_20241107_KER
2024-11-07,Rajasthan,27.0238,74.2179,0.0,21.8,14.5,1001.8,63.1,OBS_20241107_RAJ
2024-11-07,Odisha,20.9517,85.0985,12.5,26.0,16.7,1004.1,49.4,OBS_20241107_ODI
2024-11-07,Assam,26.2006,92.9376,0.0,21.2,14.4,1001.2,49.9,OBS_20241107_ASS
2024-11-07,Punjab,31.1471,75.3412,17.5,23.6,26.1,1007.7,56.3,OBS_20241107_PUN
2024-11-07,Tamil Nadu,11.1271,78.6569,0.0,20.5,36.2,992.3,100.0,OBS_20241107_TAM
2024-11-07,Andhra Pradesh,15.9129,79.74,0.3,23.8,12.5,1007.5,63.3,OBS_20241107_AND
2024-11-07,West Bengal,22.9868,87.855,116.0,28.1,16.5,1006.5,60.7,OBS_20241107_WES
2024-11-07,Madhya Pradesh,22.9734,78.6569,4.8,22.5,12.8,1004.4,66.1,OBS_20241107_MAD
2024-11-07,Uttar Pradesh,26.8467,80.9462,0.0,24.9,15.8,1005.8,56.6,OBS_20241107_UTT
2024-11-07,Karnataka,15.3173,75.7139,17.7,26.1,11.7,1004.5,51.9,OBS_20241107_KAR
2024-11-07,Himachal Pradesh,31.1048,77.1734,0.0,23.6,18.0,1001.1,60.5,OBS_20241107_HIM
2024-11-07,Bihar,25.0961,85.3131,21.1,23.7,17.0,1007.3,52.1,OBS_20241107_BIH
2024-11-08,Gujarat,22.2587,71.1924,11.1,22.6,12.4,1005.2,52.2,OBS_20241108_GUJ
2024-11-08,Maharashtra,19.7515,75.7139,124.0,24.4,10.9,1000.4,72.5,OBS_20241108_MAH
2024-11-08,Kerala,10.8505,76.2711,0.6,24.5,8.4,1004.0,55.1,OBS_20241108_KER
2024-11-08,Rajasthan,27.0238,74.2179,0.0,20.5,15.4,1006.7,64.7,OBS_20241108_RAJ
2024-11-08,Odisha,20.9517,85.0985,1.8,23.3,12.4,1005.1,61.8,OBS_20241108_ODI
2024-11-08,Assam,26.2006,92.9376,0.0,20.5,15.0,1002.3,66.2,OBS_20241108_ASS
2024-11-08,Punjab,31.1471,75.3412,20.0,16.0,17.4,1000.1,61.7,OBS_20241108_PUN
2024-11-08,Tamil Nadu,11.1271,78.6569,28.0,14.0,39.7,989.6,91.6,OBS_20241108_TAM
2024-11-08,Andhra Pradesh,15.9129,79.74,0.0,24.1,15.4,1005.9,65.9,OBS_20241108_AND
2024-11-08,West Bengal,22.9868,87.855,13.1,18.5,13.3,1005.1,49.4,OBS_20241108_WES
2024-11-08,Madhya Pradesh,22.9734,78.6569,11.0,21.6,17.9,1003.3,50.3,OBS_20241108_MAD
2024-11-08,Uttar Pradesh,26.8467,80.9462,6.6,22.9,15.5,1008.2,58.8,OBS_20241108_UTT
2024-11-08,Karnataka,15.3173,75.7139,9.0,25.0,15.7,1002.9,67.9,OBS_20241108_KAR
2024-11-08,Himachal Pradesh,31.1048,77.1734,0.0,25.6,9.7,1005.2,54.5,OBS_20241108_HIM
2024-11-08,Bihar,25.0961,85.3131,0.0,26.3,14.4,1004.6,59.4,OBS_20241108_BIH
2024-11-09,Gujarat,22.2587,71.1924,8.3,22.2,15.7,1004.8,57.2,OBS_20241109_GUJ
2024-11-09,Maharashtra,19.7515,75.7139,19.5,25.8,9.8,1007.0,58.9,OBS_20241109_MAH
2024-11-09,Kerala,10.8505,76.2711,2.3,21.5,16.4,999.6,58.8,OBS_20241109_KER
2024-11-09,Rajasthan,27.0238,74.2179,0.0,23.1,18.4,1006.8,50.5,OBS_20241109_RAJ
2024-11-09,Odisha,20.9517,85.0985,0.0,23.3,17.1,1003.1,40.9,OBS_20241109_ODI
2024-11-09,Assam,26.2006,92.9376,5.0,23.0,13.6,1005.9,63.6,OBS_20241109_ASS
2024-11-09,Punjab,31.1471,75.3412,0.0,21.2,22.5,1006.4,45.0,OBS_20241109_PUN
2024-11-09,Tamil Nadu,11.1271,78.6569,0.0,21.9,37.5,992.1,89.3,OBS_20241109_TAM
2024-11-09,Andhra Pradesh,15.9129,79.74,5.0,25.2,18.5,1006.1,48.7,OBS_20241109_AND
2024-11-09,West Bengal,22.9868,87.855,0.0,23.4,17.2,1005.8,64.7,OBS_20241109_WES
2024-11-09,Madhya Pradesh,22.9734,78.6569,0.0,20.1,14.7,1004.7,59.6,OBS_20241109_MAD
2024-11-09,Uttar Pradesh,26.8467,80.9462,9.5,23.4,16.8,1007.1,42.9,OBS_20241109_UTT
2024-11-09,Karnataka,15.3173,75.7139,0.5,25.4,12.8,1006.5,66.9,OBS_20241109_KAR
2024-11-09,Himachal Pradesh,31.1048,77.1734,0.0,24.0,8.5,1004.8,57.9,OBS_20241109_HIM
2024-11-09,Bihar,25.0961,85.3131,11.2,22.2,13.3,1003.9,55.8,OBS_20241109_BIH
2024-11-10,Gujarat,22.2587,71.1924,10.2,26.6,14.6,1002.6,54.2,OBS_20241110_GUJ
2024-11-10,Maharashtra,19.7515,75.7139,4.6,21.5,16.3,1007.2,65.3,OBS_20241110_MAH
2024-11-10,Kerala,10.8505,76.2711,10.6,19.4,10.0,1005.1,63.1,OBS_20241110_KER
2024-11-10,Rajasthan,27.0238,74.2179,4.7,24.5,12.8,1006.2,49.4,OBS_20241110_RAJ
2024-11-10,Odisha,20.9517,85.0985,0.0,19.1,10.8,1003.3,67.5,OBS_20241110_ODI
2024-11-10,Assam,26.2006,92.9376,16.0,19.9,12.7,1005.0,57.0,OBS_20241110_ASS
2024-11-10,Punjab,31.1471,75.3412,0.0,18.6,9.9,1008.5,64.7,OBS_20241110_PUN
2024-11-10,Tamil Nadu,11.1271,78.6569,39.7,16.4,43.3,989.9,90.5,OBS_20241110_TAM
2024-11-10,Andhra Pradesh,15.9129,79.74,0.0,22.0,8.8,1002.9,57.9,OBS_20241110_AND
2024-11-10,West Bengal,22.9868,87.855,0.0,22.9,15.8,1004.1,54.3,OBS_20241110_WES
2024-11-10,Madhya Pradesh,22.9734,78.6569,11.1,22.3,9.9,1001.1,61.0,OBS_20241110_MAD
2024-11-10,Uttar Pradesh,26.8467,80.9462,0.3,24.3,17.4,1005.0,60.0,OBS_20241110_UTT
2024-11-10,Karnataka,15.3173,75.7139,1.8,20.3,17.5,1007.6,53.4,OBS_20241110_KAR
2024-11-10,Himachal Pradesh,31.1048,77.1734,2.4,21.7,13.9,1005.5,63.8,OBS_20241110_HIM
2024-11-10,Bihar,25.0961,85.3131,5.9,22.1,17.6,1004.6,58.3,OBS_20241110_BIH
2024-11-11,Gujarat,22.2587,71.1924,9.2,24.4,13.8,1005.8,35.1,OBS_20241111_GUJ
2024-11-11,Maharashtra,19.7515,75.7139,0.0,21.1,7.8,1003.0,66.1,OBS_20241111_MAH
2024-11-11,Kerala,10.8505,76.2711,4.9,22.5,17.3,1006.5,65.2,OBS_20241111_KER
2024-11-11,Rajasthan,27.0238,74.2179,0.8,23.3,10.9,1002.0,55.0,OBS_20241111_RAJ
2024-11-11,Odisha,20.9517,85.0985,15.8,25.9,25.3,1004.0,62.3,OBS_20241111_ODI
2024-11-11,Assam,26.2006,92.9376,14.9,23.9,13.8,1007.1,68.9,OBS_20241111_ASS
2024-11-11,Punjab,31.1471,75.3412,0.0,21.7,10.7,1005.2,47.0,OBS_20241111_PUN
2024-11-11,Tamil Nadu,11.1271,78.6569,87.7,17.7,39.8,996.0,85.8,OBS_20241111_TAM
2024-11-11,Andhra Pradesh,15.9129,79.74,24.8,22.8,9.5,1002.4,58.2,OBS_20241111_AND
2024-11-11,West Bengal,22.9868,87.855,7.9,23.1,16.0,1006.1,47.4,OBS_20241111_WES
2024-11-11,Madhya Pradesh,22.9734,78.6569,13.1,24.3,11.7,998.9,62.6,OBS_20241111_MAD
2024-11-11,Uttar Pradesh,26.8467,80.9462,0.0,21.4,22.0,1006.3,72.0,OBS_20241111_UTT
2024-11-11,Karnataka,15.3173,75.7139,0.0,20.0,16.0,1001.7,67.7,OBS_20241111_KAR
2024-11-11,Himachal Pradesh,31.1048,77.1734,0.0,23.6,11.9,1001.3,65.7,OBS_20241111_HIM
2024-11-11,Bihar,25.0961,85.3131,8.8,23.4,5.8,1006.5,65.7,OBS_20241111_BIH
2024-11-12,Gujarat,22.2587,71.1924,0.0,21.0,17.7,1004.6,52.1,OBS_20241112_GUJ
2024-11-12,Maharashtra,19.7515,75.7139,2.4,21.2,15.3,999.9,54.9,OBS_20241112_MAH
2024-11-12,Kerala,10.8505,76.2711,37.7,18.4,22.0,1005.9,64.9,OBS_20241112_KER
2024-11-12,Rajasthan,27.0238,74.2179,0.0,17.0,19.7,1003.6,59.8,OBS_20241112_RAJ
2024-11-12,Odisha,20.9517,85.0985,0.0,21.9,14.5,1004.6,46.5,OBS_20241112_ODI
2024-11-12,Assam,26.2006,92.9376,0.0,22.1,21.4,1002.1,61.1,OBS_20241112_ASS
2024-11-12,Punjab,31.1471,75.3412,0.0,17.5,14.7,1003.2,55.5,OBS_20241112_PUN
2024-11-12,Tamil Nadu,11.1271,78.6569,72.0,18.9,44.4,992.9,93.2,OBS_20241112_TAM
2024-11-12,Andhra Pradesh,15.9129,79.74,0.0,22.0,10.4,1003.0,54.8,OBS_20241112_AND
2024-11-12,West Bengal,22.9868,87.855,31.6,21.7,12.8,1005.4,62.1,OBS_20241112_WES
2024-11-12,Madhya Pradesh,22.9734,78.6569,0.0,24.1,13.0,1002.1,55.0,OBS_20241112_MAD
2024-11-12,Uttar Pradesh,26.8467,80.9462,0.0,22.1,18.0,1008.9,63.6,OBS_20241112_UTT
2024-11-12,Karnataka,15.3173,75.7139,0.0,27.3,21.3,1003.5,65.3,OBS_20241112_KAR
2024-11-12,Himachal Pradesh,31.1048,77.1734,9.1,26.3,8.1,1004.2,62.4,OBS_20241112_HIM
2024-11-12,Bihar,25.0961,85.3131,1.5,20.9,20.7,1003.4,54.8,OBS_20241112_BIH
2024-11-13,Gujarat,22.2587,71.1924,0.0,21.2,13.1,1004.2,61.1,OBS_20241113_GUJ
2024-11-13,Maharashtra,19.7515,75.7139,0.0,22.7,8.8,997.9,58.5,OBS_20241113_MAH
2024-11-13,Kerala,10.8505,76.2711,0.0,19.1,17.9,1004.5,57.7,OBS_20241113_KER
2024-11-13,Rajasthan,27.0238,74.2179,0.0,24.4,13.5,1005.5,65.0,OBS_20241113_RAJ
2024-11-13,Odisha,20.9517,85.0985,4.4,24.6,19.3,1002.8,48.3,OBS_20241113_ODI
2024-11-13,Assam,26.2006,92.9376,0.0,22.2,14.2,1001.6,57.2,OBS_20241113_ASS
2024-11-13,Punjab,31.1471,75.3412,6.4,22.9,19.9,1004.6,60.4,OBS_20241113_PUN
2024-11-13,Tamil Nadu,11.1271,78.6569,0.0,17.0,34.6,992.9,91.9,OBS_20241113_TAM
2024-11-13,Andhra Pradesh,15.9129,79.74,12.5,24.9,17.1,1001.4,53.9,OBS_20241113_AND
2024-11-13,West Bengal,22.9868,87.855,8.5,27.2,15.6,1001.9,55.4,OBS_20241113_WES
2024-11-13,Madhya Pradesh,22.9734,78.6569,133.5,21.4,16.7,1003.0,52.8,OBS_20241113_MAD
2024-11-13,Uttar Pradesh,26.8467,80.9462,4.6,24.8,14.0,1007.4,71.7,OBS_20241113_UTT
2024-11-13,Karnataka,15.3173,75.7139,4.9,25.7,13.4,1003.7,60.7,OBS_20241113_KAR
2024-11-13,Himachal Pradesh,31.1048,77.1734,0.0,20.9,16.4,1003.5,66.0,OBS_20241113_HIM
2024-11-13,Bihar,25.0961,85.3131,0.0,26.4,12.7,1005.4,59.9,OBS_20241113_BIH
2024-11-14,Gujarat,22.2587,71.1924,8.8,25.8,14.9,1002.1,69.3,OBS_20241114_GUJ
2024-11-14,Maharashtra,19.7515,75.7139,1.5,21.4,17.2,1001.4,61.2,OBS_20241114_MAH
2024-11-14,Kerala,10.8505,76.2711,0.0,24.0,9.6,1002.8,61.5,OBS_20241114_KER
2024-11-14,Rajasthan,27.0238,74.2179,10.9,24.3,20.2,1002.0,60.0,OBS_20241114_RAJ
2024-11-14,Odisha,20.9517,85.0985,4.0,20.4,13.9,1005.8,55.4,OBS_20241114_ODI
2024-11-14,Assam,26.2006,92.9376,0.0,24.1,16.9,1001.3,67.1,OBS_20241114_ASS
2024-11-14,Punjab,31.1471,75.3412,0.0,20.3,14.9,1005.1,59.2,OBS_20241114_PUN
2024-11-14,Tamil Nadu,11.1271,78.6569,51.5,15.1,37.7,991.9,92.3,OBS_20241114_TAM
2024-11-14,Andhra Pradesh,15.9129,79.74,0.0,19.6,20.2,1005.9,54.9,OBS_20241114_AND
2024-11-14,West Bengal,22.9868,87.855,26.5,22.8,15.4,1001.4,55.3,OBS_20241114_WES
2024-11-14,Madhya Pradesh,22.9734,78.6569,0.0,23.7,10.2,1007.7,57.5,OBS_20241114_MAD
2024-11-14,Uttar Pradesh,26.8467,80.9462,4.1,17.1,8.8,1007.7,61.5,OBS_20241114_UTT
2024-11-14,Karnataka,15.3173,75.7139,29.3,19.2,18.1,1001.0,55.6,OBS_20241114_KAR
2024-11-14,Himachal Pradesh,31.1048,77.1734,0.0,24.3,16.4,1007.0,59.4,OBS_20241114_HIM
2024-11-14,Bihar,25.0961,85.3131,12.6,24.1,20.3,1004.2,56.4,OBS_20241114_BIH
2024-11-15,Gujarat,22.2587,71.1924,0.0,23.1,10.1,1003.4,59.3,OBS_20241115_GUJ
2024-11-15,Maharashtra,19.7515,75.7139,8.4,19.0,16.1,1003.0,66.1,OBS_20241115_MAH
2024-11-15,Kerala,10.8505,76.2711,5.9,22.6,15.5,1005.1,57.8,OBS_20241115_KER
2024-11-15,Rajasthan,27.0238,74.2179,0.0,22.2,5.7,1002.7,61.5,OBS_20241115_RAJ
2024-11-15,Odisha,20.9517,85.0985,5.0,21.8,21.2,1006.7,51.4,OBS_20241115_ODI
2024-11-15,Assam,26.2006,92.9376,0.0,25.7,16.4,1003.8,64.1,OBS_20241115_ASS
2024-11-15,Punjab,31.1471,75.3412,8.4,22.0,17.5,1002.7,61.5,OBS_20241115_PUN
2024-11-15,Tamil Nadu,11.1271,78.6569,22.4,18.3,36.1,992.6,92.1,OBS_20241115_TAM
2024-11-15,Andhra Pradesh,15.9129,79.74,23.7,25.0,14.7,1003.6,71.9,OBS_20241115_AND
2024-11-15,West Bengal,22.9868,87.855,0.0,19.2,14.4,1003.6,68.2,OBS_20241115_WES
2024-11-15,Madhya Pradesh,22.9734,78.6569,2.6,22.4,18.7,1005.7,59.5,OBS_20241115_MAD
2024-11-15,Uttar Pradesh,26.8467,80.9462,18.0,22.6,13.3,1005.4,61.2,OBS_20241115_UTT
2024-11-15,Karnataka,15.3173,75.7139,0.0,22.0,15.5,1006.7,59.8,OBS_20241115_KAR
2024-11-15,Himachal Pradesh,31.1048,77.1734,0.0,23.8,18.8,1004.1,59.1,OBS_20241115_HIM
2024-11-15,Bihar,25.0961,85.3131,2.1,27.4,14.2,1006.0,56.4,OBS_20241115_BIH
2024-11-16,Gujarat,22.2587,71.1924,0.0,22.2,11.6,1006.4,54.1,OBS_20241116_GUJ
2024-11-16,Maharashtra,19.7515,75.7139,20.7,22.3,15.0,1004.6,67.5,OBS_20241116_MAH
2024-11-16,Kerala,10.8505,76.2711,51.3,24.1,10.7,1005.1,58.8,OBS_20241116_KER
2024-11-16,Rajasthan,27.0238,74.2179,5.4,24.5,13.5,1003.9,58.8,OBS_20241116_RAJ
2024-11-16,Odisha,20.9517,85.0985,26.8,20.1,15.6,1006.4,61.6,OBS_20241116_ODI
2024-11-16,Assam,26.2006,92.9376,77.7,23.6,14.0,1004.7,60.3,OBS_20241116_ASS
2024-11-16,Punjab,31.1471,75.3412,11.7,20.0,10.5,1004.6,58.4,OBS_20241116_PUN
2024-11-16,Tamil Nadu,11.1271,78.6569,0.0,17.0,42.8,995.9,91.7,OBS_20241116_TAM
2024-11-16,Andhra Pradesh,15.9129,79.74,5.2,19.6,10.2,1004.5,68.9,OBS_20241116_AND
2024-11-16,West Bengal,22.9868,87.855,0.0,20.3,13.5,1006.1,51.7,OBS_20241116_WES
2024-11-16,Madhya Pradesh,22.9734,78.6569,2.8,24.9,11.7,1003.3,61.3,OBS_20241116_MAD
2024-11-16,Uttar Pradesh,26.8467,80.9462,0.0,21.5,7.3,1003.1,55.3,OBS_20241116_UTT
2024-11-16,Karnataka,15.3173,75.7139,34.4,24.2,17.8,1004.9,49.7,OBS_20241116_KAR
2024-11-16,Himachal Pradesh,31.1048,77.1734,10.6,25.5,14.0,1005.4,61.7,OBS_20241116_HIM
2024-11-16,Bihar,25.0961,85.3131,0.4,18.4,10.2,1007.9,55.4,OBS_20241116_BIH
2024-11-17,Gujarat,22.2587,71.1924,0.0,20.7,7.0,1007.3,57.1,OBS_20241117_GUJ
2024-11-17,Maharashtra,19.7515,75.7139,1.8,22.7,11.0,1005.4,64.6,OBS_20241117_MAH
2024-11-17,Kerala,10.8505,76.2711,0.0,22.1,11.8,1001.9,62.2,OBS_20241117_KER
2024-11-17,Rajasthan,27.0238,74.2179,0.0,25.8,11.1,1003.1,59.9,OBS_20241117_RAJ
2024-11-17,Odisha,20.9517,85.0985,35.0,27.6,13.4,1005.3,57.5,OBS_20241117_ODI
2024-11-17,Assam,26.2006,92.9376,8.4,20.5,5.5,1000.4,50.0,OBS_20241117_ASS
2024-11-17,Punjab,31.1471,75.3412,0.0,23.8,16.1,1003.6,54.8,OBS_20241117_PUN
2024-11-17,Tamil Nadu,11.1271,78.6569,14.3,15.2,38.8,996.9,88.2,OBS_20241117_TAM
2024-11-17,Andhra Pradesh,15.9129,79.74,0.0,23.2,13.3,1003.4,54.1,OBS_20241117_AND
2024-11-17,West Bengal,22.9868,87.855,0.0,25.3,20.8,999.6,52.8,OBS_20241117_WES
2024-11-17,Madhya Pradesh,22.9734,78.6569,1.5,23.7,15.9,1004.5,60.8,OBS_20241117_MAD
2024-11-17,Uttar Pradesh,26.8467,80.9462,1.1,19.8,12.1,1004.6,50.5,OBS_20241117_UTT
2024-11-17,Karnataka,15.3173,75.7139,18.3,22.0,14.0,1008.8,57.3,OBS_20241117_KAR
2024-11-17,Himachal Pradesh,31.1048,77.1734,9.1,17.5,15.7,1007.7,71.5,OBS_20241117_HIM
2024-11-17,Bihar,25.0961,85.3131,0.0,27.0,11.9,1005.1,64.3,OBS_20241117_BIH
2024-11-18,Gujarat,22.2587,71.1924,2.9,23.1,19.2,999.9,50.8,OBS_20241118_GUJ
2024-11-18,Maharashtra,19.7515,75.7139,0.0,23.7,18.3,1004.0,60.8,OBS_20241118_MAH
2024-11-18,Kerala,10.8505,76.2711,5.4,23.2,12.8,1008.6,64.2,OBS_20241118_KER
2024-11-18,Rajasthan,27.0238,74.2179,15.3,22.2,18.9,1005.4,53.3,OBS_20241118_RAJ
2024-11-18,Odisha,20.9517,85.0985,0.0,17.9,21.2,1007.5,62.0,OBS_20241118_ODI
2024-11-18,Assam,26.2006,92.9376,56.1,25.0,14.3,1000.3,57.2,OBS_20241118_ASS
2024-11-18,Punjab,31.1471,75.3412,7.1,23.4,11.7,1004.3,46.3,OBS_20241118_PUN
2024-11-18,Tamil Nadu,11.1271,78.6569,3.6,19.3,32.7,991.3,100.0,OBS_20241118_TAM
2024-11-18,Andhra Pradesh,15.9129,79.74,0.0,23.7,12.3,1003.9,77.9,OBS_20241118_AND
2024-11-18,West Bengal,22.9868,87.855,8.5,17.4,14.4,1006.9,44.5,OBS_20241118_WES
2024-11-18,Madhya Pradesh,22.9734,78.6569,14.6,14.8,15.0,1004.1,59.3,OBS_20241118_MAD
2024-11-18,Uttar Pradesh,26.8467,80.9462,31.9,19.5,23.0,1003.4,61.7,OBS_20241118_UTT
2024-11-18,Karnataka,15.3173,75.7139,0.0,24.5,19.1,1006.3,70.4,OBS_20241118_KAR
2024-11-18,Himachal Pradesh,31.1048,77.1734,0.0,26.6,17.3,1004.8,62.8,OBS_20241118_HIM
2024-11-18,Bihar,25.0961,85.3131,24.8,20.8,11.2,1003.6,65.5,OBS_20241118_BIH
2024-11-19,Gujarat,22.2587,71.1924,8.6,24.5,13.7,1001.7,69.1,OBS_20241119_GUJ
2024-11-19,Maharashtra,19.7515,75.7139,7.8,18.3,14.6,1005.8,63.2,OBS_20241119_MAH
2024-11-19,Kerala,10.8505,76.2711,12.8,23.3,16.7,1005.0,66.0,OBS_20241119_KER
2024-11-19,Rajasthan,27.0238,74.2179,16.3,21.5,14.4,1006.3,56.6,OBS_20241119_RAJ
2024-11-19,Odisha,20.9517,85.0985,106.5,21.4,17.1,1003.4,61.7,OBS_20241119_ODI
2024-11-19,Assam,26.2006,92.9376,8.0,17.0,15.0,1002.3,53.0,OBS_20241119_ASS
2024-11-19,Punjab,31.1471,75.3412,9.8,22.4,9.5,1008.0,61.4,OBS_20241119_PUN
2024-11-19,Tamil Nadu,11.1271,78.6569,70.4,16.6,40.0,994.1,99.7,OBS_20241119_TAM
2024-11-19,Andhra Pradesh,15.9129,79.74,6.5,22.6,17.7,1003.3,63.5,OBS_20241119_AND
2024-11-19,West Bengal,22.9868,87.855,2.5,24.6,17.1,1003.8,65.7,OBS_20241119_WES
2024-11-19,Madhya Pradesh,22.9734,78.6569,1.4,26.5,14.4,1006.7,49.3,OBS_20241119_MAD
2024-11-19,Uttar Pradesh,26.8467,80.9462,21.8,19.8,12.0,1004.3,59.2,OBS_20241119_UTT
2024-11-19,Karnataka,15.3173,75.7139,13.7,24.1,14.2,1006.7,68.8,OBS_20241119_KAR
2024-11-19,Himachal Pradesh,31.1048,77.1734,0.0,26.3,12.0,1004.9,64.1,OBS_20241119_HIM
2024-11-19,Bihar,25.0961,85.3131,6.8,20.7,12.0,1003.8,53.7,OBS_20241119_BIH
2024-11-20,Gujarat,22.2587,71.1924,0.0,22.4,19.0,1006.0,57.9,OBS_20241120_GUJ
2024-11-20,Maharashtra,19.7515,75.7139,0.0,20.7,13.3,1004.5,74.9,OBS_20241120_MAH
2024-11-20,Kerala,10.8505,76.2711,7.3,20.4,13.5,1003.0,62.1,OBS_20241120_KER
2024-11-20,Rajasthan,27.0238,74.2179,0.0,19.7,14.2,1003.1,64.9,OBS_20241120_RAJ
2024-11-20,Odisha,20.9517,85.0985,0.0,19.9,17.4,1002.6,70.3,OBS_20241120_ODI
2024-11-20,Assam,26.2006,92.9376,12.5,22.7,18.6,1005.5,70.3,OBS_20241120_ASS
2024-11-20,Punjab,31.1471,75.3412,10.3,23.6,19.1,1002.4,51.5,OBS_20241120_PUN
2024-11-20,Tamil Nadu,11.1271,78.6569,0.4,16.5,33.2,990.4,94.2,OBS_20241120_TAM
2024-11-20,Andhra Pradesh,15.9129,79.74,0.0,22.6,15.4,1004.3,71.7,OBS_20241120_AND
2024-11-20,West Bengal,22.9868,87.855,8.5,24.6,23.3,1005.5,60.8,OBS_20241120_WES
2024-11-20,Madhya Pradesh,22.9734,78.6569,1.7,20.9,9.3,1003.2,61.3,OBS_20241120_MAD
2024-11-20,Uttar Pradesh,26.8467,80.9462,9.4,19.3,13.7,1007.0,72.6,OBS_20241120_UTT
2024-11-20,Karnataka,15.3173,75.7139,3.3,22.2,12.1,1007.0,54.3,OBS_20241120_KAR
2024-11-20,Himachal Pradesh,31.1048,77.1734,0.0,24.8,11.9,1004.8,60.5,OBS_20241120_HIM
2024-11-20,Bihar,25.0961,85.3131,12.2,25.5,10.5,1005.5,62.4,OBS_20241120_BIH
2024-11-21,Gujarat,22.2587,71.1924,0.0,22.4,16.8,1008.2,65.9,OBS_20241121_GUJ
2024-11-21,Maharashtra,19.7515,75.7139,0.0,22.5,15.8,1002.3,61.6,OBS_20241121_MAH
2024-11-21,Kerala,10.8505,76.2711,6.3,24.3,18.1,1002.1,63.2,OBS_20241121_KER
2024-11-21,Rajasthan,27.0238,74.2179,0.0,20.0,14.7,1005.3,60.5,OBS_20241121_RAJ
2024-11-21,Odisha,20.9517,85.0985,10.0,25.7,14.8,1004.7,42.5,OBS_20241121_ODI
2024-11-21,Assam,26.2006,92.9376,0.0,21.4,12.0,1007.3,57.2,OBS_20241121_ASS
2024-11-21,Punjab,31.1471,75.3412,0.0,24.3,12.9,1005.1,54.6,OBS_20241121_PUN
2024-11-21,Tamil Nadu,11.1271,78.6569,0.0,17.8,42.5,991.6,100.0,OBS_20241121_TAM
2024-11-21,Andhra Pradesh,15.9129,79.74,0.0,18.8,19.0,1006.4,69.5,OBS_20241121_AND
2024-11-21,West Bengal,22.9868,87.855,11.8,23.3,11.9,1003.0,62.3,OBS_20241121_WES
2024-11-21,Madhya Pradesh,22.9734,78.6569,7.3,18.3,17.9,1005.0,62.9,OBS_20241121_MAD
2024-11-21,Uttar Pradesh,26.8467,80.9462,20.3,21.2,15.2,1007.7,62.3,OBS_20241121_UTT
2024-11-21,Karnataka,15.3173,75.7139,16.0,24.0,16.3,1003.9,59.1,OBS_20241121_KAR
2024-11-21,Himachal Pradesh,31.1048,77.1734,4.3,19.5,19.1,1003.0,54.8,OBS_20241121_HIM
2024-11-21,Bihar,25.0961,85.3131,0.0,16.4,14.9,1005.8,44.8,OBS_20241121_BIH
2024-11-22,Gujarat,22.2587,71.1924,0.0,21.3,17.0,1005.2,58.2,OBS_20241122_GUJ
2024-11-22,Maharashtra,19.7515,75.7139,40.9,18.7,16.1,999.8,70.7,OBS_20241122_MAH
2024-11-22,Kerala,10.8505,76.2711,7.9,24.0,6.9,1006.9,59.5,OBS_20241122_KER
2024-11-22,Rajasthan,27.0238,74.2179,0.0,18.6,13.7,1002.2,63.9,OBS_20241122_RAJ
2024-11-22,Odisha,20.9517,85.0985,0.0,22.5,9.9,998.8,54.4,OBS_20241122_ODI
2024-11-22,Assam,26.2006,92.9376,155.5,17.8,9.6,1005.0,44.6,OBS_20241122_ASS
2024-11-22,Punjab,31.1471,75.3412,0.0,22.4,16.6,1008.1,61.2,OBS_20241122_PUN
2024-11-22,Tamil Nadu,11.1271,78.6569,19.5,18.3,34.8,994.6,88.1,OBS_20241122_TAM
2024-11-22,Andhra Pradesh,15.9129,79.74,0.5,21.6,15.6,1005.6,60.5,OBS_20241122_AND
2024-11-22,West Bengal,22.9868,87.855,0.0,26.8,22.3,1000.1,55.1,OBS_20241122_WES
2024-11-22,Madhya Pradesh,22.9734,78.6569,2.8,23.8,23.8,1005.3,62.8,OBS_20241122_MAD
2024-11-22,Uttar Pradesh,26.8467,80.9462,12.3,21.9,16.9,1004.3,64.4,OBS_20241122_UTT
2024-11-22,Karnataka,15.3173,75.7139,12.0,20.1,17.0,1003.1,56.3,OBS_20241122_KAR
2024-11-22,Himachal Pradesh,31.1048,77.1734,0.0,20.8,14.3,1002.2,61.1,OBS_20241122_HIM
2024-11-22,Bihar,25.0961,85.3131,0.0,26.0,13.2,1000.7,67.7,OBS_20241122_BIH
2024-11-23,Gujarat,22.2587,71.1924,0.0,20.7,19.8,1004.1,48.4,OBS_20241123_GUJ
2024-11-23,Maharashtra,19.7515,75.7139,2.2,20.2,14.4,1003.5,57.7,OBS_20241123_MAH
2024-11-23,Kerala,10.8505,76.2711,0.0,24.8,18.8,1003.6,52.5,OBS_20241123_KER
2024-11-23,Rajasthan,27.0238,74.2179,0.0,23.9,11.1,1004.4,50.0,OBS_20241123_RAJ
2024-11-23,Odisha,20.9517,85.0985,6.8,23.2,19.0,1003.9,42.7,OBS_20241123_ODI
2024-11-23,Assam,26.2006,92.9376,5.5,23.0,19.7,1004.2,64.1,OBS_20241123_ASS
2024-11-23,Punjab,31.1471,75.3412,9.1,21.2,9.7,1002.1,55.4,OBS_20241123_PUN
2024-11-23,Tamil Nadu,11.1271,78.6569,107.4,18.7,40.2,994.1,95.9,OBS_20241123_TAM
2024-11-23,Andhra Pradesh,15.9129,79.74,0.4,24.2,11.8,1005.9,52.4,OBS_20241123_AND
2024-11-23,West Bengal,22.9868,87.855,28.8,23.3,11.1,1005.7,45.4,OBS_20241123_WES
2024-11-23,Madhya Pradesh,22.9734,78.6569,1.3,23.3,14.9,1002.9,67.8,OBS_20241123_MAD
2024-11-23,Uttar Pradesh,26.8467,80.9462,0.0,21.4,13.1,1001.7,69.1,OBS_20241123_UTT
2024-11-23,Karnataka,15.3173,75.7139,13.3,22.5,14.6,1004.9,61.4,OBS_20241123_KAR
2024-11-23,Himachal Pradesh,31.1048,77.1734,0.0,23.1,13.6,1004.1,62.9,OBS_20241123_HIM
2024-11-23,Bihar,25.0961,85.3131,8.7,21.7,17.1,1006.2,70.3,OBS_20241123_BIH
2024-11-24,Gujarat,22.2587,71.1924,8.9,21.7,14.1,1008.3,65.0,OBS_20241124_GUJ
2024-11-24,Maharashtra,19.7515,75.7139,0.0,21.6,16.0,1002.6,65.4,OBS_20241124_MAH
2024-11-24,Kerala,10.8505,76.2711,8.8,24.0,12.9,1005.5,52.6,OBS_20241124_KER
2024-11-24,Rajasthan,27.0238,74.2179,5.9,22.3,11.6,1002.5,68.2,OBS_20241124_RAJ
2024-11-24,Odisha,20.9517,85.0985,6.8,17.5,20.5,1006.1,58.7,OBS_20241124_ODI
2024-11-24,Assam,26.2006,92.9376,3.7,17.7,16.5,1002.1,56.0,OBS_20241124_ASS
2024-11-24,Punjab,31.1471,75.3412,5.9,21.9,14.6,1003.9,76.2,OBS_20241124_PUN
2024-11-24,Tamil Nadu,11.1271,78.6569,58.0,15.5,41.4,995.9,92.6,OBS_20241124_TAM
2024-11-24,Andhra Pradesh,15.9129,79.74,5.4,24.8,9.5,1004.6,61.5,OBS_20241124_AND
2024-11-24,West Bengal,22.9868,87.855,5.3,25.6,13.1,1008.1,52.7,OBS_20241124_WES
2024-11-24,Madhya Pradesh,22.9734,78.6569,5.5,19.2,18.7,1005.6,52.9,OBS_20241124_MAD
2024-11-24,Uttar Pradesh,26.8467,80.9462,0.0,15.1,9.0,1005.6,59.1,OBS_20241124_UTT
2024-11-24,Karnataka,15.3173,75.7139,20.1,24.1,8.1,1003.0,57.7,OBS_20241124_KAR
2024-11-24,Himachal Pradesh,31.1048,77.1734,0.0,24.5,15.7,1003.4,67.9,OBS_20241124_HIM
2024-11-24,Bihar,25.0961,85.3131,0.0,22.5,16.5,1003.4,69.4,OBS_20241124_BIH
2024-11-25,Gujarat,22.2587,71.1924,0.0,24.2,16.0,1004.6,54.1,OBS_20241125_GUJ
2024-11-25,Maharashtra,19.7515,75.7139,5.3,21.1,17.9,1006.8,65.4,OBS_20241125_MAH
2024-11-25,Kerala,10.8505,76.2711,3.4,24.0,15.2,1006.4,49.8,OBS_20241125_KER
2024-11-25,Rajasthan,27.0238,74.2179,3.6,21.2,14.1,1003.4,64.0,OBS_20241125_RAJ
2024-11-25,Odisha,20.9517,85.0985,44.3,23.2,12.5,1003.4,49.9,OBS_20241125_ODI
2024-11-25,Assam,26.2006,92.9376,0.0,23.3,18.8,1006.2,49.5,OBS_20241125_ASS
2024-11-25,Punjab,31.1471,75.3412,0.1,24.2,15.2,1005.1,65.0,OBS_20241125_PUN
2024-11-25,Tamil Nadu,11.1271,78.6569,120.6,14.1,35.7,990.6,95.8,OBS_20241125_TAM
2024-11-25,Andhra Pradesh,15.9129,79.74,8.1,22.7,12.8,1004.1,65.6,OBS_20241125_AND
2024-11-25,West Bengal,22.9868,87.855,25.9,27.3,17.6,1006.7,69.9,OBS_20241125_WES
2024-11-25,Madhya Pradesh,22.9734,78.6569,0.0,23.7,21.5,1006.2,63.0,OBS_20241125_MAD
2024-11-25,Uttar Pradesh,26.8467,80.9462,0.0,22.0,14.5,1005.6,54.4,OBS_20241125_UTT
2024-11-25,Karnataka,15.3173,75.7139,21.2,23.9,13.9,1005.3,51.3,OBS_20241125_KAR
2024-11-25,Himachal Pradesh,31.1048,77.1734,0.0,20.5,14.1,1003.0,57.6,OBS_20241125_HIM
2024-11-25,Bihar,25.0961,85.3131,6.9,24.0,15.4,1005.4,62.4,OBS_20241125_BIH
2024-11-26,Gujarat,22.2587,71.1924,0.0,19.7,13.5,1004.4,77.6,OBS_20241126_GUJ
2024-11-26,Maharashtra,19.7515,75.7139,1.3,23.1,13.4,1005.6,50.2,OBS_20241126_MAH
2024-11-26,Kerala,10.8505,76.2711,0.0,20.4,18.8,1001.5,61.4,OBS_20241126_KER
2024-11-26,Rajasthan,27.0238,74.2179,8.5,26.2,14.2,1004.2,61.0,OBS_20241126_RAJ
2024-11-26,Odisha,20.9517,85.0985,0.0,19.6,12.6,1004.0,58.5,OBS_20241126_ODI
2024-11-26,Assam,26.2006,92.9376,1.6,21.3,14.8,1004.8,71.8,OBS_20241126_ASS
2024-11-26,Punjab,31.1471,75.3412,2.3,23.6,21.0,1005.2,69.0,OBS_20241126_PUN
2024-11-26,Tamil Nadu,11.1271,78.6569,13.0,21.2,34.5,992.6,100.0,OBS_20241126_TAM
2024-11-26,Andhra Pradesh,15.9129,79.74,6.4,23.6,15.1,1003.2,57.1,OBS_20241126_AND
2024-11-26,West Bengal,22.9868,87.855,0.0,16.0,20.8,1008.0,53.9,OBS_20241126_WES
2024-11-26,Madhya Pradesh,22.9734,78.6569,1.9,26.2,14.6,1002.8,64.8,OBS_20241126_MAD
2024-11-26,Uttar Pradesh,26.8467,80.9462,6.7,19.6,18.4,1005.5,62.5,OBS_20241126_UTT
2024-11-26,Karnataka,15.3173,75.7139,7.1,22.5,17.0,1006.1,61.4,OBS_20241126_KAR
2024-11-26,Himachal Pradesh,31.1048,77.1734,1.9,22.9,15.1,1006.6,61.2,OBS_20241126_HIM
2024-11-26,Bihar,25.0961,85.3131,0.0,19.2,21.0,1008.2,69.6,OBS_20241126_BIH
2024-11-27,Gujarat,22.2587,71.1924,0.0,23.1,22.7,1004.7,63.4,OBS_20241127_GUJ
2024-11-27,Maharashtra,19.7515,75.7139,0.0,16.8,19.3,1002.5,51.2,OBS_20241127_MAH
2024-11-27,Kerala,10.8505,76.2711,24.7,24.3,11.7,1007.6,74.4,OBS_20241127_KER
2024-11-27,Rajasthan,27.0238,74.2179,3.1,18.4,12.6,1008.8,52.9,OBS_20241127_RAJ
2024-11-27,Odisha,20.9517,85.0985,0.0,22.1,20.9,1005.9,71.5,OBS_20241127_ODI
2024-11-27,Assam,26.2006,92.9376,0.0,23.7,16.3,1006.7,50.1,OBS_20241127_ASS
2024-11-27,Punjab,31.1471,75.3412,0.0,22.7,16.0,1005.6,59.4,OBS_20241127_PUN
2024-11-27,Tamil Nadu,11.1271,78.6569,105.5,16.4,38.5,990.9,100.0,OBS_20241127_TAM
2024-11-27,Andhra Pradesh,15.9129,79.74,0.0,21.2,9.9,1004.7,77.8,OBS_20241127_AND
2024-11-27,West Bengal,22.9868,87.855,0.0,19.8,17.6,1003.6,64.9,OBS_20241127_WES
2024-11-27,Madhya Pradesh,22.9734,78.6569,1.0,22.6,14.9,1005.5,58.2,OBS_20241127_MAD
2024-11-27,Uttar Pradesh,26.8467,80.9462,9.1,22.7,8.8,1004.0,57.1,OBS_20241127_UTT
2024-11-27,Karnataka,15.3173,75.7139,13.9,21.4,7.5,1002.4,62.1,OBS_20241127_KAR
2024-11-27,Himachal Pradesh,31.1048,77.1734,22.4,19.9,21.7,1002.4,74.5,OBS_20241127_HIM
2024-11-27,Bihar,25.0961,85.3131,0.0,22.1,17.3,1007.3,54.3,OBS_20241127_BIH
2024-11-28,Gujarat,22.2587,71.1924,2.4,28.9,12.7,1007.1,63.8,OBS_20241128_GUJ
2024-11-28,Maharashtra,19.7515,75.7139,10.9,18.9,9.3,1005.5,65.7,OBS_20241128_MAH
2024-11-28,Kerala,10.8505,76.2711,2.7,20.5,15.0,1005.3,63.0,OBS_20241128_KER
2024-11-28,Rajasthan,27.0238,74.2179,12.5,21.1,13.0,1003.9,74.0,OBS_20241128_RAJ
2024-11-28,Odisha,20.9517,85.0985,0.0,20.5,18.3,1006.6,66.1,OBS_20241128_ODI
2024-11-28,Assam,26.2006,92.9376,0.0,22.0,8.5,1003.1,68.2,OBS_20241128_ASS
2024-11-28,Punjab,31.1471,75.3412,4.3,18.7,14.8,1006.6,59.2,OBS_20241128_PUN
2024-11-28,Tamil Nadu,11.1271,78.6569,110.7,17.9,36.8,988.7,100.0,OBS_20241128_TAM
2024-11-28,Andhra Pradesh,15.9129,79.74,0.0,24.3,17.9,1006.1,66.5,OBS_20241128_AND
2024-11-28,West Bengal,22.9868,87.855,0.0,27.9,13.7,1008.4,65.1,OBS_20241128_WES
2024-11-28,Madhya Pradesh,22.9734,78.6569,3.2,22.3,16.7,1005.6,63.6,OBS_20241128_MAD
2024-11-28,Uttar Pradesh,26.8467,80.9462,0.0,24.4,8.6,1001.2,58.6,OBS_20241128_UTT
2024-11-28,Karnataka,15.3173,75.7139,1.4,24.8,16.7,1006.1,70.4,OBS_20241128_KAR
2024-11-28,Himachal Pradesh,31.1048,77.1734,0.0,22.2,16.7,1002.0,54.0,OBS_20241128_HIM
2024-11-28,Bihar,25.0961,85.3131,6.6,19.4,15.3,1005.0,51.3,OBS_20241128_BIH
2024-11-29,Gujarat,22.2587,71.1924,26.2,21.7,19.0,1005.4,74.3,OBS_20241129_GUJ
2024-11-29,Maharashtra,19.7515,75.7139,2.9,21.3,20.7,1006.2,63.6,OBS_20241129_MAH
2024-11-29,Kerala,10.8505,76.2711,0.0,21.5,14.9,1004.3,63.3,OBS_20241129_KER
2024-11-29,Rajasthan,27.0238,74.2179,7.1,22.7,15.1,1006.5,62.5,OBS_20241129_RAJ
2024-11-29,Odisha,20.9517,85.0985,0.0,20.5,12.2,1007.8,69.5,OBS_20241129_ODI
2024-11-29,Assam,26.2006,92.9376,21.8,20.2,13.4,1004.4,58.7,OBS_20241129_ASS
2024-11-29,Punjab,31.1471,75.3412,0.0,20.3,15.9,1003.9,57.3,OBS_20241129_PUN
2024-11-29,Tamil Nadu,11.1271,78.6569,109.7,19.9,44.4,993.7,92.6,OBS_20241129_TAM
2024-11-29,Andhra Pradesh,15.9129,79.74,0.0,25.0,6.0,1005.0,57.1,OBS_20241129_AND
2024-11-29,West Bengal,22.9868,87.855,1.9,19.5,10.3,1004.8,70.8,OBS_20241129_WES
2024-11-29,Madhya Pradesh,22.9734,78.6569,0.0,20.6,15.0,1002.6,60.2,OBS_20241129_MAD
2024-11-29,Uttar Pradesh,26.8467,80.9462,4.5,22.7,17.0,1005.5,54.5,OBS_20241129_UTT
2024-11-29,Karnataka,15.3173,75.7139,24.5,20.8,22.5,1004.8,67.8,OBS_20241129_KAR
2024-11-29,Himachal Pradesh,31.1048,77.1734,0.0,24.8,17.1,1007.2,62.4,OBS_20241129_HIM
2024-11-29,Bihar,25.0961,85.3131,0.0,23.9,17.3,1003.7,66.1,OBS_20241129_BIH
2024-11-30,Gujarat,22.2587,71.1924,2.6,22.7,15.6,1003.4,64.9,OBS_20241130_GUJ
2024-11-30,Maharashtra,19.7515,75.7139,0.0,26.1,12.3,1002.5,58.2,OBS_20241130_MAH
2024-11-30,Kerala,10.8505,76.2711,0.0,20.1,13.7,1006.8,69.2,OBS_20241130_KER
2024-11-30,Rajasthan,27.0238,74.2179,0.0,19.6,10.6,1004.6,53.1,OBS_20241130_RAJ
2024-11-30,Odisha,20.9517,85.0985,0.0,23.3,21.9,1003.3,71.4,OBS_20241130_ODI
2024-11-30,Assam,26.2006,92.9376,0.0,19.9,17.1,1003.7,64.3,OBS_20241130_ASS
2024-11-30,Punjab,31.1471,75.3412,0.0,19.6,6.9,1006.0,62.2,OBS_20241130_PUN
2024-11-30,Tamil Nadu,11.1271,78.6569,78.3,17.0,47.0,993.2,95.4,OBS_20241130_TAM
2024-11-30,Andhra Pradesh,15.9129,79.74,0.0,22.6,13.5,1007.2,56.2,OBS_20241130_AND
2024-11-30,West Bengal,22.9868,87.855,16.9,21.5,19.9,1005.9,69.3,OBS_20241130_WES
2024-11-30,Madhya Pradesh,22.9734,78.6569,0.0,19.5,20.6,1005.9,65.2,OBS_20241130_MAD
2024-11-30,Uttar Pradesh,26.8467,80.9462,0.0,20.3,13.6,1005.8,54.1,OBS_20241130_UTT
2024-11-30,Karnataka,15.3173,75.7139,3.9,19.9,10.5,1007.0,57.4,OBS_20241130_KAR
2024-11-30,Himachal Pradesh,31.1048,77.1734,0.0,20.2,17.3,1004.8,62.4,OBS_20241130_HIM
2024-11-30,Bihar,25.0961,85.3131,7.3,18.7,14.4,1005.3,66.2,OBS_20241130_BIH
2024-12-01,Gujarat,22.2587,71.1924,0.0,22.4,17.7,1006.5,65.0,OBS_20241201_GUJ
2024-12-01,Maharashtra,19.7515,75.7139,3.9,20.9,10.1,1005.9,57.8,OBS_20241201_MAH
2024-12-01,Kerala,10.8505,76.2711,0.0,16.6,12.6,1003.4,62.2,OBS_20241201_KER
2024-12-01,Rajasthan,27.0238,74.2179,0.0,23.6,11.1,1004.3,53.6,OBS_20241201_RAJ
2024-12-01,Odisha,20.9517,85.0985,23.7,21.4,18.0,1004.3,79.2,OBS_20241201_ODI
2024-12-01,Assam,26.2006,92.9376,0.0,24.3,11.0,1002.6,61.6,OBS_20241201_ASS
2024-12-01,Punjab,31.1471,75.3412,9.5,21.9,7.0,1006.8,58.5,OBS_20241201_PUN
2024-12-01,Tamil Nadu,11.1271,78.6569,16.0,19.1,30.7,994.8,100.0,OBS_20241201_TAM
2024-12-01,Andhra Pradesh,15.9129,79.74,0.0,19.5,13.8,1003.6,69.2,OBS_20241201_AND
2024-12-01,West Bengal,22.9868,87.855,0.0,22.6,10.7,1007.6,57.2,OBS_20241201_WES
2024-12-01,Madhya Pradesh,22.9734,78.6569,16.5,20.0,18.2,1002.3,56.4,OBS_20241201_MAD
2024-12-01,Uttar Pradesh,26.8467,80.9462,0.0,19.1,13.4,1008.6,71.8,OBS_20241201_UTT
2024-12-01,Karnataka,15.3173,75.7139,0.0,21.8,17.2,1004.6,64.4,OBS_20241201_KAR
2024-12-01,Himachal Pradesh,31.1048,77.1734,3.3,24.1,13.1,1009.0,63.8,OBS_20241201_HIM
2024-12-01,Bihar,25.0961,85.3131,3.3,17.8,21.3,1001.3,60.1,OBS_20241201_BIH
2024-12-02,Gujarat,22.2587,71.1924,0.0,18.6,19.8,1005.5,59.6,OBS_20241202_GUJ
2024-12-02,Maharashtra,19.7515,75.7139,3.3,26.9,17.4,1005.0,50.7,OBS_20241202_MAH
2024-12-02,Kerala,10.8505,76.2711,0.0,20.2,13.7,1005.7,79.3,OBS_20241202_KER
2024-12-02,Rajasthan,27.0238,74.2179,6.6,13.8,21.3,1003.2,67.1,OBS_20241202_RAJ
2024-12-02,Odisha,20.9517,85.0985,18.5,18.3,18.4,1001.4,62.3,OBS_20241202_ODI
2024-12-02,Assam,26.2006,92.9376,3.7,23.1,18.9,1005.3,67.8,OBS_20241202_ASS
2024-12-02,Punjab,31.1471,75.3412,0.0,18.5,20.2,1004.8,57.5,OBS_20241202_PUN
2024-12-02,Tamil Nadu,11.1271,78.6569,0.0,16.4,35.9,990.0,99.6,OBS_20241202_TAM
2024-12-02,Andhra Pradesh,15.9129,79.74,0.0,25.0,12.6,1004.5,57.0,OBS_20241202_AND
2024-12-02,West Bengal,22.9868,87.855,0.0,17.0,11.9,1005.6,66.2,OBS_20241202_WES
2024-12-02,Madhya Pradesh,22.9734,78.6569,0.7,22.0,9.9,1004.5,72.2,OBS_20241202_MAD
2024-12-02,Uttar Pradesh,26.8467,80.9462,0.0,22.5,14.7,1002.6,57.8,OBS_20241202_UTT
2024-12-02,Karnataka,15.3173,75.7139,1.2,21.5,15.1,1005.6,62.5,OBS_20241202_KAR
2024-12-02,Himachal Pradesh,31.1048,77.1734,0.0,27.1,16.4,1006.2,63.7,OBS_20241202_HIM
2024-12-02,Bihar,25.0961,85.3131,0.0,25.4,16.6,1001.3,59.1,OBS_20241202_BIH
2024-12-03,Gujarat,22.2587,71.1924,0.0,21.3,11.6,1004.6,75.8,OBS_20241203_GUJ
2024-12-03,Maharashtra,19.7515,75.7139,0.0,20.9,14.9,1005.5,63.5,OBS_20241203_MAH
2024-12-03,Kerala,10.8505,76.2711,0.0,22.0,15.5,1006.8,62.7,OBS_20241203_KER
2024-12-03,Rajasthan,27.0238,74.2179,6.0,21.8,11.2,1003.8,51.4,OBS_20241203_RAJ
2024-12-03,Odisha,20.9517,85.0985,0.0,22.8,17.9,1001.7,63.4,OBS_20241203_ODI
2024-12-03,Assam,26.2006,92.9376,4.6,23.9,4.6,1003.2,66.0,OBS_20241203_ASS
2024-12-03,Punjab,31.1471,75.3412,5.0,22.3,19.3,1003.8,67.9,OBS_20241203_PUN
2024-12-03,Tamil Nadu,11.1271,78.6569,2.5,18.9,36.3,990.3,97.7,OBS_20241203_TAM
2024-12-03,Andhra Pradesh,15.9129,79.74,2.9,25.0,15.9,1001.7,63.2,OBS_20241203_AND
2024-12-03,West Bengal,22.9868,87.855,0.0,21.7,17.5,1005.4,60.0,OBS_20241203_WES
2024-12-03,Madhya Pradesh,22.9734,78.6569,0.0,20.0,21.3,1007.0,43.5,OBS_20241203_MAD
2024-12-03,Uttar Pradesh,26.8467,80.9462,8.3,21.7,15.9,1001.7,55.2,OBS_20241203_UTT
2024-12-03,Karnataka,15.3173,75.7139,41.3,24.6,20.7,1005.8,58.7,OBS_20241203_KAR
2024-12-03,Himachal Pradesh,31.1048,77.1734,0.0,18.4,8.6,1001.6,56.1,OBS_20241203_HIM
2024-12-03,Bihar,25.0961,85.3131,7.5,22.5,17.8,1004.0,63.7,OBS_20241203_BIH
2024-12-04,Gujarat,22.2587,71.1924,0.0,19.4,12.5,1005.1,63.5,OBS_20241204_GUJ
2024-12-04,Maharashtra,19.7515,75.7139,135.2,22.0,17.0,1004.9,47.9,OBS_20241204_MAH
2024-12-04,Kerala,10.8505,76.2711,6.3,22.5,9.6,1003.7,52.7,OBS_20241204_KER
2024-12-04,Rajasthan,27.0238,74.2179,5.1,20.0,17.4,1003.8,61.8,OBS_20241204_RAJ
2024-12-04,Odisha,20.9517,85.0985,28.4,19.6,5.7,1004.3,60.8,OBS_20241204_ODI
2024-12-04,Assam,26.2006,92.9376,12.8,18.9,18.2,1004.7,63.1,OBS_20241204_ASS
2024-12-04,Punjab,31.1471,75.3412,8.2,21.8,14.8,1003.7,59.4,OBS_20241204_PUN
2024-12-04,Tamil Nadu,11.1271,78.6569,0.0,13.0,29.7,994.1,90.4,OBS_20241204_TAM
2024-12-04,Andhra Pradesh,15.9129,79.74,7.3,20.8,16.2,1002.2,62.6,OBS_20241204_AND
2024-12-04,West Bengal,22.9868,87.855,0.0,21.0,14.5,1004.5,60.4,OBS_20241204_WES
2024-12-04,Madhya Pradesh,22.9734,78.6569,0.8,19.5,19.9,1005.2,60.8,OBS_20241204_MAD
2024-12-04,Uttar Pradesh,26.8467,80.9462,0.0,22.5,23.2,1004.8,56.6,OBS_20241204_UTT
2024-12-04,Karnataka,15.3173,75.7139,1.0,21.2,11.6,1006.7,67.6,OBS_20241204_KAR
2024-12-04,Himachal Pradesh,31.1048,77.1734,8.8,20.6,20.9,998.7,52.6,OBS_20241204_HIM
2024-12-04,Bihar,25.0961,85.3131,0.0,19.3,20.3,1006.6,75.8,OBS_20241204_BIH
2024-12-05,Gujarat,22.2587,71.1924,23.5,28.7,14.1,1007.3,68.4,OBS_20241205_GUJ
2024-12-05,Maharashtra,19.7515,75.7139,3.9,20.1,18.8,1005.6,67.9,OBS_20241205_MAH
2024-12-05,Kerala,10.8505,76.2711,0.0,21.0,9.5,1004.2,61.4,OBS_20241205_KER
2024-12-05,Rajasthan,27.0238,74.2179,0.0,15.8,6.4,1003.7,62.3,OBS_20241205_RAJ
2024-12-05,Odisha,20.9517,85.0985,0.0,20.0,17.5,1001.9,58.2,OBS_20241205_ODI
2024-12-05,Assam,26.2006,92.9376,11.0,23.2,5.3,1005.1,51.1,OBS_20241205_ASS
2024-12-05,Punjab,31.1471,75.3412,0.0,20.4,10.5,1003.6,59.1,OBS_20241205_PUN
2024-12-05,Tamil Nadu,11.1271,78.6569,0.0,17.4,35.3,990.9,94.0,OBS_20241205_TAM
2024-12-05,Andhra Pradesh,15.9129,79.74,0.0,18.4,20.1,1003.6,67.2,OBS_20241205_AND
2024-12-05,West Bengal,22.9868,87.855,0.7,15.9,23.9,1001.7,45.8,OBS_20241205_WES
2024-12-05,Madhya Pradesh,22.9734,78.6569,0.0,18.6,16.4,1004.0,51.2,OBS_20241205_MAD
2024-12-05,Uttar Pradesh,26.8467,80.9462,0.0,17.0,12.7,1003.8,70.5,OBS_20241205_UTT
2024-12-05,Karnataka,15.3173,75.7139,29.5,23.2,14.9,1004.4,56.6,OBS_20241205_KAR
2024-12-05,Himachal Pradesh,31.1048,77.1734,0.0,23.4,8.4,1002.5,61.9,OBS_20241205_HIM
2024-12-05,Bihar,25.0961,85.3131,2.6,25.2,15.2,1007.7,63.7,OBS_20241205_BIH
2024-12-06,Gujarat,22.2587,71.1924,4.4,21.8,11.0,1004.4,66.7,OBS_20241206_GUJ
2024-12-06,Maharashtra,19.7515,75.7139,0.0,25.1,12.1,1002.9,60.9,OBS_20241206_MAH
2024-12-06,Kerala,10.8505,76.2711,4.7,22.7,19.2,1003.8,64.5,OBS_20241206_KER
2024-12-06,Rajasthan,27.0238,74.2179,0.0,19.4,17.6,1006.1,64.8,OBS_20241206_RAJ
2024-12-06,Odisha,20.9517,85.0985,0.0,21.4,15.5,1009.5,55.4,OBS_20241206_ODI
2024-12-06,Assam,26.2006,92.9376,0.0,22.9,17.6,1003.9,59.0,OBS_20241206_ASS
2024-12-06,Punjab,31.1471,75.3412,0.0,21.7,9.7,1003.0,71.7,OBS_20241206_PUN
2024-12-06,Tamil Nadu,11.1271,78.6569,123.8,13.3,37.7,995.9,100.0,OBS_20241206_TAM
2024-12-06,Andhra Pradesh,15.9129,79.74,15.6,21.6,17.8,1003.5,65.1,OBS_20241206_AND
2024-12-06,West Bengal,22.9868,87.855,0.0,17.2,15.5,1005.2,58.4,OBS_20241206_WES
2024-12-06,Madhya Pradesh,22.9734,78.6569,13.0,20.2,17.7,1006.7,56.6,OBS_20241206_MAD
2024-12-06,Uttar Pradesh,26.8467,80.9462,7.9,20.7,14.4,1004.4,60.7,OBS_20241206_UTT
2024-12-06,Karnataka,15.3173,75.7139,1.0,23.0,17.6,1004.7,64.9,OBS_20241206_KAR
2024-12-06,Himachal Pradesh,31.1048,77.1734,5.3,20.0,18.0,1005.1,61.1,OBS_20241206_HIM
2024-12-06,Bihar,25.0961,85.3131,10.7,17.8,8.2,1004.2,60.8,OBS_20241206_BIH
2024-12-07,Gujarat,22.2587,71.1924,0.0,23.7,15.5,1003.9,59.4,OBS_20241207_GUJ
2024-12-07,Maharashtra,19.7515,75.7139,15.7,25.1,9.9,1002.7,68.4,OBS_20241207_MAH
2024-12-07,Kerala,10.8505,76.2711,2.4,23.4,23.6,1006.0,63.6,OBS_20241207_KER
2024-12-07,Rajasthan,27.0238,74.2179,8.4,21.7,18.3,1000.5,74.0,OBS_20241207_RAJ
2024-12-07,Odisha,20.9517,85.0985,0.0,20.5,13.6,1006.9,69.5,OBS_20241207_ODI
2024-12-07,Assam,26.2006,92.9376,0.0,19.3,8.0,1006.5,64.1,OBS_20241207_ASS
2024-12-07,Punjab,31.1471,75.3412,8.8,24.2,6.6,1002.6,75.9,OBS_20241207_PUN
2024-12-07,Tamil Nadu,11.1271,78.6569,0.0,15.8,38.3,995.1,89.0,OBS_20241207_TAM
2024-12-07,Andhra Pradesh,15.9129,79.74,4.1,22.3,15.5,1007.3,58.4,OBS_20241207_AND
2024-12-07,West Bengal,22.9868,87.855,18.4,17.9,13.0,1005.5,72.5,OBS_20241207_WES
2024-12-07,Madhya Pradesh,22.9734,78.6569,0.0,25.1,7.9,1000.1,66.5,OBS_20241207_MAD
2024-12-07,Uttar Pradesh,26.8467,80.9462,14.3,21.2,17.9,1002.3,55.6,OBS_20241207_UTT
2024-12-07,Karnataka,15.3173,75.7139,15.6,23.0,11.0,1006.2,54.4,OBS_20241207_KAR
2024-12-07,Himachal Pradesh,31.1048,77.1734,0.9,21.2,20.3,1006.0,76.9,OBS_20241207_HIM
2024-12-07,Bihar,25.0961,85.3131,6.1,22.1,13.9,1004.9,68.0,OBS_20241207_BIH
2024-12-08,Gujarat,22.2587,71.1924,115.2,20.4,15.9,1007.3,60.7,OBS_20241208_GUJ
2024-12-08,Maharashtra,19.7515,75.7139,35.9,21.6,25.0,1001.7,61.5,OBS_20241208_MAH
2024-12-08,Kerala,10.8505,76.2711,0.0,22.0,15.6,1004.2,64.8,OBS_20241208_KER
2024-12-08,Rajasthan,27.0238,74.2179,6.7,20.7,22.2,1003.6,59.6,OBS_20241208_RAJ
2024-12-08,Odisha,20.9517,85.0985,0.0,19.6,10.3,1002.2,58.3,OBS_20241208_ODI
2024-12-08,Assam,26.2006,92.9376,0.0,22.2,17.7,1004.9,53.7,OBS_20241208_ASS
2024-12-08,Punjab,31.1471,75.3412,0.0,18.5,13.6,1004.7,65.9,OBS_20241208_PUN
2024-12-08,Tamil Nadu,11.1271,78.6569,78.5,13.3,37.4,995.9,83.8,OBS_20241208_TAM
2024-12-08,Andhra Pradesh,15.9129,79.74,0.0,19.7,18.6,1006.2,63.1,OBS_20241208_AND
2024-12-08,West Bengal,22.9868,87.855,0.0,20.5,9.6,1004.1,69.1,OBS_20241208_WES
2024-12-08,Madhya Pradesh,22.9734,78.6569,0.0,22.9,17.7,1005.5,44.4,OBS_20241208_MAD
2024-12-08,Uttar Pradesh,26.8467,80.9462,3.7,21.5,10.3,1005.7,62.7,OBS_20241208_UTT
2024-12-08,Karnataka,15.3173,75.7139,10.7,21.7,17.0,1005.5,64.5,OBS_20241208_KAR
2024-12-08,Himachal Pradesh,31.1048,77.1734,5.4,22.3,14.9,1005.0,61.6,OBS_20241208_HIM
2024-12-08,Bihar,25.0961,85.3131,0.0,17.8,10.1,1007.0,69.5,OBS_20241208_BIH
2024-12-09,Gujarat,22.2587,71.1924,0.1,22.0,12.4,1004.9,60.3,OBS_20241209_GUJ
2024-12-09,Maharashtra,19.7515,75.7139,3.6,21.8,12.3,1006.6,52.6,OBS_20241209_MAH
2024-12-09,Kerala,10.8505,76.2711,3.9,22.3,11.9,1007.3,56.5,OBS_20241209_KER
2024-12-09,Rajasthan,27.0238,74.2179,5.0,19.1,16.7,1005.9,60.0,OBS_20241209_RAJ
2024-12-09,Odisha,20.9517,85.0985,16.8,17.7,16.9,1003.1,58.5,OBS_20241209_ODI
2024-12-09,Assam,26.2006,92.9376,32.6,21.0,14.7,1004.4,49.0,OBS_20241209_ASS
2024-12-09,Punjab,31.1471,75.3412,22.6,18.8,8.2,1003.5,63.0,OBS_20241209_PUN
2024-12-09,Tamil Nadu,11.1271,78.6569,48.5,21.2,37.5,994.1,93.7,OBS_20241209_TAM
2024-12-09,Andhra Pradesh,15.9129,79.74,12.3,18.1,16.7,1004.8,63.5,OBS_20241209_AND
2024-12-09,West Bengal,22.9868,87.855,11.9,18.9,12.1,1003.3,68.8,OBS_20241209_WES
2024-12-09,Madhya Pradesh,22.9734,78.6569,18.6,18.7,15.4,1001.8,57.6,OBS_20241209_MAD
2024-12-09,Uttar Pradesh,26.8467,80.9462,0.0,14.8,18.3,1005.7,64.2,OBS_20241209_UTT
2024-12-09,Karnataka,15.3173,75.7139,0.0,20.1,18.8,1006.0,55.9,OBS_20241209_KAR
2024-12-09,Himachal Pradesh,31.1048,77.1734,0.0,25.4,16.3,1002.5,58.3,OBS_20241209_HIM
2024-12-09,Bihar,25.0961,85.3131,8.4,22.1,14.1,1004.9,65.4,OBS_20241209_BIH
2024-12-10,Gujarat,22.2587,71.1924,3.0,22.4,22.2,1002.0,59.8,OBS_20241210_GUJ
2024-12-10,Maharashtra,19.7515,75.7139,0.0,18.2,15.9,1005.7,61.4,OBS_20241210_MAH
2024-12-10,Kerala,10.8505,76.2711,0.0,20.7,14.6,1003.9,63.3,OBS_20241210_KER
2024-12-10,Rajasthan,27.0238,74.2179,0.0,16.9,19.1,1003.5,63.0,OBS_20241210_RAJ
2024-12-10,Odisha,20.9517,85.0985,3.3,22.1,18.7,1006.4,74.5,OBS_20241210_ODI
2024-12-10,Assam,26.2006,92.9376,4.6,23.1,14.6,1004.3,62.1,OBS_20241210_ASS
2024-12-10,Punjab,31.1471,75.3412,7.0,21.7,12.6,1006.2,60.9,OBS_20241210_PUN
2024-12-10,Tamil Nadu,11.1271,78.6569,112.0,20.0,41.4,997.2,100.0,OBS_20241210_TAM
2024-12-10,Andhra Pradesh,15.9129,79.74,0.1,22.4,18.7,1005.7,52.0,OBS_20241210_AND
2024-12-10,West Bengal,22.9868,87.855,21.5,20.1,21.8,1004.9,52.0,OBS_20241210_WES
2024-12-10,Madhya Pradesh,22.9734,78.6569,0.0,19.4,17.1,1002.7,61.2,OBS_20241210_MAD
2024-12-10,Uttar Pradesh,26.8467,80.9462,2.2,24.9,16.8,1002.5,69.6,OBS_20241210_UTT
2024-12-10,Karnataka,15.3173,75.7139,0.0,22.1,14.3,1004.2,60.8,OBS_20241210_KAR
2024-12-10,Himachal Pradesh,31.1048,77.1734,0.0,20.5,12.3,1003.1,67.5,OBS_20241210_HIM
2024-12-10,Bihar,25.0961,85.3131,6.6,16.5,18.4,1002.2,47.4,OBS_20241210_BIH
2024-12-11,Gujarat,22.2587,71.1924,0.0,24.7,8.7,1007.0,51.2,OBS_20241211_GUJ
2024-12-11,Maharashtra,19.7515,75.7139,8.4,22.5,16.7,1005.2,55.4,OBS_20241211_MAH
2024-12-11,Kerala,10.8505,76.2711,8.4,24.6,12.8,1004.5,42.4,OBS_20241211_KER
2024-12-11,Rajasthan,27.0238,74.2179,8.9,16.7,7.8,1005.2,62.2,OBS_20241211_RAJ
2024-12-11,Odisha,20.9517,85.0985,2.0,22.7,12.6,1004.8,62.7,OBS_20241211_ODI
2024-12-11,Assam,26.2006,92.9376,5.0,24.5,13.2,1004.9,48.9,OBS_20241211_ASS
2024-12-11,Punjab,31.1471,75.3412,12.5,21.5,12.1,1005.2,60.8,OBS_20241211_PUN
2024-12-11,Tamil Nadu,11.1271,78.6569,3.2,19.3,36.3,991.6,91.0,OBS_20241211_TAM
2024-12-11,Andhra Pradesh,15.9129,79.74,6.0,16.6,12.4,1006.1,66.7,OBS_20241211_AND
2024-12-11,West Bengal,22.9868,87.855,13.8,23.7,11.9,1009.0,52.2,OBS_20241211_WES
2024-12-11,Madhya Pradesh,22.9734,78.6569,0.5,19.0,15.1,1010.9,57.1,OBS_20241211_MAD
2024-12-11,Uttar Pradesh,26.8467,80.9462,14.9,19.5,9.1,1005.0,55.0,OBS_20241211_UTT
2024-12-11,Karnataka,15.3173,75.7139,0.0,22.3,13.9,1009.9,45.2,OBS_20241211_KAR
2024-12-11,Himachal Pradesh,31.1048,77.1734,12.1,19.0,11.6,1007.7,50.9,OBS_20241211_HIM
2024-12-11,Bihar,25.0961,85.3131,0.3,18.1,21.1,1005.4,53.6,OBS_20241211_BIH
2024-12-12,Gujarat,22.2587,71.1924,0.0,17.2,16.7,1007.3,53.4,OBS_20241212_GUJ
2024-12-12,Maharashtra,19.7515,75.7139,4.8,23.0,11.7,1006.6,62.3,OBS_20241212_MAH
2024-12-12,Kerala,10.8505,76.2711,4.2,23.7,14.1,1009.6,56.9,OBS_20241212_KER
2024-12-12,Rajasthan,27.0238,74.2179,0.0,19.6,12.2,1004.3,54.7,OBS_20241212_RAJ
2024-12-12,Odisha,20.9517,85.0985,2.3,23.6,11.6,1010.5,49.5,OBS_20241212_ODI
2024-12-12,Assam,26.2006,92.9376,0.0,23.2,9.6,1007.8,69.4,OBS_20241212_ASS
2024-12-12,Punjab,31.1471,75.3412,13.1,22.1,8.2,1008.0,57.6,OBS_20241212_PUN
2024-12-12,Tamil Nadu,11.1271,78.6569,100.5,14.6,36.4,992.8,100.0,OBS_20241212_TAM
2024-12-12,Andhra Pradesh,15.9129,79.74,4.3,19.8,10.3,1003.9,42.4,OBS_20241212_AND
2024-12-12,West Bengal,22.9868,87.855,0.0,22.2,12.3,1004.3,54.5,OBS_20241212_WES
2024-12-12,Madhya Pradesh,22.9734,78.6569,0.0,21.0,14.1,1006.3,66.0,OBS_20241212_MAD
2024-12-12,Uttar Pradesh,26.8467,80.9462,1.7,21.8,17.3,1001.3,61.0,OBS_20241212_UTT
2024-12-12,Karnataka,15.3173,75.7139,0.0,22.6,16.7,1007.0,67.4,OBS_20241212_KAR
2024-12-12,Himachal Pradesh,31.1048,77.1734,7.1,20.8,17.5,1006.1,53.1,OBS_20241212_HIM
2024-12-12,Bihar,25.0961,85.3131,2.5,21.7,12.0,1006.4,53.0,OBS_20241212_BIH
2024-12-13,Gujarat,22.2587,71.1924,0.0,21.1,5.9,1004.7,43.5,OBS_20241213_GUJ
2024-12-13,Maharashtra,19.7515,75.7139,0.0,18.3,12.0,1004.4,51.1,OBS_20241213_MAH
2024-12-13,Kerala,10.8505,76.2711,0.0,19.6,10.7,1009.7,51.2,OBS_20241213_KER
2024-12-13,Rajasthan,27.0238,74.2179,0.0,25.6,10.4,1008.8,65.6,OBS_20241213_RAJ
2024-12-13,Odisha,20.9517,85.0985,0.0,22.3,15.3,1005.9,53.6,OBS_20241213_ODI
2024-12-13,Assam,26.2006,92.9376,0.0,20.7,7.6,1006.8,51.4,OBS_20241213_ASS
2024-12-13,Punjab,31.1471,75.3412,0.0,23.9,16.1,1006.2,44.2,OBS_20241213_PUN
2024-12-13,Tamil Nadu,11.1271,78.6569,31.5,17.6,33.3,993.8,96.7,OBS_20241213_TAM
2024-12-13,Andhra Pradesh,15.9129,79.74,0.1,22.8,11.3,1004.7,53.4,OBS_20241213_AND
2024-12-13,West Bengal,22.9868,87.855,0.0,20.5,15.1,1003.7,50.4,OBS_20241213_WES
2024-12-13,Madhya Pradesh,22.9734,78.6569,8.8,25.2,13.1,1008.0,61.1,OBS_20241213_MAD
2024-12-13,Uttar Pradesh,26.8467,80.9462,0.7,23.0,10.7,1006.4,65.1,OBS_20241213_UTT
2024-12-13,Karnataka,15.3173,75.7139,0.0,25.2,9.7,1005.6,45.5,OBS_20241213_KAR
2024-12-13,Himachal Pradesh,31.1048,77.1734,6.0,19.1,12.3,1003.2,65.7,OBS_20241213_HIM
2024-12-13,Bihar,25.0961,85.3131,0.0,22.9,10.5,999.8,52.4,OBS_20241213_BIH
2024-12-14,Gujarat,22.2587,71.1924,0.0,19.4,5.8,1009.5,61.5,OBS_20241214_GUJ
2024-12-14,Maharashtra,19.7515,75.7139,0.0,17.3,12.7,1009.7,55.0,OBS_20241214_MAH
2024-12-14,Kerala,10.8505,76.2711,0.0,21.8,4.5,1005.9,42.1,OBS_20241214_KER
2024-12-14,Rajasthan,27.0238,74.2179,0.0,23.8,21.3,1006.4,54.6,OBS_20241214_RAJ
2024-12-14,Odisha,20.9517,85.0985,0.5,21.1,7.7,1006.7,47.5,OBS_20241214_ODI
2024-12-14,Assam,26.2006,92.9376,0.0,23.8,13.2,1011.0,47.1,OBS_20241214_ASS
2024-12-14,Punjab,31.1471,75.3412,0.0,23.6,12.8,1008.5,44.6,OBS_20241214_PUN
2024-12-14,Tamil Nadu,11.1271,78.6569,7.0,14.0,32.9,996.3,100.0,OBS_20241214_TAM
2024-12-14,Andhra Pradesh,15.9129,79.74,2.1,25.4,7.7,1004.5,53.2,OBS_20241214_AND
2024-12-14,West Bengal,22.9868,87.855,0.0,22.6,14.3,1005.9,53.4,OBS_20241214_WES
2024-12-14,Madhya Pradesh,22.9734,78.6569,0.0,21.7,14.1,1006.2,59.0,OBS_20241214_MAD
2024-12-14,Uttar Pradesh,26.8467,80.9462,4.6,20.7,12.0,1005.6,63.1,OBS_20241214_UTT
2024-12-14,Karnataka,15.3173,75.7139,2.1,20.7,10.7,1004.4,54.9,OBS_20241214_KAR
2024-12-14,Himachal Pradesh,31.1048,77.1734,0.0,22.9,11.5,1008.6,55.9,OBS_20241214_HIM
2024-12-14,Bihar,25.0961,85.3131,0.0,20.6,11.9,1008.4,54.1,OBS_20241214_BIH
2024-12-15,Gujarat,22.2587,71.1924,0.0,19.7,18.7,1005.7,67.5,OBS_20241215_GUJ
2024-12-15,Maharashtra,19.7515,75.7139,9.1,24.4,15.4,1004.9,44.5,OBS_20241215_MAH
2024-12-15,Kerala,10.8505,76.2711,5.5,22.2,11.6,1008.3,63.5,OBS_20241215_KER
2024-12-15,Rajasthan,27.0238,74.2179,0.0,24.2,12.6,1006.8,64.4,OBS_20241215_RAJ
2024-12-15,Odisha,20.9517,85.0985,4.1,21.4,4.6,1007.5,64.2,OBS_20241215_ODI
2024-12-15,Assam,26.2006,92.9376,0.9,22.7,20.7,1007.4,68.7,OBS_20241215_ASS
2024-12-15,Punjab,31.1471,75.3412,19.8,22.2,8.4,1004.5,69.8,OBS_20241215_PUN
2024-12-15,Tamil Nadu,11.1271,78.6569,127.5,18.3,39.5,992.4,89.5,OBS_20241215_TAM
2024-12-15,Andhra Pradesh,15.9129,79.74,10.7,19.2,19.6,1010.0,55.1,OBS_20241215_AND
2024-12-15,West Bengal,22.9868,87.855,2.0,23.1,15.1,1007.9,52.2,OBS_20241215_WES
2024-12-15,Madhya Pradesh,22.9734,78.6569,10.6,18.3,13.0,1008.3,46.0,OBS_20241215_MAD
2024-12-15,Uttar Pradesh,26.8467,80.9462,1.4,24.5,9.1,1005.6,60.2,OBS_20241215_UTT
2024-12-15,Karnataka,15.3173,75.7139,0.0,20.7,7.2,1000.8,42.4,OBS_20241215_KAR
2024-12-15,Himachal Pradesh,31.1048,77.1734,0.0,24.8,14.2,1005.1,57.7,OBS_20241215_HIM
2024-12-15,Bihar,25.0961,85.3131,12.8,25.3,12.9,1003.8,54.1,OBS_20241215_BIH
2024-12-16,Gujarat,22.2587,71.1924,2.7,22.4,14.3,1006.9,53.4,OBS_20241216_GUJ
2024-12-16,Maharashtra,19.7515,75.7139,0.0,26.7,16.1,1010.7,52.7,OBS_20241216_MAH
2024-12-16,Kerala,10.8505,76.2711,1.6,23.3,6.4,1007.8,55.6,OBS_20241216_KER
2024-12-16,Rajasthan,27.0238,74.2179,0.0,17.9,10.6,1005.1,46.7,OBS_20241216_RAJ
2024-12-16,Odisha,20.9517,85.0985,5.6,25.8,4.0,1004.8,59.7,OBS_20241216_ODI
2024-12-16,Assam,26.2006,92.9376,0.5,22.8,12.9,1007.3,52.1,OBS_20241216_ASS
2024-12-16,Punjab,31.1471,75.3412,21.6,22.5,11.7,1005.4,53.0,OBS_20241216_PUN
2024-12-16,Tamil Nadu,11.1271,78.6569,0.0,15.3,36.0,993.5,83.3,OBS_20241216_TAM
2024-12-16,Andhra Pradesh,15.9129,79.74,0.0,16.3,5.8,1009.9,55.5,OBS_20241216_AND
2024-12-16,West Bengal,22.9868,87.855,15.0,21.0,13.5,1005.3,46.7,OBS_20241216_WES
2024-12-16,Madhya Pradesh,22.9734,78.6569,10.5,21.0,8.1,1009.5,48.6,OBS_20241216_MAD
2024-12-16,Uttar Pradesh,26.8467,80.9462,0.9,17.1,18.5,1006.1,54.9,OBS_20241216_UTT
2024-12-16,Karnataka,15.3173,75.7139,5.9,23.1,13.1,1006.8,56.6,OBS_20241216_KAR
2024-12-16,Himachal Pradesh,31.1048,77.1734,18.4,22.8,11.0,1009.6,64.9,OBS_20241216_HIM
2024-12-16,Bihar,25.0961,85.3131,0.0,22.0,9.9,1005.0,48.7,OBS_20241216_BIH
2024-12-17,Gujarat,22.2587,71.1924,13.1,14.7,6.9,1006.8,51.3,OBS_20241217_GUJ
2024-12-17,Maharashtra,19.7515,75.7139,0.0,22.4,6.7,1004.8,61.4,OBS_20241217_MAH
2024-12-17,Kerala,10.8505,76.2711,0.0,19.5,10.5,1008.9,54.1,OBS_20241217_KER
2024-12-17,Rajasthan,27.0238,74.2179,8.4,22.1,15.2,1009.5,63.0,OBS_20241217_RAJ
2024-12-17,Odisha,20.9517,85.0985,11.1,22.7,20.8,1004.9,42.3,OBS_20241217_ODI
2024-12-17,Assam,26.2006,92.9376,52.1,20.4,15.9,1004.7,55.2,OBS_20241217_ASS
2024-12-17,Punjab,31.1471,75.3412,2.2,21.6,9.1,1005.5,51.4,OBS_20241217_PUN
2024-12-17,Tamil Nadu,11.1271,78.6569,515.0,14.5,35.6,998.5,83.9,OBS_20241217_TAM
2024-12-17,Andhra Pradesh,15.9129,79.74,0.0,18.7,10.2,1008.0,53.9,OBS_20241217_AND
2024-12-17,West Bengal,22.9868,87.855,0.0,19.6,20.4,1003.5,54.7,OBS_20241217_WES
2024-12-17,Madhya Pradesh,22.9734,78.6569,0.0,18.4,14.7,1007.7,63.5,OBS_20241217_MAD
2024-12-17,Uttar Pradesh,26.8467,80.9462,0.0,22.9,11.9,1006.6,53.9,OBS_20241217_UTT
2024-12-17,Karnataka,15.3173,75.7139,0.0,18.2,11.9,1008.0,62.2,OBS_20241217_KAR
2024-12-17,Himachal Pradesh,31.1048,77.1734,25.8,21.1,13.6,1009.9,55.2,OBS_20241217_HIM
2024-12-17,Bihar,25.0961,85.3131,0.0,20.2,14.6,1006.7,58.6,OBS_20241217_BIH
2024-12-18,Gujarat,22.2587,71.1924,23.5,21.7,18.1,1006.9,47.8,OBS_20241218_GUJ
2024-12-18,Maharashtra,19.7515,75.7139,0.0,21.9,4.5,1006.7,46.5,OBS_20241218_MAH
2024-12-18,Kerala,10.8505,76.2711,2.0,21.8,9.7,1009.3,46.5,OBS_20241218_KER
2024-12-18,Rajasthan,27.0238,74.2179,14.1,18.4,9.2,1008.8,51.4,OBS_20241218_RAJ
2024-12-18,Odisha,20.9517,85.0985,7.3,21.1,14.3,1007.4,50.9,OBS_20241218_ODI
2024-12-18,Assam,26.2006,92.9376,36.4,23.5,12.2,1004.6,41.1,OBS_20241218_ASS
2024-12-18,Punjab,31.1471,75.3412,0.0,22.0,17.7,1007.5,58.3,OBS_20241218_PUN
2024-12-18,Tamil Nadu,11.1271,78.6569,26.9,17.3,41.4,993.9,84.6,OBS_20241218_TAM
2024-12-18,Andhra Pradesh,15.9129,79.74,0.0,22.3,12.4,1008.2,52.1,OBS_20241218_AND
2024-12-18,West Bengal,22.9868,87.855,0.0,23.8,12.5,1007.9,36.4,OBS_20241218_WES
2024-12-18,Madhya Pradesh,22.9734,78.6569,0.0,24.2,16.0,1009.3,50.5,OBS_20241218_MAD
2024-12-18,Uttar Pradesh,26.8467,80.9462,13.8,19.9,12.8,1002.8,59.7,OBS_20241218_UTT
2024-12-18,Karnataka,15.3173,75.7139,16.6,19.7,11.0,1005.8,40.5,OBS_20241218_KAR
2024-12-18,Himachal Pradesh,31.1048,77.1734,0.0,21.2,13.0,1003.3,54.9,OBS_20241218_HIM
2024-12-18,Bihar,25.0961,85.3131,0.0,21.6,11.1,1003.5,52.6,OBS_20241218_BIH
2024-12-19,Gujarat,22.2587,71.1924,7.1,15.9,11.0,1003.6,62.8,OBS_20241219_GUJ
2024-12-19,Maharashtra,19.7515,75.7139,94.6,23.9,16.9,1006.9,64.0,OBS_20241219_MAH
2024-12-19,Kerala,10.8505,76.2711,0.0,17.5,14.6,1007.3,49.8,OBS_20241219_KER
2024-12-19,Rajasthan,27.0238,74.2179,5.0,23.6,14.0,1007.4,52.5,OBS_20241219_RAJ
2024-12-19,Odisha,20.9517,85.0985,5.1,26.0,16.5,1005.3,62.8,OBS_20241219_ODI
2024-12-19,Assam,26.2006,92.9376,1.8,21.8,4.4,1007.7,51.8,OBS_20241219_ASS
2024-12-19,Punjab,31.1471,75.3412,0.0,22.9,18.8,1009.0,59.4,OBS_20241219_PUN
2024-12-19,Tamil Nadu,11.1271,78.6569,98.0,13.9,38.1,992.1,98.1,OBS_20241219_TAM
2024-12-19,Andhra Pradesh,15.9129,79.74,0.0,24.9,10.4,1005.0,57.3,OBS_20241219_AND
2024-12-19,West Bengal,22.9868,87.855,0.0,21.2,4.6,1005.8,58.0,OBS_20241219_WES
2024-12-19,Madhya Pradesh,22.9734,78.6569,7.4,25.8,9.8,1005.3,45.9,OBS_20241219_MAD
2024-12-19,Uttar Pradesh,26.8467,80.9462,0.0,21.4,9.3,1002.8,54.3,OBS_20241219_UTT
2024-12-19,Karnataka,15.3173,75.7139,1.5,24.1,10.7,1003.8,56.8,OBS_20241219_KAR
2024-12-19,Himachal Pradesh,31.1048,77.1734,2.1,21.3,6.5,1005.7,40.5,OBS_20241219_HIM
2024-12-19,Bihar,25.0961,85.3131,0.0,22.1,16.1,1001.7,61.3,OBS_20241219_BIH
2024-12-20,Gujarat,22.2587,71.1924,5.2,18.4,10.7,1006.7,50.6,OBS_20241220_GUJ
2024-12-20,Maharashtra,19.7515,75.7139,0.9,23.1,8.0,1006.6,51.3,OBS_20241220_MAH
2024-12-20,Kerala,10.8505,76.2711,3.6,19.2,8.2,1005.0,70.2,OBS_20241220_KER
2024-12-20,Rajasthan,27.0238,74.2179,2.5,23.1,5.4,1000.5,68.8,OBS_20241220_RAJ
2024-12-20,Odisha,20.9517,85.0985,0.0,19.9,18.9,1005.5,46.3,OBS_20241220_ODI
2024-12-20,Assam,26.2006,92.9376,0.0,20.5,5.5,1008.4,68.6,OBS_20241220_ASS
2024-12-20,Punjab,31.1471,75.3412,2.0,20.8,10.1,1002.8,63.3,OBS_20241220_PUN
2024-12-20,Tamil Nadu,11.1271,78.6569,12.4,15.7,41.0,995.1,92.4,OBS_20241220_TAM
2024-12-20,Andhra Pradesh,15.9129,79.74,0.0,20.3,12.4,1009.0,46.4,OBS_20241220_AND
2024-12-20,West Bengal,22.9868,87.855,0.0,24.2,13.2,1007.2,45.0,OBS_20241220_WES
2024-12-20,Madhya Pradesh,22.9734,78.6569,18.1,22.4,10.5,1003.3,51.2,OBS_20241220_MAD
2024-12-20,Uttar Pradesh,26.8467,80.9462,0.0,19.1,12.6,1005.9,61.0,OBS_20241220_UTT
2024-12-20,Karnataka,15.3173,75.7139,0.0,20.4,14.7,1008.7,55.3,OBS_20241220_KAR
2024-12-20,Himachal Pradesh,31.1048,77.1734,4.5,19.9,13.0,1005.7,53.5,OBS_20241220_HIM
2024-12-20,Bihar,25.0961,85.3131,11.5,23.4,15.3,1004.0,57.0,OBS_20241220_BIH
2024-12-21,Gujarat,22.2587,71.1924,0.0,18.7,6.0,1006.3,57.0,OBS_20241221_GUJ
2024-12-21,Maharashtra,19.7515,75.7139,0.0,24.8,10.8,1005.8,60.0,OBS_20241221_MAH
2024-12-21,Kerala,10.8505,76.2711,0.0,20.2,10.5,1004.2,59.5,OBS_20241221_KER
2024-12-21,Rajasthan,27.0238,74.2179,0.0,20.9,10.3,1004.5,58.7,OBS_20241221_RAJ
2024-12-21,Odisha,20.9517,85.0985,0.0,19.2,10.5,1007.0,52.9,OBS_20241221_ODI
2024-12-21,Assam,26.2006,92.9376,0.0,23.1,8.3,1007.0,57.7,OBS_20241221_ASS
2024-12-21,Punjab,31.1471,75.3412,0.0,19.4,5.4,1005.5,55.9,OBS_20241221_PUN
2024-12-21,Tamil Nadu,11.1271,78.6569,0.0,19.4,35.8,992.0,100.0,OBS_20241221_TAM
2024-12-21,Andhra Pradesh,15.9129,79.74,16.8,22.2,12.2,1006.2,56.2,OBS_20241221_AND
2024-12-21,West Bengal,22.9868,87.855,0.0,22.1,8.2,1006.8,66.4,OBS_20241221_WES
2024-12-21,Madhya Pradesh,22.9734,78.6569,13.2,23.4,12.1,1006.6,66.7,OBS_20241221_MAD
2024-12-21,Uttar Pradesh,26.8467,80.9462,2.7,18.3,9.7,1004.7,60.0,OBS_20241221_UTT
2024-12-21,Karnataka,15.3173,75.7139,0.0,19.6,19.2,1007.2,52.3,OBS_20241221_KAR
2024-12-21,Himachal Pradesh,31.1048,77.1734,0.0,18.9,6.2,1009.0,57.5,OBS_20241221_HIM
2024-12-21,Bihar,25.0961,85.3131,0.9,23.8,6.9,1006.6,47.3,OBS_20241221_BIH
2024-12-22,Gujarat,22.2587,71.1924,0.0,17.6,14.7,1008.2,54.5,OBS_20241222_GUJ
2024-12-22,Maharashtra,19.7515,75.7139,0.0,19.1,4.6,1006.5,54.0,OBS_20241222_MAH
2024-12-22,Kerala,10.8505,76.2711,0.0,23.7,7.1,1001.8,64.0,OBS_20241222_KER
2024-12-22,Rajasthan,27.0238,74.2179,0.0,20.7,8.4,1006.4,53.9,OBS_20241222_RAJ
2024-12-22,Odisha,20.9517,85.0985,0.0,18.1,18.0,1005.8,52.8,OBS_20241222_ODI
2024-12-22,Assam,26.2006,92.9376,8.8,21.3,13.3,1007.7,65.8,OBS_20241222_ASS
2024-12-22,Punjab,31.1471,75.3412,0.8,23.4,14.9,1002.6,59.4,OBS_20241222_PUN
2024-12-22,Tamil Nadu,11.1271,78.6569,100.5,12.7,38.0,991.8,99.2,OBS_20241222_TAM
2024-12-22,Andhra Pradesh,15.9129,79.74,19.8,20.5,11.2,1009.2,65.7,OBS_20241222_AND
2024-12-22,West Bengal,22.9868,87.855,0.0,22.5,13.3,1011.0,50.7,OBS_20241222_WES
2024-12-22,Madhya Pradesh,22.9734,78.6569,0.0,19.8,14.5,1006.5,55.1,OBS_20241222_MAD
2024-12-22,Uttar Pradesh,26.8467,80.9462,8.3,18.1,9.2,1009.4,50.5,OBS_20241222_UTT
2024-12-22,Karnataka,15.3173,75.7139,1.1,21.0,9.1,1006.8,60.0,OBS_20241222_KAR
2024-12-22,Himachal Pradesh,31.1048,77.1734,0.0,23.1,12.6,1008.1,51.6,OBS_20241222_HIM
2024-12-22,Bihar,25.0961,85.3131,11.2,22.4,18.0,1010.1,61.7,OBS_20241222_BIH
2024-12-23,Gujarat,22.2587,71.1924,0.0,25.0,9.8,1007.7,39.6,OBS_20241223_GUJ
2024-12-23,Maharashtra,19.7515,75.7139,0.0,21.9,12.1,1005.1,49.0,OBS_20241223_MAH
2024-12-23,Kerala,10.8505,76.2711,0.0,24.0,1.1,1007.4,61.2,OBS_20241223_KER
2024-12-23,Rajasthan,27.0238,74.2179,0.0,23.0,8.1,1006.1,51.2,OBS_20241223_RAJ
2024-12-23,Odisha,20.9517,85.0985,0.0,20.3,20.5,1009.6,60.6,OBS_20241223_ODI
2024-12-23,Assam,26.2006,92.9376,0.0,21.6,11.1,1005.0,62.9,OBS_20241223_ASS
2024-12-23,Punjab,31.1471,75.3412,0.0,21.1,12.9,1006.7,54.4,OBS_20241223_PUN
2024-12-23,Tamil Nadu,11.1271,78.6569,103.2,13.9,34.9,994.8,91.0,OBS_20241223_TAM
2024-12-23,Andhra Pradesh,15.9129,79.74,1.9,22.2,3.4,1007.3,49.9,OBS_20241223_AND
2024-12-23,West Bengal,22.9868,87.855,0.0,22.3,6.1,1004.6,53.0,OBS_20241223_WES
2024-12-23,Madhya Pradesh,22.9734,78.6569,0.0,19.2,20.4,1010.2,55.7,OBS_20241223_MAD
2024-12-23,Uttar Pradesh,26.8467,80.9462,1.9,21.2,17.4,1005.4,58.1,OBS_20241223_UTT
2024-12-23,Karnataka,15.3173,75.7139,9.6,21.8,11.4,1008.0,61.6,OBS_20241223_KAR
2024-12-23,Himachal Pradesh,31.1048,77.1734,0.0,22.0,5.4,1009.5,58.1,OBS_20241223_HIM
2024-12-23,Bihar,25.0961,85.3131,3.7,19.1,11.6,1004.5,50.7,OBS_20241223_BIH
2024-12-24,Gujarat,22.2587,71.1924,0.0,25.6,11.1,1006.4,53.1,OBS_20241224_GUJ
2024-12-24,Maharashtra,19.7515,75.7139,0.0,18.6,10.0,1006.3,47.7,OBS_20241224_MAH
2024-12-24,Kerala,10.8505,76.2711,3.0,21.3,9.3,1001.2,60.7,OBS_20241224_KER
2024-12-24,Rajasthan,27.0238,74.2179,0.0,23.0,14.2,1006.9,46.8,OBS_20241224_RAJ
2024-12-24,Odisha,20.9517,85.0985,8.6,22.4,11.8,1002.7,53.3,OBS_20241224_ODI
2024-12-24,Assam,26.2006,92.9376,2.9,21.7,13.8,1004.6,68.1,OBS_20241224_ASS
2024-12-24,Punjab,31.1471,75.3412,2.0,19.0,4.7,1007.2,48.1,OBS_20241224_PUN
2024-12-24,Tamil Nadu,11.1271,78.6569,48.3,15.4,40.6,994.8,87.9,OBS_20241224_TAM
2024-12-24,Andhra Pradesh,15.9129,79.74,15.5,20.1,10.0,1003.3,52.6,OBS_20241224_AND
2024-12-24,West Bengal,22.9868,87.855,1.4,25.5,16.3,1003.7,50.5,OBS_20241224_WES
2024-12-24,Madhya Pradesh,22.9734,78.6569,13.7,20.6,12.9,1005.5,70.0,OBS_20241224_MAD
2024-12-24,Uttar Pradesh,26.8467,80.9462,0.0,18.8,17.3,1005.5,64.9,OBS_20241224_UTT
2024-12-24,Karnataka,15.3173,75.7139,4.6,22.6,18.5,1003.7,57.4,OBS_20241224_KAR
2024-12-24,Himachal Pradesh,31.1048,77.1734,130.6,19.4,12.4,1006.7,45.3,OBS_20241224_HIM
2024-12-24,Bihar,25.0961,85.3131,0.0,20.9,7.5,1004.2,63.5,OBS_20241224_BIH
2024-12-25,Gujarat,22.2587,71.1924,5.5,20.7,13.2,1007.4,51.1,OBS_20241225_GUJ
2024-12-25,Maharashtra,19.7515,75.7139,0.0,19.8,12.3,1006.0,55.5,OBS_20241225_MAH
2024-12-25,Kerala,10.8505,76.2711,0.0,25.8,7.5,1003.5,57.5,OBS_20241225_KER
2024-12-25,Rajasthan,27.0238,74.2179,9.7,25.0,11.9,1007.2,48.3,OBS_20241225_RAJ
2024-12-25,Odisha,20.9517,85.0985,0.0,19.8,13.6,1005.8,53.7,OBS_20241225_ODI
2024-12-25,Assam,26.2006,92.9376,0.0,18.8,9.7,1004.5,61.2,OBS_20241225_ASS
2024-12-25,Punjab,31.1471,75.3412,0.0,24.0,13.1,1008.2,57.0,OBS_20241225_PUN
2024-12-25,Tamil Nadu,11.1271,78.6569,5.8,13.8,35.7,994.2,89.7,OBS_20241225_TAM
2024-12-25,Andhra Pradesh,15.9129,79.74,0.3,19.8,12.0,1005.1,62.3,OBS_20241225_AND
2024-12-25,West Bengal,22.9868,87.855,0.0,20.2,7.6,1005.1,61.2,OBS_20241225_WES
2024-12-25,Madhya Pradesh,22.9734,78.6569,0.0,23.4,10.2,1009.7,58.7,OBS_20241225_MAD
2024-12-25,Uttar Pradesh,26.8467,80.9462,0.0,22.0,11.1,1008.3,48.8,OBS_20241225_UTT
2024-12-25,Karnataka,15.3173,75.7139,0.0,19.8,14.5,1006.6,50.1,OBS_20241225_KAR
2024-12-25,Himachal Pradesh,31.1048,77.1734,0.0,19.9,14.5,1006.3,60.4,OBS_20241225_HIM
2024-12-25,Bihar,25.0961,85.3131,0.0,18.9,4.8,1004.0,50.1,OBS_20241225_BIH
2024-12-26,Gujarat,22.2587,71.1924,13.0,21.6,7.4,1005.9,65.6,OBS_20241226_GUJ
2024-12-26,Maharashtra,19.7515,75.7139,3.4,21.8,5.9,1010.0,41.5,OBS_20241226_MAH
2024-12-26,Kerala,10.8505,76.2711,0.0,19.4,7.7,1007.0,69.4,OBS_20241226_KER
2024-12-26,Rajasthan,27.0238,74.2179,11.0,23.3,10.0,1006.8,50.2,OBS_20241226_RAJ
2024-12-26,Odisha,20.9517,85.0985,14.7,21.2,9.8,1006.7,41.4,OBS_20241226_ODI
2024-12-26,Assam,26.2006,92.9376,0.3,19.8,16.0,1007.3,56.1,OBS_20241226_ASS
2024-12-26,Punjab,31.1471,75.3412,0.0,20.7,13.3,1005.4,45.6,OBS_20241226_PUN
2024-12-26,Tamil Nadu,11.1271,78.6569,44.7,15.1,32.3,994.9,91.1,OBS_20241226_TAM
2024-12-26,Andhra Pradesh,15.9129,79.74,0.0,22.3,8.1,1007.4,55.5,OBS_20241226_AND
2024-12-26,West Bengal,22.9868,87.855,0.0,19.1,6.3,1006.0,51.2,OBS_20241226_WES
2024-12-26,Madhya Pradesh,22.9734,78.6569,0.0,22.8,8.9,1004.0,48.5,OBS_20241226_MAD
2024-12-26,Uttar Pradesh,26.8467,80.9462,19.0,20.8,12.0,1007.3,56.6,OBS_20241226_UTT
2024-12-26,Karnataka,15.3173,75.7139,6.0,16.8,11.1,1008.1,58.5,OBS_20241226_KAR
2024-12-26,Himachal Pradesh,31.1048,77.1734,0.0,25.1,3.9,1008.0,60.0,OBS_20241226_HIM
2024-12-26,Bihar,25.0961,85.3131,0.0,22.4,13.9,1010.5,51.0,OBS_20241226_BIH
2024-12-27,Gujarat,22.2587,71.1924,0.0,19.8,13.9,1006.7,61.0,OBS_20241227_GUJ
2024-12-27,Maharashtra,19.7515,75.7139,0.1,24.6,8.4,1001.8,51.4,OBS_20241227_MAH
2024-12-27,Kerala,10.8505,76.2711,22.1,17.4,3.5,1003.5,44.0,OBS_20241227_KER
2024-12-27,Rajasthan,27.0238,74.2179,0.0,20.1,6.1,1005.0,48.0,OBS_20241227_RAJ
2024-12-27,Odisha,20.9517,85.0985,0.0,20.9,5.0,1005.7,47.9,OBS_20241227_ODI
2024-12-27,Assam,26.2006,92.9376,0.0,16.7,12.4,1006.1,63.4,OBS_20241227_ASS
2024-12-27,Punjab,31.1471,75.3412,2.9,19.7,13.5,1005.3,47.5,OBS_20241227_PUN
2024-12-27,Tamil Nadu,11.1271,78.6569,2.9,14.2,39.5,993.2,100.0,OBS_20241227_TAM
2024-12-27,Andhra Pradesh,15.9129,79.74,0.0,22.8,12.8,1005.4,58.8,OBS_20241227_AND
2024-12-27,West Bengal,22.9868,87.855,3.1,21.9,3.1,1005.3,42.9,OBS_20241227_WES
2024-12-27,Madhya Pradesh,22.9734,78.6569,6.4,24.2,8.4,1007.9,59.4,OBS_20241227_MAD
2024-12-27,Uttar Pradesh,26.8467,80.9462,3.9,23.8,11.8,1006.8,65.9,OBS_20241227_UTT
2024-12-27,Karnataka,15.3173,75.7139,0.0,21.3,7.5,1008.0,45.4,OBS_20241227_KAR
2024-12-27,Himachal Pradesh,31.1048,77.1734,0.0,13.2,5.7,1007.9,71.3,OBS_20241227_HIM
2024-12-27,Bihar,25.0961,85.3131,0.0,21.8,6.7,1003.2,49.8,OBS_20241227_BIH
2024-12-28,Gujarat,22.2587,71.1924,0.0,23.7,9.4,1007.6,55.4,OBS_20241228_GUJ
2024-12-28,Maharashtra,19.7515,75.7139,4.0,22.3,14.2,1006.0,64.3,OBS_20241228_MAH
2024-12-28,Kerala,10.8505,76.2711,0.0,23.7,14.4,1004.3,49.1,OBS_20241228_KER
2024-12-28,Rajasthan,27.0238,74.2179,0.0,20.4,9.4,1007.6,53.6,OBS_20241228_RAJ
2024-12-28,Odisha,20.9517,85.0985,0.0,18.9,13.3,1006.0,56.2,OBS_20241228_ODI
2024-12-28,Assam,26.2006,92.9376,3.5,22.4,1.0,1002.6,53.0,OBS_20241228_ASS
2024-12-28,Punjab,31.1471,75.3412,0.0,20.8,13.6,1007.7,59.2,OBS_20241228_PUN
2024-12-28,Tamil Nadu,11.1271,78.6569,0.0,12.6,38.8,995.2,100.0,OBS_20241228_TAM
2024-12-28,Andhra Pradesh,15.9129,79.74,8.7,23.2,11.3,1003.5,52.7,OBS_20241228_AND
2024-12-28,West Bengal,22.9868,87.855,14.0,19.0,6.4,1005.0,51.9,OBS_20241228_WES
2024-12-28,Madhya Pradesh,22.9734,78.6569,0.0,23.7,9.7,1010.2,56.2,OBS_20241228_MAD
2024-12-28,Uttar Pradesh,26.8467,80.9462,0.0,24.2,4.9,1004.6,57.7,OBS_20241228_UTT
2024-12-28,Karnataka,15.3173,75.7139,0.0,28.5,13.3,1007.0,53.8,OBS_20241228_KAR
2024-12-28,Himachal Pradesh,31.1048,77.1734,11.6,17.6,14.7,1006.8,54.8,OBS_20241228_HIM
2024-12-28,Bihar,25.0961,85.3131,0.0,16.7,3.2,1009.3,64.1,OBS_20241228_BIH
2024-12-29,Gujarat,22.2587,71.1924,0.2,20.8,11.6,1004.8,54.3,OBS_20241229_GUJ
2024-12-29,Maharashtra,19.7515,75.7139,5.0,20.4,12.1,1008.0,54.4,OBS_20241229_MAH
2024-12-29,Kerala,10.8505,76.2711,0.0,19.3,12.7,1008.3,56.7,OBS_20241229_KER
2024-12-29,Rajasthan,27.0238,74.2179,0.0,23.9,13.3,1002.7,42.9,OBS_20241229_RAJ
2024-12-29,Odisha,20.9517,85.0985,0.1,23.8,6.6,1008.8,64.5,OBS_20241229_ODI
2024-12-29,Assam,26.2006,92.9376,0.0,21.6,15.7,1006.4,58.3,OBS_20241229_ASS
2024-12-29,Punjab,31.1471,75.3412,9.2,17.8,6.0,1005.6,61.6,OBS_20241229_PUN
2024-12-29,Tamil Nadu,11.1271,78.6569,6.0,12.6,37.9,991.9,95.0,OBS_20241229_TAM
2024-12-29,Andhra Pradesh,15.9129,79.74,0.0,18.8,6.6,1006.5,57.0,OBS_20241229_AND
2024-12-29,West Bengal,22.9868,87.855,8.4,20.7,5.9,1007.8,67.5,OBS_20241229_WES
2024-12-29,Madhya Pradesh,22.9734,78.6569,0.0,22.2,13.3,1002.7,48.5,OBS_20241229_MAD
2024-12-29,Uttar Pradesh,26.8467,80.9462,0.0,22.9,7.3,1008.5,51.7,OBS_20241229_UTT
2024-12-29,Karnataka,15.3173,75.7139,3.4,24.0,10.3,1007.1,63.3,OBS_20241229_KAR
2024-12-29,Himachal Pradesh,31.1048,77.1734,0.0,22.6,11.4,1005.0,62.4,OBS_20241229_HIM
2024-12-29,Bihar,25.0961,85.3131,9.3,22.1,8.9,1005.9,51.9,OBS_20241229_BIH
2024-12-30,Gujarat,22.2587,71.1924,0.0,24.6,13.1,1004.6,56.8,OBS_20241230_GUJ
2024-12-30,Maharashtra,19.7515,75.7139,0.0,21.9,6.3,1006.5,59.2,OBS_20241230_MAH
2024-12-30,Kerala,10.8505,76.2711,0.0,21.9,9.4,1006.3,66.0,OBS_20241230_KER
2024-12-30,Rajasthan,27.0238,74.2179,9.7,21.4,10.1,1003.9,67.1,OBS_20241230_RAJ
2024-12-30,Odisha,20.9517,85.0985,9.8,19.6,12.0,1006.8,42.5,OBS_20241230_ODI
2024-12-30,Assam,26.2006,92.9376,0.1,19.7,12.4,1006.5,53.4,OBS_20241230_ASS
2024-12-30,Punjab,31.1471,75.3412,0.0,23.3,6.6,1005.9,55.6,OBS_20241230_PUN
2024-12-30,Tamil Nadu,11.1271,78.6569,151.3,14.9,34.2,992.7,100.0,OBS_20241230_TAM
2024-12-30,Andhra Pradesh,15.9129,79.74,5.6,21.5,10.1,1006.0,55.4,OBS_20241230_AND
2024-12-30,West Bengal,22.9868,87.855,0.0,20.7,5.2,1007.3,54.5,OBS_20241230_WES
2024-12-30,Madhya Pradesh,22.9734,78.6569,16.8,21.4,8.4,1001.8,54.6,OBS_20241230_MAD
2024-12-30,Uttar Pradesh,26.8467,80.9462,6.8,17.8,8.3,1005.8,49.8,OBS_20241230_UTT
2024-12-30,Karnataka,15.3173,75.7139,15.0,20.8,6.9,1005.7,59.2,OBS_20241230_KAR
2024-12-30,Himachal Pradesh,31.1048,77.1734,14.1,22.7,16.7,1006.1,58.1,OBS_20241230_HIM
2024-12-30,Bihar,25.0961,85.3131,0.0,23.1,12.8,1001.3,56.3,OBS_20241230_BIH
2024-12-31,Gujarat,22.2587,71.1924,25.8,18.9,12.3,1005.3,57.8,OBS_20241231_GUJ
2024-12-31,Maharashtra,19.7515,75.7139,0.0,17.5,12.8,1004.0,57.8,OBS_20241231_MAH
2024-12-31,Kerala,10.8505,76.2711,7.2,23.7,14.5,1005.2,44.0,OBS_20241231_KER
2024-12-31,Rajasthan,27.0238,74.2179,0.0,25.0,15.5,1005.4,64.7,OBS_20241231_RAJ
2024-12-31,Odisha,20.9517,85.0985,0.0,21.0,17.9,1004.5,62.2,OBS_20241231_ODI
2024-12-31,Assam,26.2006,92.9376,0.4,21.3,10.9,1010.5,51.3,OBS_20241231_ASS
2024-12-31,Punjab,31.1471,75.3412,0.0,23.4,17.3,1002.8,53.0,OBS_20241231_PUN
2024-12-31,Tamil Nadu,11.1271,78.6569,159.5,15.8,41.1,992.3,100.0,OBS_20241231_TAM
2024-12-31,Andhra Pradesh,15.9129,79.74,0.0,22.7,11.7,1006.1,46.0,OBS_20241231_AND
2024-12-31,West Bengal,22.9868,87.855,5.1,25.8,17.5,1010.3,49.1,OBS_20241231_WES
2024-12-31,Madhya Pradesh,22.9734,78.6569,10.7,22.0,18.3,1007.7,59.8,OBS_20241231_MAD
2024-12-31,Uttar Pradesh,26.8467,80.9462,1.1,19.2,9.5,1004.5,60.6,OBS_20241231_UTT
2024-12-31,Karnataka,15.3173,75.7139,1.5,20.0,11.0,1006.4,54.6,OBS_20241231_KAR
2024-12-31,Himachal Pradesh,31.1048,77.1734,6.3,26.4,12.4,1005.3,57.9,OBS_20241231_HIM
2024-12-31,Bihar,25.0961,85.3131,0.0,25.3,2.5,1008.3,52.1,OBS_20241231_BIH
2025-01-01,Gujarat,22.2587,71.1924,0.0,20.0,18.7,1006.9,64.5,OBS_20250101_GUJ
2025-01-01,Maharashtra,19.7515,75.7139,0.0,21.1,17.5,1010.1,56.4,OBS_20250101_MAH
2025-01-01,Kerala,10.8505,76.2711,2.7,23.2,12.5,1006.3,46.5,OBS_20250101_KER
2025-01-01,Rajasthan,27.0238,74.2179,7.9,22.6,13.1,1003.1,58.3,OBS_20250101_RAJ
2025-01-01,Odisha,20.9517,85.0985,1.9,22.9,10.0,1009.3,47.8,OBS_20250101_ODI
2025-01-01,Assam,26.2006,92.9376,0.0,23.0,20.9,1006.0,63.0,OBS_20250101_ASS
2025-01-01,Punjab,31.1471,75.3412,0.0,20.6,8.2,1006.3,66.3,OBS_20250101_PUN
2025-01-01,Tamil Nadu,11.1271,78.6569,29.8,18.8,31.9,993.3,99.0,OBS_20250101_TAM
2025-01-01,Andhra Pradesh,15.9129,79.74,0.0,18.8,17.2,1007.3,61.2,OBS_20250101_AND
2025-01-01,West Bengal,22.9868,87.855,7.3,20.6,16.3,1007.8,52.5,OBS_20250101_WES
2025-01-01,Madhya Pradesh,22.9734,78.6569,0.0,20.4,6.8,1006.1,53.1,OBS_20250101_MAD
2025-01-01,Uttar Pradesh,26.8467,80.9462,0.0,19.3,12.5,1010.0,50.2,OBS_20250101_UTT
2025-01-01,Karnataka,15.3173,75.7139,24.0,29.7,11.9,1007.6,53.0,OBS_20250101_KAR
2025-01-01,Himachal Pradesh,31.1048,77.1734,0.0,19.9,14.4,1005.8,47.1,OBS_20250101_HIM
2025-01-01,Bihar,25.0961,85.3131,0.0,23.1,11.9,1010.5,50.6,OBS_20250101_BIH
2025-01-02,Gujarat,22.2587,71.1924,6.3,19.8,11.8,1005.0,52.0,OBS_20250102_GUJ
2025-01-02,Maharashtra,19.7515,75.7139,18.8,24.2,11.4,1008.2,56.9,OBS_20250102_MAH
2025-01-02,Kerala,10.8505,76.2711,0.0,21.4,9.1,1006.5,62.6,OBS_20250102_KER
2025-01-02,Rajasthan,27.0238,74.2179,27.9,23.0,8.4,1006.5,68.7,OBS_20250102_RAJ
2025-01-02,Odisha,20.9517,85.0985,5.3,25.5,16.0,1007.9,47.8,OBS_20250102_ODI
2025-01-02,Assam,26.2006,92.9376,0.0,21.7,8.5,1006.3,45.1,OBS_20250102_ASS
2025-01-02,Punjab,31.1471,75.3412,0.0,22.2,21.2,1008.3,55.5,OBS_20250102_PUN
2025-01-02,Tamil Nadu,11.1271,78.6569,0.0,13.7,40.8,996.2,89.2,OBS_20250102_TAM
2025-01-02,Andhra Pradesh,15.9129,79.74,10.6,23.1,8.0,1007.8,60.9,OBS_20250102_AND
2025-01-02,West Bengal,22.9868,87.855,2.6,21.4,13.0,1005.2,66.3,OBS_20250102_WES
2025-01-02,Madhya Pradesh,22.9734,78.6569,13.7,17.3,9.3,1006.0,52.7,OBS_20250102_MAD
2025-01-02,Uttar Pradesh,26.8467,80.9462,8.6,21.7,12.3,1008.9,68.5,OBS_20250102_UTT
2025-01-02,Karnataka,15.3173,75.7139,0.0,21.6,14.4,1007.0,66.0,OBS_20250102_KAR
2025-01-02,Himachal Pradesh,31.1048,77.1734,10.2,20.9,14.8,1005.9,47.0,OBS_20250102_HIM
2025-01-02,Bihar,25.0961,85.3131,13.1,21.1,9.5,1006.1,51.8,OBS_20250102_BIH
2025-01-03,Gujarat,22.2587,71.1924,18.1,19.9,12.8,1006.0,55.0,OBS_20250103_GUJ
2025-01-03,Maharashtra,19.7515,75.7139,7.2,23.0,18.6,1007.5,50.1,OBS_20250103_MAH
2025-01-03,Kerala,10.8505,76.2711,5.4,18.6,9.1,1004.4,54.3,OBS_20250103_KER
2025-01-03,Rajasthan,27.0238,74.2179,11.4,23.7,20.6,1005.3,55.2,OBS_20250103_RAJ
2025-01-03,Odisha,20.9517,85.0985,1.1,20.7,8.3,1010.1,50.6,OBS_20250103_ODI
2025-01-03,Assam,26.2006,92.9376,22.0,21.2,9.1,1004.4,61.0,OBS_20250103_ASS
2025-01-03,Punjab,31.1471,75.3412,0.0,26.6,12.2,1008.0,56.0,OBS_20250103_PUN
2025-01-03,Tamil Nadu,11.1271,78.6569,4.2,14.1,38.1,992.5,83.7,OBS_20250103_TAM
2025-01-03,Andhra Pradesh,15.9129,79.74,7.9,17.5,9.1,1006.9,54.3,OBS_20250103_AND
2025-01-03,West Bengal,22.9868,87.855,0.0,19.5,3.7,1003.7,52.8,OBS_20250103_WES
2025-01-03,Madhya Pradesh,22.9734,78.6569,17.9,21.5,15.9,1003.5,56.7,OBS_20250103_MAD
2025-01-03,Uttar Pradesh,26.8467,80.9462,0.0,21.8,10.9,1006.6,57.7,OBS_20250103_UTT
2025-01-03,Karnataka,15.3173,75.7139,6.2,17.2,7.3,1006.1,43.6,OBS_20250103_KAR
2025-01-03,Himachal Pradesh,31.1048,77.1734,7.5,22.4,12.6,1006.0,64.1,OBS_20250103_HIM
2025-01-03,Bihar,25.0961,85.3131,0.0,22.2,9.8,1004.8,53.5,OBS_20250103_BIH
2025-01-04,Gujarat,22.2587,71.1924,3.4,26.0,11.2,1004.4,56.3,OBS_20250104_GUJ
2025-01-04,Maharashtra,19.7515,75.7139,0.0,21.0,9.6,1006.4,37.9,OBS_20250104_MAH
2025-01-04,Kerala,10.8505,76.2711,5.1,19.5,15.7,1001.8,65.9,OBS_20250104_KER
2025-01-04,Rajasthan,27.0238,74.2179,8.1,19.3,10.7,1004.3,52.6,OBS_20250104_RAJ
2025-01-04,Odisha,20.9517,85.0985,4.5,21.7,13.2,1006.4,51.1,OBS_20250104_ODI
2025-01-04,Assam,26.2006,92.9376,0.0,21.5,14.1,1004.1,65.1,OBS_20250104_ASS
2025-01-04,Punjab,31.1471,75.3412,0.0,19.3,14.8,1004.7,52.7,OBS_20250104_PUN
2025-01-04,Tamil Nadu,11.1271,78.6569,117.9,21.8,38.5,991.3,96.5,OBS_20250104_TAM
2025-01-04,Andhra Pradesh,15.9129,79.74,9.0,17.4,11.2,1005.8,52.1,OBS_20250104_AND
2025-01-04,West Bengal,22.9868,87.855,0.0,18.7,10.6,1002.5,58.9,OBS_20250104_WES
2025-01-04,Madhya Pradesh,22.9734,78.6569,14.4,23.0,8.9,1008.2,51.6,OBS_20250104_MAD
2025-01-04,Uttar Pradesh,26.8467,80.9462,5.6,21.4,9.4,1005.5,57.8,OBS_20250104_UTT
2025-01-04,Karnataka,15.3173,75.7139,0.2,20.0,14.0,1007.7,56.2,OBS_20250104_KAR
2025-01-04,Himachal Pradesh,31.1048,77.1734,14.0,18.5,9.7,1005.9,61.8,OBS_20250104_HIM
2025-01-04,Bihar,25.0961,85.3131,0.0,19.7,13.5,1003.8,64.0,OBS_20250104_BIH
2025-01-05,Gujarat,22.2587,71.1924,2.7,22.5,7.4,1009.3,43.6,OBS_20250105_GUJ
2025-01-05,Maharashtra,19.7515,75.7139,9.9,20.8,7.9,1004.8,56.3,OBS_20250105_MAH
2025-01-05,Kerala,10.8505,76.2711,1.8,22.0,14.5,1003.6,61.8,OBS_20250105_KER
2025-01-05,Rajasthan,27.0238,74.2179,2.1,23.4,5.6,1002.5,61.2,OBS_20250105_RAJ
2025-01-05,Odisha,20.9517,85.0985,0.0,23.1,7.4,1005.7,64.5,OBS_20250105_ODI
2025-01-05,Assam,26.2006,92.9376,0.0,20.2,10.7,1005.3,59.7,OBS_20250105_ASS
2025-01-05,Punjab,31.1471,75.3412,0.0,18.7,14.7,1009.3,63.8,OBS_20250105_PUN
2025-01-05,Tamil Nadu,11.1271,78.6569,18.3,12.7,45.6,994.8,95.0,OBS_20250105_TAM
2025-01-05,Andhra Pradesh,15.9129,79.74,20.9,20.2,7.3,1002.8,56.1,OBS_20250105_AND
2025-01-05,West Bengal,22.9868,87.855,17.2,21.4,8.1,1005.8,55.0,OBS_20250105_WES
2025-01-05,Madhya Pradesh,22.9734,78.6569,0.8,21.6,9.9,1000.6,58.2,OBS_20250105_MAD
2025-01-05,Uttar Pradesh,26.8467,80.9462,13.3,20.8,18.5,1006.4,68.1,OBS_20250105_UTT
2025-01-05,Karnataka,15.3173,75.7139,0.0,20.3,6.8,1003.1,67.7,OBS_20250105_KAR
2025-01-05,Himachal Pradesh,31.1048,77.1734,1.7,20.3,17.0,1005.6,49.6,OBS_20250105_HIM
2025-01-05,Bihar,25.0961,85.3131,0.0,21.6,14.6,1007.9,58.1,OBS_20250105_BIH
2025-01-06,Gujarat,22.2587,71.1924,22.6,23.2,9.8,1002.7,61.5,OBS_20250106_GUJ
2025-01-06,Maharashtra,19.7515,75.7139,1.3,20.5,12.8,1007.6,39.9,OBS_20250106_MAH
2025-01-06,Kerala,10.8505,76.2711,0.0,18.3,15.1,1005.2,49.5,OBS_20250106_KER
2025-01-06,Rajasthan,27.0238,74.2179,17.7,21.7,15.0,1003.2,51.1,OBS_20250106_RAJ
2025-01-06,Odisha,20.9517,85.0985,0.0,23.4,5.3,1007.5,54.7,OBS_20250106_ODI
2025-01-06,Assam,26.2006,92.9376,6.9,19.5,9.3,1010.7,62.3,OBS_20250106_ASS
2025-01-06,Punjab,31.1471,75.3412,8.6,19.9,13.4,1003.9,62.4,OBS_20250106_PUN
2025-01-06,Tamil Nadu,11.1271,78.6569,51.5,14.7,39.2,991.3,84.0,OBS_20250106_TAM
2025-01-06,Andhra Pradesh,15.9129,79.74,0.0,17.8,14.1,1004.1,57.9,OBS_20250106_AND
2025-01-06,West Bengal,22.9868,87.855,11.3,25.5,9.0,1008.6,49.4,OBS_20250106_WES
2025-01-06,Madhya Pradesh,22.9734,78.6569,0.0,18.1,14.3,1005.3,55.5,OBS_20250106_MAD
2025-01-06,Uttar Pradesh,26.8467,80.9462,4.3,18.0,9.0,1004.2,44.6,OBS_20250106_UTT
2025-01-06,Karnataka,15.3173,75.7139,16.3,21.3,10.2,1004.0,64.8,OBS_20250106_KAR
2025-01-06,Himachal Pradesh,31.1048,77.1734,0.0,17.3,13.1,1009.3,47.3,OBS_20250106_HIM
2025-01-06,Bihar,25.0961,85.3131,8.0,21.8,10.5,1007.8,63.3,OBS_20250106_BIH
2025-01-07,Gujarat,22.2587,71.1924,0.0,20.8,10.8,1006.0,49.0,OBS_20250107_GUJ
2025-01-07,Maharashtra,19.7515,75.7139,14.6,22.8,7.4,1006.3,57.7,OBS_20250107_MAH
2025-01-07,Kerala,10.8505,76.2711,10.3,20.7,11.9,1005.8,55.5,OBS_20250107_KER
2025-01-07,Rajasthan,27.0238,74.2179,11.0,18.8,13.1,1007.9,55.8,OBS_20250107_RAJ
2025-01-07,Odisha,20.9517,85.0985,0.0,19.9,8.3,1009.8,51.1,OBS_20250107_ODI
2025-01-07,Assam,26.2006,92.9376,1.7,18.1,16.6,1007.0,53.6,OBS_20250107_ASS
2025-01-07,Punjab,31.1471,75.3412,0.0,22.1,12.0,1006.5,57.3,OBS_20250107_PUN
2025-01-07,Tamil Nadu,11.1271,78.6569,0.0,15.0,46.3,990.7,87.7,OBS_20250107_TAM
2025-01-07,Andhra Pradesh,15.9129,79.74,14.9,21.4,10.0,1007.5,51.7,OBS_20250107_AND
2025-01-07,West Bengal,22.9868,87.855,8.7,22.1,14.6,1010.0,54.1,OBS_20250107_WES
2025-01-07,Madhya Pradesh,22.9734,78.6569,0.0,21.5,13.8,1005.2,65.2,OBS_20250107_MAD
2025-01-07,Uttar Pradesh,26.8467,80.9462,11.7,18.4,16.1,1003.6,56.0,OBS_20250107_UTT
2025-01-07,Karnataka,15.3173,75.7139,3.2,17.7,13.2,1004.9,60.4,OBS_20250107_KAR
2025-01-07,Himachal Pradesh,31.1048,77.1734,0.0,22.2,12.8,1005.0,56.7,OBS_20250107_HIM
2025-01-07,Bihar,25.0961,85.3131,8.1,18.9,15.4,1001.7,49.3,OBS_20250107_BIH
2025-01-08,Gujarat,22.2587,71.1924,0.0,23.5,4.7,1008.2,57.5,OBS_20250108_GUJ
2025-01-08,Maharashtra,19.7515,75.7139,21.7,20.8,12.4,1005.9,60.2,OBS_20250108_MAH
2025-01-08,Kerala,10.8505,76.2711,0.0,22.7,16.6,1007.4,57.7,OBS_20250108_KER
2025-01-08,Rajasthan,27.0238,74.2179,5.5,22.4,9.3,1007.6,58.6,OBS_20250108_RAJ
2025-01-08,Odisha,20.9517,85.0985,25.2,19.5,13.1,1007.2,51.7,OBS_20250108_ODI
2025-01-08,Assam,26.2006,92.9376,4.0,22.2,11.6,1008.8,66.5,OBS_20250108_ASS
2025-01-08,Punjab,31.1471,75.3412,0.0,22.5,13.2,1004.3,62.2,OBS_20250108_PUN
2025-01-08,Tamil Nadu,11.1271,78.6569,48.8,15.2,43.9,994.7,89.9,OBS_20250108_TAM
2025-01-08,Andhra Pradesh,15.9129,79.74,0.0,23.4,10.9,1007.0,45.4,OBS_20250108_AND
2025-01-08,West Bengal,22.9868,87.855,0.0,22.2,10.1,1009.8,58.8,OBS_20250108_WES
2025-01-08,Madhya Pradesh,22.9734,78.6569,0.0,20.9,18.3,1005.4,52.2,OBS_20250108_MAD
2025-01-08,Uttar Pradesh,26.8467,80.9462,0.0,19.4,7.7,1005.9,52.7,OBS_20250108_UTT
2025-01-08,Karnataka,15.3173,75.7139,15.8,24.4,8.2,1008.2,51.5,OBS_20250108_KAR
2025-01-08,Himachal Pradesh,31.1048,77.1734,17.2,23.2,14.5,1003.9,53.7,OBS_20250108_HIM
2025-01-08,Bihar,25.0961,85.3131,6.0,17.7,17.0,1002.2,62.3,OBS_20250108_BIH
2025-01-09,Gujarat,22.2587,71.1924,0.0,21.1,9.4,1006.8,46.0,OBS_20250109_GUJ
2025-01-09,Maharashtra,19.7515,75.7139,5.5,24.3,13.8,1008.2,58.2,OBS_20250109_MAH
2025-01-09,Kerala,10.8505,76.2711,0.0,24.0,18.3,1006.9,50.2,OBS_20250109_KER
2025-01-09,Rajasthan,27.0238,74.2179,0.0,20.8,18.9,1004.3,47.6,OBS_20250109_RAJ
2025-01-09,Odisha,20.9517,85.0985,0.0,23.0,4.1,1004.7,40.7,OBS_20250109_ODI
2025-01-09,Assam,26.2006,92.9376,0.0,22.3,7.8,1006.6,62.1,OBS_20250109_ASS
2025-01-09,Punjab,31.1471,75.3412,0.0,22.5,16.8,1004.4,56.9,OBS_20250109_PUN
2025-01-09,Tamil Nadu,11.1271,78.6569,146.7,20.9,40.5,994.6,94.7,OBS_20250109_TAM
2025-01-09,Andhra Pradesh,15.9129,79.74,0.0,23.8,16.9,1006.4,58.0,OBS_20250109_AND
2025-01-09,West Bengal,22.9868,87.855,2.9,22.3,12.9,1004.4,58.8,OBS_20250109_WES
2025-01-09,Madhya Pradesh,22.9734,78.6569,0.0,24.1,6.3,1007.2,44.3,OBS_20250109_MAD
2025-01-09,Uttar Pradesh,26.8467,80.9462,9.1,21.7,9.3,1010.0,56.2,OBS_20250109_UTT
2025-01-09,Karnataka,15.3173,75.7139,2.4,21.7,13.3,1005.2,60.1,OBS_20250109_KAR
2025-01-09,Himachal Pradesh,31.1048,77.1734,0.0,20.9,20.1,1006.3,58.6,OBS_20250109_HIM
2025-01-09,Bihar,25.0961,85.3131,0.0,21.3,14.7,1003.9,52.5,OBS_20250109_BIH
2025-01-10,Gujarat,22.2587,71.1924,0.0,20.3,11.5,1009.2,50.6,OBS_20250110_GUJ
2025-01-10,Maharashtra,19.7515,75.7139,7.8,23.7,14.9,1007.2,60.2,OBS_20250110_MAH
2025-01-10,Kerala,10.8505,76.2711,0.0,23.5,4.5,1007.8,57.3,OBS_20250110_KER
2025-01-10,Rajasthan,27.0238,74.2179,0.0,19.7,12.3,1010.0,62.8,OBS_20250110_RAJ
2025-01-10,Odisha,20.9517,85.0985,0.0,25.5,7.9,1005.9,55.0,OBS_20250110_ODI
2025-01-10,Assam,26.2006,92.9376,13.3,22.3,12.9,1002.0,72.4,OBS_20250110_ASS
2025-01-10,Punjab,31.1471,75.3412,13.4,18.6,12.0,1006.3,68.4,OBS_20250110_PUN
2025-01-10,Tamil Nadu,11.1271,78.6569,0.0,15.4,37.9,992.3,92.7,OBS_20250110_TAM
2025-01-10,Andhra Pradesh,15.9129,79.74,0.4,20.9,16.0,1010.8,55.2,OBS_20250110_AND
2025-01-10,West Bengal,22.9868,87.855,20.6,20.5,15.4,1005.9,64.9,OBS_20250110_WES
2025-01-10,Madhya Pradesh,22.9734,78.6569,0.0,18.5,8.3,1004.9,65.9,OBS_20250110_MAD
2025-01-10,Uttar Pradesh,26.8467,80.9462,0.0,20.6,7.2,1007.3,53.0,OBS_20250110_UTT
2025-01-10,Karnataka,15.3173,75.7139,10.0,18.9,1.1,1003.3,40.2,OBS_20250110_KAR
2025-01-10,Himachal Pradesh,31.1048,77.1734,6.3,21.1,10.3,1005.7,51.1,OBS_20250110_HIM
2025-01-10,Bihar,25.0961,85.3131,6.0,20.9,9.8,1007.4,60.9,OBS_20250110_BIH
2025-01-11,Gujarat,22.2587,71.1924,8.3,21.1,15.9,1005.9,57.8,OBS_20250111_GUJ
2025-01-11,Maharashtra,19.7515,75.7139,8.6,19.4,12.9,1009.0,57.2,OBS_20250111_MAH
2025-01-11,Kerala,10.8505,76.2711,0.0,20.5,20.2,1008.7,47.2,OBS_20250111_KER
2025-01-11,Rajasthan,27.0238,74.2179,5.8,20.1,15.4,1006.3,58.4,OBS_20250111_RAJ
2025-01-11,Odisha,20.9517,85.0985,0.0,23.6,18.4,1005.1,53.7,OBS_20250111_ODI
2025-01-11,Assam,26.2006,92.9376,2.3,24.9,9.4,1006.8,50.0,OBS_20250111_ASS
2025-01-11,Punjab,31.1471,75.3412,1.6,19.9,18.6,1004.1,61.4,OBS_20250111_PUN
2025-01-11,Tamil Nadu,11.1271,78.6569,32.3,18.5,9.3,1002.8,64.8,OBS_20250111_TAM
2025-01-11,Andhra Pradesh,15.9129,79.74,6.8,23.0,12.5,1004.7,61.5,OBS_20250111_AND
2025-01-11,West Bengal,22.9868,87.855,0.0,18.4,14.2,1004.3,65.2,OBS_20250111_WES
2025-01-11,Madhya Pradesh,22.9734,78.6569,10.0,20.7,3.9,1005.8,52.5,OBS_20250111_MAD
2025-01-11,Uttar Pradesh,26.8467,80.9462,0.0,18.4,13.6,1004.0,57.8,OBS_20250111_UTT
2025-01-11,Karnataka,15.3173,75.7139,0.5,22.4,7.3,1003.9,53.1,OBS_20250111_KAR
2025-01-11,Himachal Pradesh,31.1048,77.1734,0.0,26.5,11.3,1010.5,53.4,OBS_20250111_HIM
2025-01-11,Bihar,25.0961,85.3131,0.0,25.6,13.6,1003.3,50.9,OBS_20250111_BIH
2025-01-12,Gujarat,22.2587,71.1924,0.0,21.3,3.9,1005.1,60.8,OBS_20250112_GUJ
2025-01-12,Maharashtra,19.7515,75.7139,0.0,23.0,6.6,1007.1,49.2,OBS_20250112_MAH
2025-01-12,Kerala,10.8505,76.2711,0.0,23.4,14.9,1008.0,54.4,OBS_20250112_KER
2025-01-12,Rajasthan,27.0238,74.2179,16.8,17.1,12.8,1007.0,55.1,OBS_20250112_RAJ
2025-01-12,Odisha,20.9517,85.0985,7.1,25.3,16.8,1003.5,51.8,OBS_20250112_ODI
2025-01-12,Assam,26.2006,92.9376,0.0,22.2,7.7,1008.6,55.0,OBS_20250112_ASS
2025-01-12,Punjab,31.1471,75.3412,0.0,25.1,12.3,1005.0,52.8,OBS_20250112_PUN
2025-01-12,Tamil Nadu,11.1271,78.6569,3.8,21.9,14.2,1007.3,37.6,OBS_20250112_TAM
2025-01-12,Andhra Pradesh,15.9129,79.74,12.6,21.7,10.3,1004.1,48.1,OBS_20250112_AND
2025-01-12,West Bengal,22.9868,87.855,1.3,23.3,7.4,1006.1,44.0,OBS_20250112_WES
2025-01-12,Madhya Pradesh,22.9734,78.6569,0.0,21.5,10.5,1007.6,48.0,OBS_20250112_MAD
2025-01-12,Uttar Pradesh,26.8467,80.9462,0.0,21.9,8.1,1005.8,62.3,OBS_20250112_UTT
2025-01-12,Karnataka,15.3173,75.7139,0.0,19.5,8.6,1009.7,58.8,OBS_20250112_KAR
2025-01-12,Himachal Pradesh,31.1048,77.1734,0.9,25.4,8.0,1003.9,60.0,OBS_20250112_HIM
2025-01-12,Bihar,25.0961,85.3131,0.0,22.8,4.3,1006.9,60.4,OBS_20250112_BIH
2025-01-13,Gujarat,22.2587,71.1924,4.7,19.9,8.2,1005.7,63.8,OBS_20250113_GUJ
2025-01-13,Maharashtra,19.7515,75.7139,13.0,22.4,12.7,1004.3,59.1,OBS_20250113_MAH
2025-01-13,Kerala,10.8505,76.2711,0.0,18.1,13.8,1005.6,60.8,OBS_20250113_KER
2025-01-13,Rajasthan,27.0238,74.2179,0.0,20.2,5.8,1001.0,54.3,OBS_20250113_RAJ
2025-01-13,Odisha,20.9517,85.0985,0.0,17.2,17.7,1004.9,45.0,OBS_20250113_ODI
2025-01-13,Assam,26.2006,92.9376,0.0,20.8,10.5,1007.9,46.4,OBS_20250113_ASS
2025-01-13,Punjab,31.1471,75.3412,9.4,18.6,13.8,1006.4,72.3,OBS_20250113_PUN
2025-01-13,Tamil Nadu,11.1271,78.6569,4.5,24.1,20.6,1004.9,58.8,OBS_20250113_TAM
2025-01-13,Andhra Pradesh,15.9129,79.74,0.0,20.4,5.8,1008.6,56.9,OBS_20250113_AND
2025-01-13,West Bengal,22.9868,87.855,0.0,22.7,9.8,1003.6,58.3,OBS_20250113_WES
2025-01-13,Madhya Pradesh,22.9734,78.6569,0.0,21.9,14.8,1003.9,47.4,OBS_20250113_MAD
2025-01-13,Uttar Pradesh,26.8467,80.9462,0.0,23.1,4.9,1005.5,40.8,OBS_20250113_UTT
2025-01-13,Karnataka,15.3173,75.7139,0.0,21.3,10.2,1005.1,64.7,OBS_20250113_KAR
2025-01-13,Himachal Pradesh,31.1048,77.1734,0.0,21.6,13.4,1006.1,59.4,OBS_20250113_HIM
2025-01-13,Bihar,25.0961,85.3131,4.7,20.7,6.8,1005.3,61.2,OBS_20250113_BIH
2025-01-14,Gujarat,22.2587,71.1924,10.3,19.4,16.3,1007.4,69.1,OBS_20250114_GUJ
2025-01-14,Maharashtra,19.7515,75.7139,0.0,22.5,15.3,1005.8,58.8,OBS_20250114_MAH
2025-01-14,Kerala,10.8505,76.2711,0.0,22.0,15.8,1004.9,52.2,OBS_20250114_KER
2025-01-14,Rajasthan,27.0238,74.2179,0.0,20.1,8.4,1003.3,54.4,OBS_20250114_RAJ
2025-01-14,Odisha,20.9517,85.0985,3.0,23.6,18.4,1005.2,65.4,OBS_20250114_ODI
2025-01-14,Assam,26.2006,92.9376,0.0,22.8,12.0,1004.0,42.6,OBS_20250114_ASS
2025-01-14,Punjab,31.1471,75.3412,0.0,18.6,12.1,1009.3,63.1,OBS_20250114_PUN
2025-01-14,Tamil Nadu,11.1271,78.6569,0.0,19.9,10.3,1003.7,57.0,OBS_20250114_TAM
2025-01-14,Andhra Pradesh,15.9129,79.74,7.3,21.5,15.9,1002.5,69.3,OBS_20250114_AND
2025-01-14,West Bengal,22.9868,87.855,4.8,23.7,18.9,1006.7,59.6,OBS_20250114_WES
2025-01-14,Madhya Pradesh,22.9734,78.6569,0.0,23.2,14.5,1004.4,60.3,OBS_20250114_MAD
2025-01-14,Uttar Pradesh,26.8467,80.9462,0.0,20.3,3.7,1005.8,46.6,OBS_20250114_UTT
2025-01-14,Karnataka,15.3173,75.7139,9.9,19.6,13.1,1003.3,61.7,OBS_20250114_KAR
2025-01-14,Himachal Pradesh,31.1048,77.1734,6.2,23.7,11.2,1002.7,63.1,OBS_20250114_HIM
2025-01-14,Bihar,25.0961,85.3131,0.0,27.5,11.3,1007.2,60.5,OBS_20250114_BIH
2025-01-15,Gujarat,22.2587,71.1924,21.6,22.4,14.4,1007.4,54.6,OBS_20250115_GUJ
2025-01-15,Maharashtra,19.7515,75.7139,0.0,22.5,14.3,1003.0,45.3,OBS_20250115_MAH
2025-01-15,Kerala,10.8505,76.2711,0.0,20.4,15.0,1008.0,36.6,OBS_20250115_KER
2025-01-15,Rajasthan,27.0238,74.2179,0.0,24.7,10.6,1008.8,53.1,OBS_20250115_RAJ
2025-01-15,Odisha,20.9517,85.0985,33.4,23.4,5.8,1006.9,60.0,OBS_20250115_ODI
2025-01-15,Assam,26.2006,92.9376,20.8,20.0,13.4,1005.2,57.7,OBS_20250115_ASS
2025-01-15,Punjab,31.1471,75.3412,0.0,24.8,15.2,1005.6,53.3,OBS_20250115_PUN
2025-01-15,Tamil Nadu,11.1271,78.6569,0.0,22.8,19.8,1004.2,64.3,OBS_20250115_TAM
2025-01-15,Andhra Pradesh,15.9129,79.74,4.4,21.8,10.1,1004.6,62.0,OBS_20250115_AND
2025-01-15,West Bengal,22.9868,87.855,0.0,21.5,10.9,1008.1,59.3,OBS_20250115_WES
2025-01-15,Madhya Pradesh,22.9734,78.6569,4.2,20.9,6.7,1006.2,60.6,OBS_20250115_MAD
2025-01-15,Uttar Pradesh,26.8467,80.9462,0.0,21.2,16.8,1004.5,61.5,OBS_20250115_UTT
2025-01-15,Karnataka,15.3173,75.7139,0.0,21.9,4.9,1003.5,67.3,OBS_20250115_KAR
2025-01-15,Himachal Pradesh,31.1048,77.1734,116.4,19.5,3.8,1006.7,54.4,OBS_20250115_HIM
2025-01-15,Bihar,25.0961,85.3131,24.7,19.7,6.6,1006.0,49.9,OBS_20250115_BIH
2025-01-16,Gujarat,22.2587,71.1924,0.0,21.7,7.6,1008.3,51.3,OBS_20250116_GUJ
2025-01-16,Maharashtra,19.7515,75.7139,0.6,19.9,9.0,1012.1,70.1,OBS_20250116_MAH
2025-01-16,Kerala,10.8505,76.2711,9.4,19.2,13.5,1007.5,69.1,OBS_20250116_KER
2025-01-16,Rajasthan,27.0238,74.2179,0.0,22.5,5.8,1007.7,68.7,OBS_20250116_RAJ
2025-01-16,Odisha,20.9517,85.0985,0.0,22.2,12.6,1004.5,64.4,OBS_20250116_ODI
2025-01-16,Assam,26.2006,92.9376,18.9,25.7,14.2,1007.2,44.5,OBS_20250116_ASS
2025-01-16,Punjab,31.1471,75.3412,1.0,20.0,13.5,1004.8,56.0,OBS_20250116_PUN
2025-01-16,Tamil Nadu,11.1271,78.6569,0.0,18.2,11.2,1007.9,60.8,OBS_20250116_TAM
2025-01-16,Andhra Pradesh,15.9129,79.74,15.5,18.0,15.1,1006.9,52.4,OBS_20250116_AND
2025-01-16,West Bengal,22.9868,87.855,2.7,22.6,13.4,1004.3,66.4,OBS_20250116_WES
2025-01-16,Madhya Pradesh,22.9734,78.6569,0.3,23.1,11.8,1005.4,43.2,OBS_20250116_MAD
2025-01-16,Uttar Pradesh,26.8467,80.9462,9.2,21.4,18.7,1006.9,51.1,OBS_20250116_UTT
2025-01-16,Karnataka,15.3173,75.7139,0.0,25.6,13.1,1006.8,62.6,OBS_20250116_KAR
2025-01-16,Himachal Pradesh,31.1048,77.1734,0.0,21.2,8.1,1004.6,57.9,OBS_20250116_HIM
2025-01-16,Bihar,25.0961,85.3131,0.0,18.9,5.4,1006.7,68.4,OBS_20250116_BIH
2025-01-17,Gujarat,22.2587,71.1924,8.1,18.5,18.5,1011.0,55.5,OBS_20250117_GUJ
2025-01-17,Maharashtra,19.7515,75.7139,0.0,21.5,18.1,1007.8,50.1,OBS_20250117_MAH
2025-01-17,Kerala,10.8505,76.2711,0.6,20.0,17.4,1005.5,61.1,OBS_20250117_KER
2025-01-17,Rajasthan,27.0238,74.2179,4.5,22.2,9.7,1013.0,60.3,OBS_20250117_RAJ
2025-01-17,Odisha,20.9517,85.0985,2.9,22.7,21.6,1006.3,61.4,OBS_20250117_ODI
2025-01-17,Assam,26.2006,92.9376,0.5,20.8,3.2,1007.7,54.8,OBS_20250117_ASS
2025-01-17,Punjab,31.1471,75.3412,1.0,16.9,18.6,1005.5,48.8,OBS_20250117_PUN
2025-01-17,Tamil Nadu,11.1271,78.6569,0.0,19.0,10.9,1005.5,64.5,OBS_20250117_TAM
2025-01-17,Andhra Pradesh,15.9129,79.74,0.0,20.5,12.8,1004.1,59.2,OBS_20250117_AND
2025-01-17,West Bengal,22.9868,87.855,0.0,22.1,10.7,1007.9,58.8,OBS_20250117_WES
2025-01-17,Madhya Pradesh,22.9734,78.6569,9.3,17.2,19.3,1009.2,43.0,OBS_20250117_MAD
2025-01-17,Uttar Pradesh,26.8467,80.9462,0.0,24.0,10.5,1006.9,60.8,OBS_20250117_UTT
2025-01-17,Karnataka,15.3173,75.7139,0.0,21.4,12.8,1006.4,55.0,OBS_20250117_KAR
2025-01-17,Himachal Pradesh,31.1048,77.1734,0.0,25.7,10.9,1005.0,71.0,OBS_20250117_HIM
2025-01-17,Bihar,25.0961,85.3131,0.0,18.8,3.2,1006.3,61.7,OBS_20250117_BIH
2025-01-18,Gujarat,22.2587,71.1924,0.0,23.5,12.1,1007.0,51.9,OBS_20250118_GUJ
2025-01-18,Maharashtra,19.7515,75.7139,0.0,21.6,11.0,1002.8,50.1,OBS_20250118_MAH
2025-01-18,Kerala,10.8505,76.2711,2.3,18.3,9.3,1008.7,66.6,OBS_20250118_KER
2025-01-18,Rajasthan,27.0238,74.2179,0.0,19.6,4.3,1006.4,51.9,OBS_20250118_RAJ
2025-01-18,Odisha,20.9517,85.0985,0.0,21.5,10.1,1006.8,56.8,OBS_20250118_ODI
2025-01-18,Assam,26.2006,92.9376,6.9,22.8,8.7,1004.2,52.8,OBS_20250118_ASS
2025-01-18,Punjab,31.1471,75.3412,0.0,22.9,11.3,1005.3,34.5,OBS_20250118_PUN
2025-01-18,Tamil Nadu,11.1271,78.6569,0.0,20.3,13.0,1003.5,52.0,OBS_20250118_TAM
2025-01-18,Andhra Pradesh,15.9129,79.74,2.1,24.0,8.2,1006.4,49.8,OBS_20250118_AND
2025-01-18,West Bengal,22.9868,87.855,2.1,22.8,12.0,1007.1,64.9,OBS_20250118_WES
2025-01-18,Madhya Pradesh,22.9734,78.6569,0.0,18.3,9.7,1010.1,42.5,OBS_20250118_MAD
2025-01-18,Uttar Pradesh,26.8467,80.9462,0.0,16.5,12.7,1007.7,44.8,OBS_20250118_UTT
2025-01-18,Karnataka,15.3173,75.7139,0.0,15.7,11.5,1006.4,42.3,OBS_20250118_KAR
2025-01-18,Himachal Pradesh,31.1048,77.1734,5.6,22.1,11.2,1006.0,50.2,OBS_20250118_HIM
2025-01-18,Bihar,25.0961,85.3131,8.2,18.5,13.4,1006.8,49.0,OBS_20250118_BIH
2025-01-19,Gujarat,22.2587,71.1924,0.0,25.1,14.1,1006.9,68.2,OBS_20250119_GUJ
2025-01-19,Maharashtra,19.7515,75.7139,0.0,17.6,13.4,1004.9,65.4,OBS_20250119_MAH
2025-01-19,Kerala,10.8505,76.2711,0.0,19.5,12.2,1005.1,52.4,OBS_20250119_KER
2025-01-19,Rajasthan,27.0238,74.2179,15.3,22.7,12.2,1007.2,42.8,OBS_20250119_RAJ
2025-01-19,Odisha,20.9517,85.0985,0.0,24.0,8.8,1009.6,54.9,OBS_20250119_ODI
2025-01-19,Assam,26.2006,92.9376,8.6,21.1,6.5,1002.6,52.1,OBS_20250119_ASS
2025-01-19,Punjab,31.1471,75.3412,3.2,20.3,12.9,1006.6,56.1,OBS_20250119_PUN
2025-01-19,Tamil Nadu,11.1271,78.6569,2.8,20.2,19.8,1003.8,68.2,OBS_20250119_TAM
2025-01-19,Andhra Pradesh,15.9129,79.74,4.9,20.6,21.0,1010.0,49.9,OBS_20250119_AND
2025-01-19,West Bengal,22.9868,87.855,0.0,22.4,5.2,1005.2,59.0,OBS_20250119_WES
2025-01-19,Madhya Pradesh,22.9734,78.6569,6.8,18.9,9.8,1005.4,60.4,OBS_20250119_MAD
2025-01-19,Uttar Pradesh,26.8467,80.9462,0.0,19.2,8.5,1006.9,63.6,OBS_20250119_UTT
2025-01-19,Karnataka,15.3173,75.7139,3.0,21.1,8.8,1003.7,50.0,OBS_20250119_KAR
2025-01-19,Himachal Pradesh,31.1048,77.1734,0.0,20.0,9.3,1007.0,50.8,OBS_20250119_HIM
2025-01-19,Bihar,25.0961,85.3131,14.5,24.1,9.8,1006.5,58.8,OBS_20250119_BIH
2025-01-20,Gujarat,22.2587,71.1924,0.0,22.7,15.3,1004.6,47.8,OBS_20250120_GUJ
2025-01-20,Maharashtra,19.7515,75.7139,6.2,17.9,8.2,1007.6,68.4,OBS_20250120_MAH
2025-01-20,Kerala,10.8505,76.2711,0.0,20.7,13.6,1013.5,52.6,OBS_20250120_KER
2025-01-20,Rajasthan,27.0238,74.2179,2.5,25.7,8.1,1004.8,51.3,OBS_20250120_RAJ
2025-01-20,Odisha,20.9517,85.0985,0.0,23.1,4.5,1003.4,61.7,OBS_20250120_ODI
2025-01-20,Assam,26.2006,92.9376,4.9,23.9,12.9,1009.2,57.0,OBS_20250120_ASS
2025-01-20,Punjab,31.1471,75.3412,0.0,20.7,10.6,1005.5,52.5,OBS_20250120_PUN
2025-01-20,Tamil Nadu,11.1271,78.6569,0.2,17.7,10.5,1004.4,59.4,OBS_20250120_TAM
2025-01-20,Andhra Pradesh,15.9129,79.74,0.0,22.6,13.0,1006.9,44.4,OBS_20250120_AND
2025-01-20,West Bengal,22.9868,87.855,2.8,19.5,13.7,1005.4,53.0,OBS_20250120_WES
2025-01-20,Madhya Pradesh,22.9734,78.6569,0.0,23.0,14.6,1009.4,45.6,OBS_20250120_MAD
2025-01-20,Uttar Pradesh,26.8467,80.9462,0.0,21.1,13.0,1004.8,46.1,OBS_20250120_UTT
2025-01-20,Karnataka,15.3173,75.7139,5.6,19.6,19.0,1004.6,67.8,OBS_20250120_KAR
2025-01-20,Himachal Pradesh,31.1048,77.1734,0.0,21.8,12.4,1009.0,67.3,OBS_20250120_HIM
2025-01-20,Bihar,25.0961,85.3131,0.0,19.4,10.4,1004.7,48.1,OBS_20250120_BIH
2025-01-21,Gujarat,22.2587,71.1924,0.0,20.2,9.2,1005.4,62.6,OBS_20250121_GUJ
2025-01-21,Maharashtra,19.7515,75.7139,11.1,18.8,7.9,1006.6,65.1,OBS_20250121_MAH
2025-01-21,Kerala,10.8505,76.2711,0.0,18.7,11.2,1004.3,53.4,OBS_20250121_KER
2025-01-21,Rajasthan,27.0238,74.2179,19.4,24.3,14.7,1004.4,66.9,OBS_20250121_RAJ
2025-01-21,Odisha,20.9517,85.0985,10.4,20.1,11.6,1003.2,36.8,OBS_20250121_ODI
2025-01-21,Assam,26.2006,92.9376,0.0,23.3,11.3,1005.7,55.3,OBS_20250121_ASS
2025-01-21,Punjab,31.1471,75.3412,0.0,21.0,10.5,1006.0,57.6,OBS_20250121_PUN
2025-01-21,Tamil Nadu,11.1271,78.6569,0.0,19.2,9.9,1002.1,49.4,OBS_20250121_TAM
2025-01-21,Andhra Pradesh,15.9129,79.74,3.3,20.8,10.0,1010.0,58.4,OBS_20250121_AND
2025-01-21,West Bengal,22.9868,87.855,0.0,19.1,8.1,999.6,58.6,OBS_20250121_WES
2025-01-21,Madhya Pradesh,22.9734,78.6569,0.0,25.5,9.8,1005.9,55.9,OBS_20250121_MAD
2025-01-21,Uttar Pradesh,26.8467,80.9462,0.1,18.7,12.4,1003.5,52.8,OBS_20250121_UTT
2025-01-21,Karnataka,15.3173,75.7139,2.0,19.0,15.5,1009.5,50.0,OBS_20250121_KAR
2025-01-21,Himachal Pradesh,31.1048,77.1734,16.8,21.9,19.8,1006.2,43.0,OBS_20250121_HIM
2025-01-21,Bihar,25.0961,85.3131,0.0,19.1,12.1,1007.5,54.3,OBS_20250121_BIH
2025-01-22,Gujarat,22.2587,71.1924,0.0,20.2,8.5,1008.8,47.6,OBS_20250122_GUJ
2025-01-22,Maharashtra,19.7515,75.7139,7.4,20.1,6.7,1005.8,50.4,OBS_20250122_MAH
2025-01-22,Kerala,10.8505,76.2711,4.3,21.1,15.5,1006.1,53.5,OBS_20250122_KER
2025-01-22,Rajasthan,27.0238,74.2179,11.1,22.7,10.9,1007.8,68.5,OBS_20250122_RAJ
2025-01-22,Odisha,20.9517,85.0985,0.0,22.6,6.9,1007.8,44.7,OBS_20250122_ODI
2025-01-22,Assam,26.2006,92.9376,12.6,24.8,10.8,1006.1,42.8,OBS_20250122_ASS
2025-01-22,Punjab,31.1471,75.3412,9.5,22.6,21.1,1004.1,49.6,OBS_20250122_PUN
2025-01-22,Tamil Nadu,11.1271,78.6569,7.3,21.9,16.5,1008.6,57.0,OBS_20250122_TAM
2025-01-22,Andhra Pradesh,15.9129,79.74,3.2,22.7,15.1,1005.8,47.4,OBS_20250122_AND
2025-01-22,West Bengal,22.9868,87.855,6.6,21.1,11.4,1005.9,62.2,OBS_20250122_WES
2025-01-22,Madhya Pradesh,22.9734,78.6569,6.3,21.7,7.5,1006.7,41.8,OBS_20250122_MAD
2025-01-22,Uttar Pradesh,26.8467,80.9462,0.0,21.9,12.1,1005.0,48.6,OBS_20250122_UTT
2025-01-22,Karnataka,15.3173,75.7139,9.2,25.1,13.0,1003.6,49.1,OBS_20250122_KAR
2025-01-22,Himachal Pradesh,31.1048,77.1734,0.0,21.4,9.1,1007.0,57.5,OBS_20250122_HIM
2025-01-22,Bihar,25.0961,85.3131,0.0,20.3,11.4,1006.2,46.4,OBS_20250122_BIH
2025-01-23,Gujarat,22.2587,71.1924,0.0,18.3,10.2,1002.9,55.9,OBS_20250123_GUJ
2025-01-23,Maharashtra,19.7515,75.7139,0.0,25.1,8.0,1007.2,46.5,OBS_20250123_MAH
2025-01-23,Kerala,10.8505,76.2711,7.1,21.8,5.6,1001.5,67.2,OBS_20250123_KER
2025-01-23,Rajasthan,27.0238,74.2179,5.8,21.4,16.2,1003.4,58.0,OBS_20250123_RAJ
2025-01-23,Odisha,20.9517,85.0985,0.0,20.0,7.3,1008.5,56.9,OBS_20250123_ODI
2025-01-23,Assam,26.2006,92.9376,8.6,24.1,14.2,1004.8,59.2,OBS_20250123_ASS
2025-01-23,Punjab,31.1471,75.3412,0.0,20.3,11.8,1006.8,50.8,OBS_20250123_PUN
2025-01-23,Tamil Nadu,11.1271,78.6569,8.8,20.7,17.2,1007.1,60.4,OBS_20250123_TAM
2025-01-23,Andhra Pradesh,15.9129,79.74,3.7,22.8,17.1,1007.3,58.8,OBS_20250123_AND
2025-01-23,West Bengal,22.9868,87.855,7.3,22.1,15.1,1010.3,58.7,OBS_20250123_WES
2025-01-23,Madhya Pradesh,22.9734,78.6569,7.1,24.7,7.1,1004.5,54.8,OBS_20250123_MAD
2025-01-23,Uttar Pradesh,26.8467,80.9462,0.0,20.2,15.9,1005.8,58.2,OBS_20250123_UTT
2025-01-23,Karnataka,15.3173,75.7139,0.0,20.4,10.4,1006.6,59.3,OBS_20250123_KAR
2025-01-23,Himachal Pradesh,31.1048,77.1734,8.8,23.9,8.2,1009.8,55.8,OBS_20250123_HIM
2025-01-23,Bihar,25.0961,85.3131,0.0,21.6,15.2,1007.3,61.4,OBS_20250123_BIH
2025-01-24,Gujarat,22.2587,71.1924,7.3,23.4,8.7,1004.9,67.9,OBS_20250124_GUJ
2025-01-24,Maharashtra,19.7515,75.7139,0.0,20.6,13.9,1007.2,56.0,OBS_20250124_MAH
2025-01-24,Kerala,10.8505,76.2711,0.0,21.5,10.0,1006.5,46.0,OBS_20250124_KER
2025-01-24,Rajasthan,27.0238,74.2179,0.0,23.0,18.0,1001.0,59.5,OBS_20250124_RAJ
2025-01-24,Odisha,20.9517,85.0985,0.0,23.8,3.6,1011.4,46.9,OBS_20250124_ODI
2025-01-24,Assam,26.2006,92.9376,0.0,17.5,17.4,1006.0,52.7,OBS_20250124_ASS
2025-01-24,Punjab,31.1471,75.3412,0.0,19.1,10.9,1006.5,52.2,OBS_20250124_PUN
2025-01-24,Tamil Nadu,11.1271,78.6569,0.0,19.5,19.9,1005.7,75.6,OBS_20250124_TAM
2025-01-24,Andhra Pradesh,15.9129,79.74,4.2,22.7,10.5,1006.7,57.9,OBS_20250124_AND
2025-01-24,West Bengal,22.9868,87.855,0.0,21.5,18.6,1005.2,43.5,OBS_20250124_WES
2025-01-24,Madhya Pradesh,22.9734,78.6569,3.8,21.9,10.3,1005.9,50.2,OBS_20250124_MAD
2025-01-24,Uttar Pradesh,26.8467,80.9462,0.0,21.6,10.3,1007.7,43.3,OBS_20250124_UTT
2025-01-24,Karnataka,15.3173,75.7139,0.0,23.5,6.0,1004.7,54.0,OBS_20250124_KAR
2025-01-24,Himachal Pradesh,31.1048,77.1734,0.0,21.6,11.1,1006.3,42.0,OBS_20250124_HIM
2025-01-24,Bihar,25.0961,85.3131,9.0,24.9,9.4,1003.4,57.3,OBS_20250124_BIH
2025-01-25,Gujarat,22.2587,71.1924,0.9,24.4,11.1,1007.7,64.2,OBS_20250125_GUJ
2025-01-25,Maharashtra,19.7515,75.7139,0.0,21.8,11.5,1006.1,62.6,OBS_20250125_MAH
2025-01-25,Kerala,10.8505,76.2711,0.0,23.1,10.1,1003.9,42.2,OBS_20250125_KER
2025-01-25,Rajasthan,27.0238,74.2179,0.0,19.2,6.7,1008.8,58.9,OBS_20250125_RAJ
2025-01-25,Odisha,20.9517,85.0985,10.1,22.4,14.9,1007.7,55.5,OBS_20250125_ODI
2025-01-25,Assam,26.2006,92.9376,19.1,25.7,12.6,1004.2,56.7,OBS_20250125_ASS
2025-01-25,Punjab,31.1471,75.3412,4.7,19.1,15.1,1002.7,59.4,OBS_20250125_PUN
2025-01-25,Tamil Nadu,11.1271,78.6569,9.8,23.0,3.7,1002.9,54.5,OBS_20250125_TAM
2025-01-25,Andhra Pradesh,15.9129,79.74,17.4,23.4,9.9,1008.6,74.3,OBS_20250125_AND
2025-01-25,West Bengal,22.9868,87.855,10.6,23.8,12.4,1006.4,65.5,OBS_20250125_WES
2025-01-25,Madhya Pradesh,22.9734,78.6569,3.6,22.1,2.7,1006.5,59.5,OBS_20250125_MAD
2025-01-25,Uttar Pradesh,26.8467,80.9462,0.0,24.2,12.0,1005.1,53.2,OBS_20250125_UTT
2025-01-25,Karnataka,15.3173,75.7139,6.8,24.7,7.6,1005.6,57.4,OBS_20250125_KAR
2025-01-25,Himachal Pradesh,31.1048,77.1734,4.9,23.0,8.8,1005.8,43.6,OBS_20250125_HIM
2025-01-25,Bihar,25.0961,85.3131,0.0,23.2,9.6,1002.6,49.1,OBS_20250125_BIH
2025-01-26,Gujarat,22.2587,71.1924,0.0,22.8,13.9,1007.8,45.4,OBS_20250126_GUJ
2025-01-26,Maharashtra,19.7515,75.7139,0.0,20.3,10.3,1004.4,58.5,OBS_20250126_MAH
2025-01-26,Kerala,10.8505,76.2711,2.7,18.7,1.0,1009.7,77.8,OBS_20250126_KER
2025-01-26,Rajasthan,27.0238,74.2179,0.0,18.9,10.8,1006.3,64.7,OBS_20250126_RAJ
2025-01-26,Odisha,20.9517,85.0985,2.2,21.9,10.3,1006.4,54.9,OBS_20250126_ODI
2025-01-26,Assam,26.2006,92.9376,0.0,21.1,11.8,1006.4,45.0,OBS_20250126_ASS
2025-01-26,Punjab,31.1471,75.3412,5.3,19.8,12.4,1008.1,57.9,OBS_20250126_PUN
2025-01-26,Tamil Nadu,11.1271,78.6569,0.0,22.2,6.7,1006.7,53.8,OBS_20250126_TAM
2025-01-26,Andhra Pradesh,15.9129,79.74,0.0,23.6,8.2,1007.8,58.4,OBS_20250126_AND
2025-01-26,West Bengal,22.9868,87.855,0.0,24.7,8.6,1008.7,55.4,OBS_20250126_WES
2025-01-26,Madhya Pradesh,22.9734,78.6569,0.0,22.7,8.8,1003.6,43.9,OBS_20250126_MAD
2025-01-26,Uttar Pradesh,26.8467,80.9462,0.0,20.5,11.0,1006.2,59.3,OBS_20250126_UTT
2025-01-26,Karnataka,15.3173,75.7139,0.0,17.2,18.4,1007.7,42.0,OBS_20250126_KAR
2025-01-26,Himachal Pradesh,31.1048,77.1734,22.6,22.5,13.1,1006.4,66.6,OBS_20250126_HIM
2025-01-26,Bihar,25.0961,85.3131,0.0,21.6,16.8,1007.4,55.3,OBS_20250126_BIH
2025-01-27,Gujarat,22.2587,71.1924,9.7,18.0,15.7,1007.9,65.1,OBS_20250127_GUJ
2025-01-27,Maharashtra,19.7515,75.7139,0.0,23.9,3.9,1003.0,52.2,OBS_20250127_MAH
2025-01-27,Kerala,10.8505,76.2711,14.5,23.4,10.8,1005.4,44.8,OBS_20250127_KER
2025-01-27,Rajasthan,27.0238,74.2179,0.0,21.6,18.7,1004.4,55.2,OBS_20250127_RAJ
2025-01-27,Odisha,20.9517,85.0985,18.0,21.6,10.6,1000.2,55.9,OBS_20250127_ODI
2025-01-27,Assam,26.2006,92.9376,0.0,21.7,14.9,1008.1,59.7,OBS_20250127_ASS
2025-01-27,Punjab,31.1471,75.3412,0.0,20.4,10.9,1003.3,53.7,OBS_20250127_PUN
2025-01-27,Tamil Nadu,11.1271,78.6569,2.2,22.6,12.0,999.2,62.9,OBS_20250127_TAM
2025-01-27,Andhra Pradesh,15.9129,79.74,0.0,22.7,12.6,1004.9,54.3,OBS_20250127_AND
2025-01-27,West Bengal,22.9868,87.855,1.3,20.1,9.8,1011.0,53.6,OBS_20250127_WES
2025-01-27,Madhya Pradesh,22.9734,78.6569,0.0,21.4,10.4,1005.8,58.1,OBS_20250127_MAD
2025-01-27,Uttar Pradesh,26.8467,80.9462,117.1,21.8,10.1,1007.4,63.5,OBS_20250127_UTT
2025-01-27,Karnataka,15.3173,75.7139,0.0,26.4,13.9,1007.0,48.8,OBS_20250127_KAR
2025-01-27,Himachal Pradesh,31.1048,77.1734,10.7,19.6,13.9,1004.7,59.8,OBS_20250127_HIM
2025-01-27,Bihar,25.0961,85.3131,16.0,22.1,12.1,1005.9,49.9,OBS_20250127_BIH
2025-01-28,Gujarat,22.2587,71.1924,0.0,20.7,13.8,1009.0,53.4,OBS_20250128_GUJ
2025-01-28,Maharashtra,19.7515,75.7139,0.0,22.5,8.5,1004.9,62.8,OBS_20250128_MAH
2025-01-28,Kerala,10.8505,76.2711,0.0,25.9,12.0,1005.3,60.6,OBS_20250128_KER
2025-01-28,Rajasthan,27.0238,74.2179,6.2,21.2,13.5,1009.4,60.9,OBS_20250128_RAJ
2025-01-28,Odisha,20.9517,85.0985,2.5,22.7,11.7,1004.6,46.7,OBS_20250128_ODI
2025-01-28,Assam,26.2006,92.9376,23.3,18.2,6.5,1005.5,56.1,OBS_20250128_ASS
2025-01-28,Punjab,31.1471,75.3412,6.9,23.8,10.2,1005.8,62.6,OBS_20250128_PUN
2025-01-28,Tamil Nadu,11.1271,78.6569,18.4,19.7,13.4,1001.5,56.5,OBS_20250128_TAM
2025-01-28,Andhra Pradesh,15.9129,79.74,11.4,20.8,7.5,1005.1,57.8,OBS_20250128_AND
2025-01-28,West Bengal,22.9868,87.855,3.5,20.1,13.1,1006.1,51.1,OBS_20250128_WES
2025-01-28,Madhya Pradesh,22.9734,78.6569,0.0,21.9,6.8,1009.8,51.9,OBS_20250128_MAD
2025-01-28,Uttar Pradesh,26.8467,80.9462,4.7,24.3,7.3,1006.8,60.7,OBS_20250128_UTT
2025-01-28,Karnataka,15.3173,75.7139,2.4,20.7,2.6,1003.4,56.2,OBS_20250128_KAR
2025-01-28,Himachal Pradesh,31.1048,77.1734,0.8,21.3,13.0,1007.5,59.5,OBS_20250128_HIM
2025-01-28,Bihar,25.0961,85.3131,6.1,20.2,14.8,1006.2,45.7,OBS_20250128_BIH
2025-01-29,Gujarat,22.2587,71.1924,0.0,17.8,12.0,1008.4,60.0,OBS_20250129_GUJ
2025-01-29,Maharashtra,19.7515,75.7139,0.0,19.5,4.5,1003.9,55.4,OBS_20250129_MAH
2025-01-29,Kerala,10.8505,76.2711,6.4,24.8,14.2,1008.0,68.2,OBS_20250129_KER
2025-01-29,Rajasthan,27.0238,74.2179,6.7,23.6,10.7,1004.7,53.5,OBS_20250129_RAJ
2025-01-29,Odisha,20.9517,85.0985,0.0,24.6,9.7,1007.5,57.1,OBS_20250129_ODI
2025-01-29,Assam,26.2006,92.9376,8.7,23.3,11.4,1007.0,61.3,OBS_20250129_ASS
2025-01-29,Punjab,31.1471,75.3412,9.6,22.4,15.8,1006.7,48.1,OBS_20250129_PUN
2025-01-29,Tamil Nadu,11.1271,78.6569,9.8,20.4,11.1,1003.1,59.1,OBS_20250129_TAM
2025-01-29,Andhra Pradesh,15.9129,79.74,14.3,26.1,10.1,1004.6,67.6,OBS_20250129_AND
2025-01-29,West Bengal,22.9868,87.855,6.8,24.2,17.5,1011.4,65.6,OBS_20250129_WES
2025-01-29,Madhya Pradesh,22.9734,78.6569,0.0,20.6,12.4,1002.3,50.3,OBS_20250129_MAD
2025-01-29,Uttar Pradesh,26.8467,80.9462,19.3,21.3,4.8,1004.1,54.1,OBS_20250129_UTT
2025-01-29,Karnataka,15.3173,75.7139,0.0,19.7,14.0,1004.6,61.4,OBS_20250129_KAR
2025-01-29,Himachal Pradesh,31.1048,77.1734,5.5,17.8,5.7,1004.4,55.1,OBS_20250129_HIM
2025-01-29,Bihar,25.0961,85.3131,20.0,19.9,7.7,1004.0,61.9,OBS_20250129_BIH
2025-01-30,Gujarat,22.2587,71.1924,8.6,19.2,7.7,1006.3,61.0,OBS_20250130_GUJ
2025-01-30,Maharashtra,19.7515,75.7139,5.6,15.9,15.0,1004.4,53.7,OBS_20250130_MAH
2025-01-30,Kerala,10.8505,76.2711,0.0,24.6,8.5,1006.2,53.2,OBS_20250130_KER
2025-01-30,Rajasthan,27.0238,74.2179,0.0,20.5,11.9,1010.2,65.8,OBS_20250130_RAJ
2025-01-30,Odisha,20.9517,85.0985,18.3,20.2,11.3,1005.3,56.9,OBS_20250130_ODI
2025-01-30,Assam,26.2006,92.9376,0.0,24.1,14.7,1006.0,48.8,OBS_20250130_ASS
2025-01-30,Punjab,31.1471,75.3412,11.2,23.0,16.1,1004.3,67.0,OBS_20250130_PUN
2025-01-30,Tamil Nadu,11.1271,78.6569,25.7,20.5,11.9,1005.4,65.0,OBS_20250130_TAM
2025-01-30,Andhra Pradesh,15.9129,79.74,15.2,24.1,10.4,1004.5,44.1,OBS_20250130_AND
2025-01-30,West Bengal,22.9868,87.855,0.0,17.6,15.6,1006.2,54.5,OBS_20250130_WES
2025-01-30,Madhya Pradesh,22.9734,78.6569,0.9,22.6,8.0,1006.8,56.0,OBS_20250130_MAD
2025-01-30,Uttar Pradesh,26.8467,80.9462,0.0,22.0,11.9,1007.7,53.1,OBS_20250130_UTT
2025-01-30,Karnataka,15.3173,75.7139,93.9,21.6,12.4,1009.2,53.2,OBS_20250130_KAR
2025-01-30,Himachal Pradesh,31.1048,77.1734,5.1,22.0,9.2,1007.8,47.9,OBS_20250130_HIM
2025-01-30,Bihar,25.0961,85.3131,125.3,23.4,9.8,1007.4,53.2,OBS_20250130_BIH
2025-01-31,Gujarat,22.2587,71.1924,0.0,21.8,11.1,1004.5,65.5,OBS_20250131_GUJ
2025-01-31,Maharashtra,19.7515,75.7139,0.2,24.3,9.5,1007.0,69.5,OBS_20250131_MAH
2025-01-31,Kerala,10.8505,76.2711,1.2,23.2,7.5,1004.7,60.9,OBS_20250131_KER
2025-01-31,Rajasthan,27.0238,74.2179,0.8,20.1,20.1,1007.5,56.7,OBS_20250131_RAJ
2025-01-31,Odisha,20.9517,85.0985,0.0,24.4,7.5,1007.8,58.3,OBS_20250131_ODI
2025-01-31,Assam,26.2006,92.9376,11.6,22.2,6.4,1006.3,50.6,OBS_20250131_ASS
2025-01-31,Punjab,31.1471,75.3412,0.0,23.9,7.8,1004.9,50.8,OBS_20250131_PUN
2025-01-31,Tamil Nadu,11.1271,78.6569,6.1,19.6,20.8,1008.2,67.4,OBS_20250131_TAM
2025-01-31,Andhra Pradesh,15.9129,79.74,0.0,20.3,12.8,1005.9,51.9,OBS_20250131_AND
2025-01-31,West Bengal,22.9868,87.855,0.0,22.6,12.9,1004.5,67.1,OBS_20250131_WES
2025-01-31,Madhya Pradesh,22.9734,78.6569,13.6,18.1,8.9,1005.7,60.7,OBS_20250131_MAD
2025-01-31,Uttar Pradesh,26.8467,80.9462,11.2,19.6,13.9,1006.5,46.1,OBS_20250131_UTT
2025-01-31,Karnataka,15.3173,75.7139,5.3,25.7,5.8,1003.2,55.0,OBS_20250131_KAR
2025-01-31,Himachal Pradesh,31.1048,77.1734,0.0,22.9,8.6,1007.5,44.3,OBS_20250131_HIM
2025-01-31,Bihar,25.0961,85.3131,27.6,18.2,14.4,1006.8,60.7,OBS_20250131_BIH
2025-02-01,Gujarat,22.2587,71.1924,0.0,24.5,7.9,1006.4,54.8,OBS_20250201_GUJ
2025-02-01,Maharashtra,19.7515,75.7139,0.0,23.8,8.0,1001.5,45.8,OBS_20250201_MAH
2025-02-01,Kerala,10.8505,76.2711,0.0,21.9,10.8,1011.3,56.7,OBS_20250201_KER
2025-02-01,Rajasthan,27.0238,74.2179,14.0,18.7,10.3,1005.0,47.8,OBS_20250201_RAJ
2025-02-01,Odisha,20.9517,85.0985,0.0,21.1,13.8,1007.1,41.3,OBS_20250201_ODI
2025-02-01,Assam,26.2006,92.9376,0.0,21.9,9.8,1006.0,67.3,OBS_20250201_ASS
2025-02-01,Punjab,31.1471,75.3412,0.0,24.2,13.1,1001.5,65.8,OBS_20250201_PUN
2025-02-01,Tamil Nadu,11.1271,78.6569,15.2,23.1,12.2,1008.4,74.8,OBS_20250201_TAM
2025-02-01,Andhra Pradesh,15.9129,79.74,6.9,22.0,21.3,1006.6,62.0,OBS_20250201_AND
2025-02-01,West Bengal,22.9868,87.855,1.6,20.9,4.8,1007.3,68.9,OBS_20250201_WES
2025-02-01,Madhya Pradesh,22.9734,78.6569,6.3,21.2,13.6,1007.7,42.6,OBS_20250201_MAD
2025-02-01,Uttar Pradesh,26.8467,80.9462,0.0,24.6,10.4,1006.7,58.5,OBS_20250201_UTT
2025-02-01,Karnataka,15.3173,75.7139,4.7,23.1,9.2,1006.3,57.4,OBS_20250201_KAR
2025-02-01,Himachal Pradesh,31.1048,77.1734,10.9,23.0,17.2,1005.6,56.5,OBS_20250201_HIM
2025-02-01,Bihar,25.0961,85.3131,0.0,22.9,12.3,1006.9,53.7,OBS_20250201_BIH
2025-02-02,Gujarat,22.2587,71.1924,14.4,20.5,12.4,1009.4,60.2,OBS_20250202_GUJ
2025-02-02,Maharashtra,19.7515,75.7139,0.0,23.0,18.2,1004.1,55.0,OBS_20250202_MAH
2025-02-02,Kerala,10.8505,76.2711,0.0,17.9,8.6,1010.9,66.0,OBS_20250202_KER
2025-02-02,Rajasthan,27.0238,74.2179,0.4,22.3,10.9,1005.1,50.7,OBS_20250202_RAJ
2025-02-02,Odisha,20.9517,85.0985,9.0,19.9,9.6,1009.6,62.8,OBS_20250202_ODI
2025-02-02,Assam,26.2006,92.9376,0.0,18.7,15.0,1006.4,56.5,OBS_20250202_ASS
2025-02-02,Punjab,31.1471,75.3412,0.0,23.5,6.0,1008.4,57.9,OBS_20250202_PUN
2025-02-02,Tamil Nadu,11.1271,78.6569,0.0,20.4,12.8,1006.6,56.7,OBS_20250202_TAM
2025-02-02,Andhra Pradesh,15.9129,79.74,9.5,19.9,15.0,1006.2,51.5,OBS_20250202_AND
2025-02-02,West Bengal,22.9868,87.855,0.1,23.4,9.2,1006.5,69.6,OBS_20250202_WES
2025-02-02,Madhya Pradesh,22.9734,78.6569,9.8,20.6,20.2,1004.3,54.7,OBS_20250202_MAD
2025-02-02,Uttar Pradesh,26.8467,80.9462,4.8,22.7,13.1,1007.4,54.1,OBS_20250202_UTT
2025-02-02,Karnataka,15.3173,75.7139,3.0,20.2,17.5,1003.5,54.0,OBS_20250202_KAR
2025-02-02,Himachal Pradesh,31.1048,77.1734,0.0,23.4,13.5,1005.2,53.7,OBS_20250202_HIM
2025-02-02,Bihar,25.0961,85.3131,1.6,22.3,11.8,1004.8,56.7,OBS_20250202_BIH
2025-02-03,Gujarat,22.2587,71.1924,9.7,23.2,13.9,1007.7,51.9,OBS_20250203_GUJ
2025-02-03,Maharashtra,19.7515,75.7139,19.9,22.0,8.3,1004.4,52.0,OBS_20250203_MAH
2025-02-03,Kerala,10.8505,76.2711,0.0,20.7,10.9,1009.1,54.8,OBS_20250203_KER
2025-02-03,Rajasthan,27.0238,74.2179,0.0,20.7,10.9,1004.7,46.2,OBS_20250203_RAJ
2025-02-03,Odisha,20.9517,85.0985,0.0,20.3,9.2,1003.8,52.0,OBS_20250203_ODI
2025-02-03,Assam,26.2006,92.9376,0.0,20.7,9.6,1009.2,63.6,OBS_20250203_ASS
2025-02-03,Punjab,31.1471,75.3412,0.0,25.2,14.5,1007.4,57.5,OBS_20250203_PUN
2025-02-03,Tamil Nadu,11.1271,78.6569,11.7,23.0,11.1,1009.7,67.2,OBS_20250203_TAM
2025-02-03,Andhra Pradesh,15.9129,79.74,1.3,21.1,9.4,1004.9,53.7,OBS_20250203_AND
2025-02-03,West Bengal,22.9868,87.855,0.0,22.8,4.2,1005.5,63.0,OBS_20250203_WES
2025-02-03,Madhya Pradesh,22.9734,78.6569,0.0,21.6,11.8,1004.6,55.2,OBS_20250203_MAD
2025-02-03,Uttar Pradesh,26.8467,80.9462,14.4,19.3,11.8,1006.2,52.6,OBS_20250203_UTT
2025-02-03,Karnataka,15.3173,75.7139,11.7,17.5,13.7,1001.6,54.9,OBS_20250203_KAR
2025-02-03,Himachal Pradesh,31.1048,77.1734,3.6,23.2,7.6,1004.1,41.7,OBS_20250203_HIM
2025-02-03,Bihar,25.0961,85.3131,0.0,20.2,8.5,1005.8,47.5,OBS_20250203_BIH
2025-02-04,Gujarat,22.2587,71.1924,3.1,21.1,6.5,1005.2,58.0,OBS_20250204_GUJ
2025-02-04,Maharashtra,19.7515,75.7139,5.0,22.1,14.8,1009.5,55.2,OBS_20250204_MAH
2025-02-04,Kerala,10.8505,76.2711,20.3,24.2,7.2,1005.1,55.0,OBS_20250204_KER
2025-02-04,Rajasthan,27.0238,74.2179,5.3,25.5,12.7,1008.0,65.9,OBS_20250204_RAJ
2025-02-04,Odisha,20.9517,85.0985,0.0,20.5,15.6,1005.3,58.1,OBS_20250204_ODI
2025-02-04,Assam,26.2006,92.9376,23.2,24.4,11.0,1006.4,54.6,OBS_20250204_ASS
2025-02-04,Punjab,31.1471,75.3412,10.9,21.0,14.6,1005.6,53.6,OBS_20250204_PUN
2025-02-04,Tamil Nadu,11.1271,78.6569,12.8,20.1,4.4,1004.5,51.4,OBS_20250204_TAM
2025-02-04,Andhra Pradesh,15.9129,79.74,5.3,25.0,14.8,1004.7,55.3,OBS_20250204_AND
2025-02-04,West Bengal,22.9868,87.855,1.2,21.8,6.1,1003.5,55.0,OBS_20250204_WES
2025-02-04,Madhya Pradesh,22.9734,78.6569,0.0,24.9,14.8,1004.5,50.8,OBS_20250204_MAD
2025-02-04,Uttar Pradesh,26.8467,80.9462,0.0,25.4,16.0,1002.9,61.5,OBS_20250204_UTT
2025-02-04,Karnataka,15.3173,75.7139,8.7,21.4,12.7,1008.9,46.5,OBS_20250204_KAR
2025-02-04,Himachal Pradesh,31.1048,77.1734,0.0,21.6,16.9,1008.1,66.3,OBS_20250204_HIM
2025-02-04,Bihar,25.0961,85.3131,0.0,17.2,9.7,1006.8,48.8,OBS_20250204_BIH
2025-02-05,Gujarat,22.2587,71.1924,0.0,20.5,2.2,1006.5,59.8,OBS_20250205_GUJ
2025-02-05,Maharashtra,19.7515,75.7139,0.0,18.8,8.6,1004.5,54.8,OBS_20250205_MAH
2025-02-05,Kerala,10.8505,76.2711,10.5,24.3,14.2,1002.8,45.8,OBS_20250205_KER
2025-02-05,Rajasthan,27.0238,74.2179,1.1,22.6,6.5,1007.3,54.9,OBS_20250205_RAJ
2025-02-05,Odisha,20.9517,85.0985,0.0,23.6,12.3,1001.1,61.6,OBS_20250205_ODI
2025-02-05,Assam,26.2006,92.9376,0.0,19.2,9.7,1003.8,62.7,OBS_20250205_ASS
2025-02-05,Punjab,31.1471,75.3412,0.5,25.0,10.9,1010.7,56.3,OBS_20250205_PUN
2025-02-05,Tamil Nadu,11.1271,78.6569,0.0,20.3,18.1,1004.7,55.1,OBS_20250205_TAM
2025-02-05,Andhra Pradesh,15.9129,79.74,4.8,23.1,14.5,1008.7,60.2,OBS_20250205_AND
2025-02-05,West Bengal,22.9868,87.855,10.4,21.3,6.5,1004.9,61.4,OBS_20250205_WES
2025-02-05,Madhya Pradesh,22.9734,78.6569,4.3,18.8,8.9,1007.6,55.3,OBS_20250205_MAD
2025-02-05,Uttar Pradesh,26.8467,80.9462,0.9,24.6,6.0,1003.4,59.7,OBS_20250205_UTT
2025-02-05,Karnataka,15.3173,75.7139,5.8,20.9,5.4,1004.7,50.9,OBS_20250205_KAR
2025-02-05,Himachal Pradesh,31.1048,77.1734,15.1,23.4,11.7,1006.9,56.0,OBS_20250205_HIM
2025-02-05,Bihar,25.0961,85.3131,0.0,21.5,12.2,1003.4,64.4,OBS_20250205_BIH
2025-02-06,Gujarat,22.2587,71.1924,3.2,19.3,5.0,1005.2,44.5,OBS_20250206_GUJ
2025-02-06,Maharashtra,19.7515,75.7139,8.6,23.3,11.0,1008.3,61.0,OBS_20250206_MAH
2025-02-06,Kerala,10.8505,76.2711,0.0,25.5,12.3,1004.7,57.5,OBS_20250206_KER
2025-02-06,Rajasthan,27.0238,74.2179,16.0,22.0,17.2,1005.7,43.2,OBS_20250206_RAJ
2025-02-06,Odisha,20.9517,85.0985,0.0,24.4,11.5,1010.0,37.1,OBS_20250206_ODI
2025-02-06,Assam,26.2006,92.9376,0.0,18.2,11.5,1004.4,45.1,OBS_20250206_ASS
2025-02-06,Punjab,31.1471,75.3412,7.1,23.3,3.6,1005.8,60.9,OBS_20250206_PUN
2025-02-06,Tamil Nadu,11.1271,78.6569,20.8,20.3,10.3,1007.8,52.1,OBS_20250206_TAM
2025-02-06,Andhra Pradesh,15.9129,79.74,5.9,21.3,14.5,1004.0,59.2,OBS_20250206_AND
2025-02-06,West Bengal,22.9868,87.855,8.5,22.3,9.6,1007.6,57.7,OBS_20250206_WES
2025-02-06,Madhya Pradesh,22.9734,78.6569,0.0,23.8,11.5,1010.2,63.6,OBS_20250206_MAD
2025-02-06,Uttar Pradesh,26.8467,80.9462,0.0,18.6,13.4,1004.3,52.3,OBS_20250206_UTT
2025-02-06,Karnataka,15.3173,75.7139,4.1,23.2,3.5,1002.6,60.6,OBS_20250206_KAR
2025-02-06,Himachal Pradesh,31.1048,77.1734,0.0,21.8,7.4,1007.4,52.8,OBS_20250206_HIM
2025-02-06,Bihar,25.0961,85.3131,7.2,23.9,18.5,1008.0,62.9,OBS_20250206_BIH
2025-02-07,Gujarat,22.2587,71.1924,13.1,19.7,13.4,1004.9,50.7,OBS_20250207_GUJ
2025-02-07,Maharashtra,19.7515,75.7139,0.0,21.2,17.3,1006.5,49.7,OBS_20250207_MAH
2025-02-07,Kerala,10.8505,76.2711,4.3,20.0,14.4,1008.1,49.3,OBS_20250207_KER
2025-02-07,Rajasthan,27.0238,74.2179,22.0,20.4,12.6,1005.2,68.8,OBS_20250207_RAJ
2025-02-07,Odisha,20.9517,85.0985,9.2,21.0,8.7,1005.1,43.6,OBS_20250207_ODI
2025-02-07,Assam,26.2006,92.9376,1.8,21.1,9.6,1009.0,65.4,OBS_20250207_ASS
2025-02-07,Punjab,31.1471,75.3412,1.6,22.3,12.8,1008.8,46.9,OBS_20250207_PUN
2025-02-07,Tamil Nadu,11.1271,78.6569,2.5,20.9,9.9,1004.7,60.1,OBS_20250207_TAM
2025-02-07,Andhra Pradesh,15.9129,79.74,6.8,20.4,11.2,1006.1,56.1,OBS_20250207_AND
2025-02-07,West Bengal,22.9868,87.855,17.2,18.0,9.4,1007.2,59.9,OBS_20250207_WES
2025-02-07,Madhya Pradesh,22.9734,78.6569,13.9,21.3,9.9,1006.0,56.4,OBS_20250207_MAD
2025-02-07,Uttar Pradesh,26.8467,80.9462,0.0,19.8,8.1,1002.9,58.6,OBS_20250207_UTT
2025-02-07,Karnataka,15.3173,75.7139,0.0,20.8,17.9,1005.9,53.6,OBS_20250207_KAR
2025-02-07,Himachal Pradesh,31.1048,77.1734,13.2,16.4,15.6,1008.4,43.8,OBS_20250207_HIM
2025-02-07,Bihar,25.0961,85.3131,0.0,25.4,17.0,1007.8,33.7,OBS_20250207_BIH
2025-02-08,Gujarat,22.2587,71.1924,0.0,22.4,11.9,1006.8,51.5,OBS_20250208_GUJ
2025-02-08,Maharashtra,19.7515,75.7139,0.0,22.9,13.0,1006.3,57.4,OBS_20250208_MAH
2025-02-08,Kerala,10.8505,76.2711,6.7,20.7,8.7,1004.9,50.3,OBS_20250208_KER
2025-02-08,Rajasthan,27.0238,74.2179,0.0,26.2,9.1,1005.5,60.0,OBS_20250208_RAJ
2025-02-08,Odisha,20.9517,85.0985,12.8,19.2,9.6,1006.1,61.9,OBS_20250208_ODI
2025-02-08,Assam,26.2006,92.9376,0.0,23.8,7.4,1003.4,63.4,OBS_20250208_ASS
2025-02-08,Punjab,31.1471,75.3412,6.9,17.3,15.5,1005.2,44.2,OBS_20250208_PUN
2025-02-08,Tamil Nadu,11.1271,78.6569,4.1,22.8,14.9,1006.0,57.1,OBS_20250208_TAM
2025-02-08,Andhra Pradesh,15.9129,79.74,0.0,21.1,12.0,1005.5,46.6,OBS_20250208_AND
2025-02-08,West Bengal,22.9868,87.855,0.0,21.7,7.5,1006.0,51.6,OBS_20250208_WES
2025-02-08,Madhya Pradesh,22.9734,78.6569,0.0,17.2,5.0,1006.1,53.9,OBS_20250208_MAD
2025-02-08,Uttar Pradesh,26.8467,80.9462,0.0,18.8,10.9,1008.2,56.3,OBS_20250208_UTT
2025-02-08,Karnataka,15.3173,75.7139,4.1,24.4,12.0,1010.3,51.0,OBS_20250208_KAR
2025-02-08,Himachal Pradesh,31.1048,77.1734,0.0,24.0,8.4,1011.4,56.7,OBS_20250208_HIM
2025-02-08,Bihar,25.0961,85.3131,0.0,19.8,11.2,1009.1,54.8,OBS_20250208_BIH
2025-02-09,Gujarat,22.2587,71.1924,0.0,23.6,13.1,1005.7,46.3,OBS_20250209_GUJ
2025-02-09,Maharashtra,19.7515,75.7139,0.0,23.9,6.3,1005.8,49.4,OBS_20250209_MAH
2025-02-09,Kerala,10.8505,76.2711,0.0,19.8,8.7,1008.6,49.1,OBS_20250209_KER
2025-02-09,Rajasthan,27.0238,74.2179,5.0,20.7,8.0,1006.9,53.8,OBS_20250209_RAJ
2025-02-09,Odisha,20.9517,85.0985,0.0,19.1,13.3,1007.1,68.1,OBS_20250209_ODI
2025-02-09,Assam,26.2006,92.9376,0.0,21.9,5.0,1003.8,59.1,OBS_20250209_ASS
2025-02-09,Punjab,31.1471,75.3412,10.1,24.7,14.6,1007.1,63.4,OBS_20250209_PUN
2025-02-09,Tamil Nadu,11.1271,78.6569,1.2,23.3,13.7,1004.1,56.0,OBS_20250209_TAM
2025-02-09,Andhra Pradesh,15.9129,79.74,5.1,20.8,13.6,1007.3,56.2,OBS_20250209_AND
2025-02-09,West Bengal,22.9868,87.855,0.0,23.3,12.6,1010.4,40.9,OBS_20250209_WES
2025-02-09,Madhya Pradesh,22.9734,78.6569,0.0,21.7,2.5,1006.4,48.2,OBS_20250209_MAD
2025-02-09,Uttar Pradesh,26.8467,80.9462,0.0,20.5,12.7,1011.7,64.0,OBS_20250209_UTT
2025-02-09,Karnataka,15.3173,75.7139,0.0,22.6,17.9,1007.8,46.6,OBS_20250209_KAR
2025-02-09,Himachal Pradesh,31.1048,77.1734,18.5,19.1,18.8,1007.3,60.5,OBS_20250209_HIM
2025-02-09,Bihar,25.0961,85.3131,26.4,24.9,10.2,1005.6,53.7,OBS_20250209_BIH
2025-02-10,Gujarat,22.2587,71.1924,3.4,23.8,12.5,1007.4,65.1,OBS_20250210_GUJ
2025-02-10,Maharashtra,19.7515,75.7139,0.0,22.4,15.7,1006.3,56.6,OBS_20250210_MAH
2025-02-10,Kerala,10.8505,76.2711,0.0,23.4,18.8,1000.7,53.6,OBS_20250210_KER
2025-02-10,Rajasthan,27.0238,74.2179,10.0,21.1,6.8,1007.5,49.8,OBS_20250210_RAJ
2025-02-10,Odisha,20.9517,85.0985,3.0,24.1,12.3,1004.6,73.4,OBS_20250210_ODI
2025-02-10,Assam,26.2006,92.9376,0.0,26.3,15.8,1004.6,39.2,OBS_20250210_ASS
2025-02-10,Punjab,31.1471,75.3412,0.0,19.6,6.2,1004.9,51.7,OBS_20250210_PUN
2025-02-10,Tamil Nadu,11.1271,78.6569,13.4,24.1,13.5,1004.3,43.0,OBS_20250210_TAM
2025-02-10,Andhra Pradesh,15.9129,79.74,2.4,21.6,13.2,1005.2,61.6,OBS_20250210_AND
2025-02-10,West Bengal,22.9868,87.855,0.3,23.0,9.2,1003.9,55.6,OBS_20250210_WES
2025-02-10,Madhya Pradesh,22.9734,78.6569,0.0,20.5,14.9,1005.9,47.2,OBS_20250210_MAD
2025-02-10,Uttar Pradesh,26.8467,80.9462,0.0,26.7,6.0,1008.5,53.1,OBS_20250210_UTT
2025-02-10,Karnataka,15.3173,75.7139,13.6,23.8,18.5,1009.6,55.2,OBS_20250210_KAR
2025-02-10,Himachal Pradesh,31.1048,77.1734,0.8,26.6,12.9,1005.5,55.1,OBS_20250210_HIM
2025-02-10,Bihar,25.0961,85.3131,0.0,24.7,10.6,1008.5,65.0,OBS_20250210_BIH
2025-02-11,Gujarat,22.2587,71.1924,2.2,23.9,12.7,1004.8,54.5,OBS_20250211_GUJ
2025-02-11,Maharashtra,19.7515,75.7139,2.6,20.1,8.5,1007.4,47.8,OBS_20250211_MAH
2025-02-11,Kerala,10.8505,76.2711,0.0,24.0,11.5,1003.3,68.2,OBS_20250211_KER
2025-02-11,Rajasthan,27.0238,74.2179,1.6,23.0,8.1,1008.6,55.1,OBS_20250211_RAJ
2025-02-11,Odisha,20.9517,85.0985,7.0,20.0,10.3,1010.4,53.6,OBS_20250211_ODI
2025-02-11,Assam,26.2006,92.9376,0.0,22.1,12.9,1004.1,54.1,OBS_20250211_ASS
2025-02-11,Punjab,31.1471,75.3412,7.3,22.6,8.6,1007.7,58.1,OBS_20250211_PUN
2025-02-11,Tamil Nadu,11.1271,78.6569,3.8,20.6,18.4,1006.0,51.4,OBS_20250211_TAM
2025-02-11,Andhra Pradesh,15.9129,79.74,3.7,24.3,8.4,1004.3,59.7,OBS_20250211_AND
2025-02-11,West Bengal,22.9868,87.855,0.0,24.0,11.2,1007.9,51.7,OBS_20250211_WES
2025-02-11,Madhya Pradesh,22.9734,78.6569,0.0,24.7,6.6,1007.6,67.0,OBS_20250211_MAD
2025-02-11,Uttar Pradesh,26.8467,80.9462,0.0,22.8,7.2,1008.4,57.2,OBS_20250211_UTT
2025-02-11,Karnataka,15.3173,75.7139,0.0,18.9,7.5,1006.3,45.0,OBS_20250211_KAR
2025-02-11,Himachal Pradesh,31.1048,77.1734,0.7,25.0,19.0,1006.5,53.9,OBS_20250211_HIM
2025-02-11,Bihar,25.0961,85.3131,0.0,27.5,5.7,1009.7,52.3,OBS_20250211_BIH
2025-02-12,Gujarat,22.2587,71.1924,4.4,21.1,20.2,1005.5,52.7,OBS_20250212_GUJ
2025-02-12,Maharashtra,19.7515,75.7139,0.0,23.2,8.3,1008.5,54.0,OBS_20250212_MAH
2025-02-12,Kerala,10.8505,76.2711,0.0,27.8,8.5,1003.3,56.2,OBS_20250212_KER
2025-02-12,Rajasthan,27.0238,74.2179,1.0,20.3,10.8,1006.7,55.5,OBS_20250212_RAJ
2025-02-12,Odisha,20.9517,85.0985,0.0,24.5,9.0,1003.6,54.6,OBS_20250212_ODI
2025-02-12,Assam,26.2006,92.9376,4.6,22.4,12.7,1003.3,44.7,OBS_20250212_ASS
2025-02-12,Punjab,31.1471,75.3412,1.3,25.2,1.3,1002.0,45.0,OBS_20250212_PUN
2025-02-12,Tamil Nadu,11.1271,78.6569,0.0,25.3,16.0,999.7,55.8,OBS_20250212_TAM
2025-02-12,Andhra Pradesh,15.9129,79.74,13.0,18.3,9.3,1003.4,56.4,OBS_20250212_AND
2025-02-12,West Bengal,22.9868,87.855,4.3,23.7,15.6,1005.1,71.5,OBS_20250212_WES
2025-02-12,Madhya Pradesh,22.9734,78.6569,0.0,22.0,12.6,1005.1,66.7,OBS_20250212_MAD
2025-02-12,Uttar Pradesh,26.8467,80.9462,0.0,23.0,13.9,1006.1,58.6,OBS_20250212_UTT
2025-02-12,Karnataka,15.3173,75.7139,0.0,25.4,11.1,1004.7,57.7,OBS_20250212_KAR
2025-02-12,Himachal Pradesh,31.1048,77.1734,0.0,24.6,8.1,1004.6,49.0,OBS_20250212_HIM
2025-02-12,Bihar,25.0961,85.3131,0.0,23.2,7.8,1005.4,55.3,OBS_20250212_BIH
2025-02-13,Gujarat,22.2587,71.1924,7.5,21.6,22.7,1007.2,57.7,OBS_20250213_GUJ
2025-02-13,Maharashtra,19.7515,75.7139,0.0,25.0,9.6,1005.4,47.3,OBS_20250213_MAH
2025-02-13,Kerala,10.8505,76.2711,0.0,23.4,12.4,1011.9,53.8,OBS_20250213_KER
2025-02-13,Rajasthan,27.0238,74.2179,0.0,21.9,6.7,1003.4,47.3,OBS_20250213_RAJ
2025-02-13,Odisha,20.9517,85.0985,9.8,25.4,7.7,1003.7,55.0,OBS_20250213_ODI
2025-02-13,Assam,26.2006,92.9376,14.3,22.0,1.0,1006.8,42.9,OBS_20250213_ASS
2025-02-13,Punjab,31.1471,75.3412,0.0,24.8,9.3,1011.4,51.2,OBS_20250213_PUN
2025-02-13,Tamil Nadu,11.1271,78.6569,0.0,21.1,11.6,1002.5,49.6,OBS_20250213_TAM
2025-02-13,Andhra Pradesh,15.9129,79.74,0.0,20.7,10.3,1011.8,58.0,OBS_20250213_AND
2025-02-13,West Bengal,22.9868,87.855,0.0,26.9,14.4,1004.6,57.2,OBS_20250213_WES
2025-02-13,Madhya Pradesh,22.9734,78.6569,0.0,21.8,17.7,1006.7,57.4,OBS_20250213_MAD
2025-02-13,Uttar Pradesh,26.8467,80.9462,3.1,16.6,14.0,1002.9,50.5,OBS_20250213_UTT
2025-02-13,Karnataka,15.3173,75.7139,0.0,22.4,16.0,1005.6,58.0,OBS_20250213_KAR
2025-02-13,Himachal Pradesh,31.1048,77.1734,0.0,26.3,6.2,1010.2,58.3,OBS_20250213_HIM
2025-02-13,Bihar,25.0961,85.3131,0.0,20.5,10.4,1007.0,53.3,OBS_20250213_BIH
2025-02-14,Gujarat,22.2587,71.1924,5.3,22.3,12.6,1009.3,56.8,OBS_20250214_GUJ
2025-02-14,Maharashtra,19.7515,75.7139,14.4,23.7,11.3,1007.6,58.6,OBS_20250214_MAH
2025-02-14,Kerala,10.8505,76.2711,11.8,21.1,5.9,1009.7,62.5,OBS_20250214_KER
2025-02-14,Rajasthan,27.0238,74.2179,10.3,19.7,10.6,1001.8,61.9,OBS_20250214_RAJ
2025-02-14,Odisha,20.9517,85.0985,3.1,21.7,12.0,1005.6,36.7,OBS_20250214_ODI
2025-02-14,Assam,26.2006,92.9376,0.0,19.5,12.0,1006.1,47.8,OBS_20250214_ASS
2025-02-14,Punjab,31.1471,75.3412,0.0,21.1,11.7,1003.8,57.3,OBS_20250214_PUN
2025-02-14,Tamil Nadu,11.1271,78.6569,13.0,23.3,12.1,1008.8,58.3,OBS_20250214_TAM
2025-02-14,Andhra Pradesh,15.9129,79.74,0.0,21.8,6.2,1004.4,54.5,OBS_20250214_AND
2025-02-14,West Bengal,22.9868,87.855,0.0,20.0,12.2,1009.7,58.2,OBS_20250214_WES
2025-02-14,Madhya Pradesh,22.9734,78.6569,0.0,18.1,16.1,1004.3,66.0,OBS_20250214_MAD
2025-02-14,Uttar Pradesh,26.8467,80.9462,0.0,24.5,8.6,1004.3,58.5,OBS_20250214_UTT
2025-02-14,Karnataka,15.3173,75.7139,0.0,29.1,9.7,1005.2,48.0,OBS_20250214_KAR
2025-02-14,Himachal Pradesh,31.1048,77.1734,0.0,25.5,11.2,1004.0,58.0,OBS_20250214_HIM
2025-02-14,Bihar,25.0961,85.3131,4.3,23.3,15.7,1007.7,53.0,OBS_20250214_BIH
2025-02-15,Gujarat,22.2587,71.1924,0.0,20.5,13.9,1003.0,71.8,OBS_20250215_GUJ
2025-02-15,Maharashtra,19.7515,75.7139,3.2,22.5,14.0,1003.4,40.0,OBS_20250215_MAH
2025-02-15,Kerala,10.8505,76.2711,0.0,25.6,6.6,1006.6,45.0,OBS_20250215_KER
2025-02-15,Rajasthan,27.0238,74.2179,0.0,19.2,13.1,1006.9,51.6,OBS_20250215_RAJ
2025-02-15,Odisha,20.9517,85.0985,36.5,21.1,7.1,1006.9,50.9,OBS_20250215_ODI
2025-02-15,Assam,26.2006,92.9376,0.0,25.8,18.0,1006.8,59.4,OBS_20250215_ASS
2025-02-15,Punjab,31.1471,75.3412,4.2,19.7,12.4,1006.0,56.5,OBS_20250215_PUN
2025-02-15,Tamil Nadu,11.1271,78.6569,95.7,20.7,17.4,1008.4,55.1,OBS_20250215_TAM
2025-02-15,Andhra Pradesh,15.9129,79.74,11.4,23.2,13.2,1003.9,52.8,OBS_20250215_AND
2025-02-15,West Bengal,22.9868,87.855,2.4,22.0,11.6,1005.5,47.9,OBS_20250215_WES
2025-02-15,Madhya Pradesh,22.9734,78.6569,7.4,20.1,3.1,1005.2,51.3,OBS_20250215_MAD
2025-02-15,Uttar Pradesh,26.8467,80.9462,1.1,23.1,15.8,1003.6,43.5,OBS_20250215_UTT
2025-02-15,Karnataka,15.3173,75.7139,3.2,22.6,7.6,1008.0,55.5,OBS_20250215_KAR
2025-02-15,Himachal Pradesh,31.1048,77.1734,0.0,19.6,8.2,1005.7,54.5,OBS_20250215_HIM
2025-02-15,Bihar,25.0961,85.3131,19.3,24.8,12.1,1006.7,59.3,OBS_20250215_BIH
2025-02-16,Gujarat,22.2587,71.1924,11.1,19.2,13.5,1003.9,45.9,OBS_20250216_GUJ
2025-02-16,Maharashtra,19.7515,75.7139,0.0,19.1,8.1,1006.0,49.0,OBS_20250216_MAH
2025-02-16,Kerala,10.8505,76.2711,0.0,24.3,10.5,1007.9,41.9,OBS_20250216_KER
2025-02-16,Rajasthan,27.0238,74.2179,8.4,23.5,9.9,1007.0,68.8,OBS_20250216_RAJ
2025-02-16,Odisha,20.9517,85.0985,16.2,21.0,9.6,1008.1,50.7,OBS_20250216_ODI
2025-02-16,Assam,26.2006,92.9376,5.4,19.4,11.6,1005.8,61.2,OBS_20250216_ASS
2025-02-16,Punjab,31.1471,75.3412,10.1,26.6,16.9,1002.1,55.0,OBS_20250216_PUN
2025-02-16,Tamil Nadu,11.1271,78.6569,0.0,24.5,5.5,1005.4,62.3,OBS_20250216_TAM
2025-02-16,Andhra Pradesh,15.9129,79.74,0.0,22.9,7.8,1006.1,58.2,OBS_20250216_AND
2025-02-16,West Bengal,22.9868,87.855,4.6,21.2,1.8,1008.4,50.3,OBS_20250216_WES
2025-02-16,Madhya Pradesh,22.9734,78.6569,0.0,18.6,10.5,1006.7,62.6,OBS_20250216_MAD
2025-02-16,Uttar Pradesh,26.8467,80.9462,9.1,18.9,7.7,1005.1,55.4,OBS_20250216_UTT
2025-02-16,Karnataka,15.3173,75.7139,0.0,26.2,20.8,1009.8,66.3,OBS_20250216_KAR
2025-02-16,Himachal Pradesh,31.1048,77.1734,0.0,23.9,12.9,1005.4,54.4,OBS_20250216_HIM
2025-02-16,Bihar,25.0961,85.3131,0.0,24.2,10.5,1006.9,57.0,OBS_20250216_BIH
2025-02-17,Gujarat,22.2587,71.1924,0.0,25.1,8.3,1004.6,62.8,OBS_20250217_GUJ
2025-02-17,Maharashtra,19.7515,75.7139,9.0,23.5,13.9,1008.4,50.2,OBS_20250217_MAH
2025-02-17,Kerala,10.8505,76.2711,0.0,23.5,15.1,1007.9,48.4,OBS_20250217_KER
2025-02-17,Rajasthan,27.0238,74.2179,0.0,23.5,5.9,1003.0,56.2,OBS_20250217_RAJ
2025-02-17,Odisha,20.9517,85.0985,1.7,21.2,13.6,1006.8,38.4,OBS_20250217_ODI
2025-02-17,Assam,26.2006,92.9376,0.0,28.1,10.6,1004.1,51.4,OBS_20250217_ASS
2025-02-17,Punjab,31.1471,75.3412,10.9,22.0,9.9,1006.4,55.2,OBS_20250217_PUN
2025-02-17,Tamil Nadu,11.1271,78.6569,18.1,19.2,12.3,1007.4,62.5,OBS_20250217_TAM
2025-02-17,Andhra Pradesh,15.9129,79.74,0.0,21.2,13.0,1007.0,49.8,OBS_20250217_AND
2025-02-17,West Bengal,22.9868,87.855,0.0,23.8,10.7,1006.9,53.4,OBS_20250217_WES
2025-02-17,Madhya Pradesh,22.9734,78.6569,17.8,30.2,12.4,1005.1,53.1,OBS_20250217_MAD
2025-02-17,Uttar Pradesh,26.8467,80.9462,1.2,24.7,20.0,1005.6,62.2,OBS_20250217_UTT
2025-02-17,Karnataka,15.3173,75.7139,0.0,15.7,13.1,1006.3,48.6,OBS_20250217_KAR
2025-02-17,Himachal Pradesh,31.1048,77.1734,0.0,20.2,15.5,1005.8,62.4,OBS_20250217_HIM
2025-02-17,Bihar,25.0961,85.3131,0.0,22.1,8.4,1004.0,57.0,OBS_20250217_BIH
2025-02-18,Gujarat,22.2587,71.1924,5.4,28.7,16.6,1003.8,67.7,OBS_20250218_GUJ
2025-02-18,Maharashtra,19.7515,75.7139,4.9,21.2,10.4,1010.5,57.5,OBS_20250218_MAH
2025-02-18,Kerala,10.8505,76.2711,100.8,21.3,14.7,1002.1,43.5,OBS_20250218_KER
2025-02-18,Rajasthan,27.0238,74.2179,0.0,24.5,5.8,1008.3,59.5,OBS_20250218_RAJ
2025-02-18,Odisha,20.9517,85.0985,11.4,28.6,8.6,1007.4,61.3,OBS_20250218_ODI
2025-02-18,Assam,26.2006,92.9376,4.2,21.8,11.8,1001.7,40.4,OBS_20250218_ASS
2025-02-18,Punjab,31.1471,75.3412,3.1,22.4,10.6,1005.7,51.8,OBS_20250218_PUN
2025-02-18,Tamil Nadu,11.1271,78.6569,1.9,21.3,8.4,1009.9,60.2,OBS_20250218_TAM
2025-02-18,Andhra Pradesh,15.9129,79.74,4.1,20.5,12.9,1006.3,46.0,OBS_20250218_AND
2025-02-18,West Bengal,22.9868,87.855,1.4,23.1,11.5,1007.6,50.6,OBS_20250218_WES
2025-02-18,Madhya Pradesh,22.9734,78.6569,16.0,20.4,11.2,1004.4,65.5,OBS_20250218_MAD
2025-02-18,Uttar Pradesh,26.8467,80.9462,7.9,24.7,13.2,1004.0,47.7,OBS_20250218_UTT
2025-02-18,Karnataka,15.3173,75.7139,0.0,27.0,16.5,1005.5,47.0,OBS_20250218_KAR
2025-02-18,Himachal Pradesh,31.1048,77.1734,7.2,23.9,5.2,1006.6,41.5,OBS_20250218_HIM
2025-02-18,Bihar,25.0961,85.3131,3.2,22.7,9.9,1005.2,46.4,OBS_20250218_BIH
2025-02-19,Gujarat,22.2587,71.1924,0.0,26.4,10.2,1004.4,54.1,OBS_20250219_GUJ
2025-02-19,Maharashtra,19.7515,75.7139,0.0,25.5,11.9,1005.2,55.7,OBS_20250219_MAH
2025-02-19,Kerala,10.8505,76.2711,5.0,25.4,7.4,1002.8,64.1,OBS_20250219_KER
2025-02-19,Rajasthan,27.0238,74.2179,9.9,25.5,10.8,1006.4,51.8,OBS_20250219_RAJ
2025-02-19,Odisha,20.9517,85.0985,0.0,23.8,4.7,1008.0,53.3,OBS_20250219_ODI
2025-02-19,Assam,26.2006,92.9376,0.0,26.1,15.9,1004.8,67.2,OBS_20250219_ASS
2025-02-19,Punjab,31.1471,75.3412,3.5,20.1,15.2,1005.2,47.8,OBS_20250219_PUN
2025-02-19,Tamil Nadu,11.1271,78.6569,55.0,24.1,11.2,1004.4,57.3,OBS_20250219_TAM
2025-02-19,Andhra Pradesh,15.9129,79.74,0.0,26.0,18.3,1007.1,55.3,OBS_20250219_AND
2025-02-19,West Bengal,22.9868,87.855,0.0,25.3,16.1,1006.0,43.9,OBS_20250219_WES
2025-02-19,Madhya Pradesh,22.9734,78.6569,0.0,20.7,7.7,1007.9,53.9,OBS_20250219_MAD
2025-02-19,Uttar Pradesh,26.8467,80.9462,15.3,17.9,11.4,1003.5,58.9,OBS_20250219_UTT
2025-02-19,Karnataka,15.3173,75.7139,25.5,20.1,7.0,1006.8,61.9,OBS_20250219_KAR
2025-02-19,Himachal Pradesh,31.1048,77.1734,2.4,24.6,13.7,1005.7,59.8,OBS_20250219_HIM
2025-02-19,Bihar,25.0961,85.3131,1.7,21.3,10.1,1005.0,60.3,OBS_20250219_BIH
2025-02-20,Gujarat,22.2587,71.1924,0.0,23.5,13.0,1008.3,54.1,OBS_20250220_GUJ
2025-02-20,Maharashtra,19.7515,75.7139,0.0,27.1,14.4,1011.4,54.1,OBS_20250220_MAH
2025-02-20,Kerala,10.8505,76.2711,0.0,27.5,11.9,1005.8,64.9,OBS_20250220_KER
2025-02-20,Rajasthan,27.0238,74.2179,0.0,22.8,8.2,1006.2,61.6,OBS_20250220_RAJ
2025-02-20,Odisha,20.9517,85.0985,0.0,22.9,10.3,1004.2,59.7,OBS_20250220_ODI
2025-02-20,Assam,26.2006,92.9376,4.2,24.1,23.8,1006.5,55.7,OBS_20250220_ASS
2025-02-20,Punjab,31.1471,75.3412,7.9,21.9,5.3,1001.6,60.7,OBS_20250220_PUN
2025-02-20,Tamil Nadu,11.1271,78.6569,8.3,19.5,12.8,1002.9,53.4,OBS_20250220_TAM
2025-02-20,Andhra Pradesh,15.9129,79.74,0.0,24.4,10.1,1007.5,65.5,OBS_20250220_AND
2025-02-20,West Bengal,22.9868,87.855,0.0,21.9,20.6,1002.6,54.0,OBS_20250220_WES
2025-02-20,Madhya Pradesh,22.9734,78.6569,0.0,24.7,6.8,999.3,52.4,OBS_20250220_MAD
2025-02-20,Uttar Pradesh,26.8467,80.9462,0.0,20.4,14.4,1004.1,48.8,OBS_20250220_UTT
2025-02-20,Karnataka,15.3173,75.7139,1.1,23.3,18.9,1004.4,55.3,OBS_20250220_KAR
2025-02-20,Himachal Pradesh,31.1048,77.1734,0.0,23.7,8.9,1006.0,55.7,OBS_20250220_HIM
2025-02-20,Bihar,25.0961,85.3131,6.6,24.2,7.2,1003.2,57.0,OBS_20250220_BIH
2025-02-21,Gujarat,22.2587,71.1924,10.2,19.4,12.4,1008.5,55.9,OBS_20250221_GUJ
2025-02-21,Maharashtra,19.7515,75.7139,5.5,23.3,8.1,1005.8,48.0,OBS_20250221_MAH
2025-02-21,Kerala,10.8505,76.2711,95.4,21.3,9.7,1005.7,56.2,OBS_20250221_KER
2025-02-21,Rajasthan,27.0238,74.2179,7.3,23.0,12.9,1009.5,53.9,OBS_20250221_RAJ
2025-02-21,Odisha,20.9517,85.0985,0.0,22.7,9.1,1003.1,48.3,OBS_20250221_ODI
2025-02-21,Assam,26.2006,92.9376,8.1,25.8,15.0,1006.5,73.9,OBS_20250221_ASS
2025-02-21,Punjab,31.1471,75.3412,0.0,21.6,8.9,1004.3,60.5,OBS_20250221_PUN
2025-02-21,Tamil Nadu,11.1271,78.6569,0.0,24.1,13.4,1005.0,57.0,OBS_20250221_TAM
2025-02-21,Andhra Pradesh,15.9129,79.74,0.0,20.9,5.8,1004.2,60.5,OBS_20250221_AND
2025-02-21,West Bengal,22.9868,87.855,0.3,23.1,8.6,1005.4,56.1,OBS_20250221_WES
2025-02-21,Madhya Pradesh,22.9734,78.6569,0.0,24.8,7.3,1007.5,59.1,OBS_20250221_MAD
2025-02-21,Uttar Pradesh,26.8467,80.9462,0.0,22.2,12.5,1005.9,58.2,OBS_20250221_UTT
2025-02-21,Karnataka,15.3173,75.7139,1.1,24.7,17.8,1005.7,58.1,OBS_20250221_KAR
2025-02-21,Himachal Pradesh,31.1048,77.1734,134.0,22.9,9.9,1008.4,47.4,OBS_20250221_HIM
2025-02-21,Bihar,25.0961,85.3131,7.1,23.4,11.4,1008.5,62.2,OBS_20250221_BIH
2025-02-22,Gujarat,22.2587,71.1924,6.3,20.2,5.0,1001.2,50.4,OBS_20250222_GUJ
2025-02-22,Maharashtra,19.7515,75.7139,4.7,23.0,8.2,1010.1,53.2,OBS_20250222_MAH
2025-02-22,Kerala,10.8505,76.2711,0.0,21.9,16.6,1005.9,49.0,OBS_20250222_KER
2025-02-22,Rajasthan,27.0238,74.2179,0.0,22.7,17.4,1004.2,49.0,OBS_20250222_RAJ
2025-02-22,Odisha,20.9517,85.0985,2.6,23.8,13.5,1008.1,54.8,OBS_20250222_ODI
2025-02-22,Assam,26.2006,92.9376,7.5,25.2,12.9,1007.1,60.2,OBS_20250222_ASS
2025-02-22,Punjab,31.1471,75.3412,0.0,21.3,16.0,1005.4,61.3,OBS_20250222_PUN
2025-02-22,Tamil Nadu,11.1271,78.6569,0.0,21.0,15.6,1006.8,62.7,OBS_20250222_TAM
2025-02-22,Andhra Pradesh,15.9129,79.74,0.0,24.3,9.5,1006.9,53.1,OBS_20250222_AND
2025-02-22,West Bengal,22.9868,87.855,0.0,22.7,13.1,1005.4,60.1,OBS_20250222_WES
2025-02-22,Madhya Pradesh,22.9734,78.6569,0.0,26.3,16.7,1004.7,63.1,OBS_20250222_MAD
2025-02-22,Uttar Pradesh,26.8467,80.9462,8.0,20.8,13.3,1009.0,64.9,OBS_20250222_UTT
2025-02-22,Karnataka,15.3173,75.7139,10.4,23.4,19.2,1005.7,42.8,OBS_20250222_KAR
2025-02-22,Himachal Pradesh,31.1048,77.1734,10.3,22.3,12.0,1005.1,58.7,OBS_20250222_HIM
2025-02-22,Bihar,25.0961,85.3131,8.5,23.1,11.4,1004.1,60.6,OBS_20250222_BIH
2025-02-23,Gujarat,22.2587,71.1924,3.4,24.0,11.4,1003.9,51.1,OBS_20250223_GUJ
2025-02-23,Maharashtra,19.7515,75.7139,13.2,23.9,13.2,1012.6,58.3,OBS_20250223_MAH
2025-02-23,Kerala,10.8505,76.2711,16.6,21.2,10.0,1005.6,55.7,OBS_20250223_KER
2025-02-23,Rajasthan,27.0238,74.2179,0.0,26.4,5.2,1004.9,60.4,OBS_20250223_RAJ
2025-02-23,Odisha,20.9517,85.0985,2.8,24.9,12.9,1007.7,53.7,OBS_20250223_ODI
2025-02-23,Assam,26.2006,92.9376,0.0,22.8,11.2,1005.0,53.1,OBS_20250223_ASS
2025-02-23,Punjab,31.1471,75.3412,0.0,22.9,6.7,1005.6,68.6,OBS_20250223_PUN
2025-02-23,Tamil Nadu,11.1271,78.6569,0.0,24.0,13.7,1003.5,60.7,OBS_20250223_TAM
2025-02-23,Andhra Pradesh,15.9129,79.74,5.6,27.7,13.1,1004.6,49.5,OBS_20250223_AND
2025-02-23,West Bengal,22.9868,87.855,0.0,20.4,13.7,1004.2,51.6,OBS_20250223_WES
2025-02-23,Madhya Pradesh,22.9734,78.6569,1.1,27.4,12.1,1004.7,57.1,OBS_20250223_MAD
2025-02-23,Uttar Pradesh,26.8467,80.9462,0.0,25.4,10.4,1007.8,62.2,OBS_20250223_UTT
2025-02-23,Karnataka,15.3173,75.7139,0.0,20.7,17.3,1007.0,57.0,OBS_20250223_KAR
2025-02-23,Himachal Pradesh,31.1048,77.1734,16.9,26.8,15.6,1009.0,58.6,OBS_20250223_HIM
2025-02-23,Bihar,25.0961,85.3131,4.9,25.4,9.5,1004.8,52.9,OBS_20250223_BIH
2025-02-24,Gujarat,22.2587,71.1924,1.8,27.0,6.8,1006.3,48.5,OBS_20250224_GUJ
2025-02-24,Maharashtra,19.7515,75.7139,6.4,25.4,17.9,1011.7,54.1,OBS_20250224_MAH
2025-02-24,Kerala,10.8505,76.2711,3.7,26.2,11.7,1008.3,63.0,OBS_20250224_KER
2025-02-24,Rajasthan,27.0238,74.2179,3.6,26.7,20.0,1009.5,55.2,OBS_20250224_RAJ
2025-02-24,Odisha,20.9517,85.0985,0.0,23.0,12.4,1007.9,57.3,OBS_20250224_ODI
2025-02-24,Assam,26.2006,92.9376,2.3,24.4,14.1,1004.7,56.7,OBS_20250224_ASS
2025-02-24,Punjab,31.1471,75.3412,1.5,21.4,11.8,1006.3,61.8,OBS_20250224_PUN
2025-02-24,Tamil Nadu,11.1271,78.6569,6.9,25.3,19.3,1002.8,58.6,OBS_20250224_TAM
2025-02-24,Andhra Pradesh,15.9129,79.74,10.0,23.7,9.1,1006.8,48.8,OBS_20250224_AND
2025-02-24,West Bengal,22.9868,87.855,1.5,19.2,14.6,1003.1,51.4,OBS_20250224_WES
2025-02-24,Madhya Pradesh,22.9734,78.6569,0.0,23.2,17.7,1007.7,56.0,OBS_20250224_MAD
2025-02-24,Uttar Pradesh,26.8467,80.9462,0.9,28.2,12.9,1002.9,56.4,OBS_20250224_UTT
2025-02-24,Karnataka,15.3173,75.7139,3.9,19.5,13.3,1005.0,56.4,OBS_20250224_KAR
2025-02-24,Himachal Pradesh,31.1048,77.1734,0.0,19.9,10.7,1002.2,46.1,OBS_20250224_HIM
2025-02-24,Bihar,25.0961,85.3131,0.0,24.8,10.3,1004.9,54.8,OBS_20250224_BIH
2025-02-25,Gujarat,22.2587,71.1924,0.0,20.5,10.7,1003.7,49.5,OBS_20250225_GUJ
2025-02-25,Maharashtra,19.7515,75.7139,0.0,24.7,8.4,1006.1,62.8,OBS_20250225_MAH
2025-02-25,Kerala,10.8505,76.2711,0.0,24.6,13.3,1007.1,58.7,OBS_20250225_KER
2025-02-25,Rajasthan,27.0238,74.2179,0.0,24.6,13.4,1007.8,47.1,OBS_20250225_RAJ
2025-02-25,Odisha,20.9517,85.0985,0.0,20.2,13.1,1003.0,57.7,OBS_20250225_ODI
2025-02-25,Assam,26.2006,92.9376,7.2,22.2,6.1,1008.1,55.1,OBS_20250225_ASS
2025-02-25,Punjab,31.1471,75.3412,4.2,27.0,11.0,1004.1,59.2,OBS_20250225_PUN
2025-02-25,Tamil Nadu,11.1271,78.6569,7.3,25.8,17.3,1003.7,62.0,OBS_20250225_TAM
2025-02-25,Andhra Pradesh,15.9129,79.74,1.1,23.0,10.7,1006.6,63.9,OBS_20250225_AND
2025-02-25,West Bengal,22.9868,87.855,1.8,26.1,14.2,1007.5,47.7,OBS_20250225_WES
2025-02-25,Madhya Pradesh,22.9734,78.6569,7.0,24.5,15.9,1008.8,55.2,OBS_20250225_MAD
2025-02-25,Uttar Pradesh,26.8467,80.9462,0.0,22.7,13.0,1007.6,58.1,OBS_20250225_UTT
2025-02-25,Karnataka,15.3173,75.7139,4.2,22.0,15.0,1005.2,59.1,OBS_20250225_KAR
2025-02-25,Himachal Pradesh,31.1048,77.1734,9.2,21.6,15.1,1005.2,53.3,OBS_20250225_HIM
2025-02-25,Bihar,25.0961,85.3131,0.0,24.3,15.0,1004.9,42.9,OBS_20250225_BIH
2025-02-26,Gujarat,22.2587,71.1924,5.4,22.2,6.5,1008.0,43.1,OBS_20250226_GUJ
2025-02-26,Maharashtra,19.7515,75.7139,9.4,26.7,12.2,1005.8,45.9,OBS_20250226_MAH
2025-02-26,Kerala,10.8505,76.2711,0.0,24.5,6.1,1005.3,69.2,OBS_20250226_KER
2025-02-26,Rajasthan,27.0238,74.2179,16.2,22.4,13.1,1006.3,65.8,OBS_20250226_RAJ
2025-02-26,Odisha,20.9517,85.0985,0.0,26.9,9.5,1003.5,65.4,OBS_20250226_ODI
2025-02-26,Assam,26.2006,92.9376,17.0,25.4,8.6,1005.6,55.6,OBS_20250226_ASS
2025-02-26,Punjab,31.1471,75.3412,12.4,23.2,14.2,1008.4,48.9,OBS_20250226_PUN
2025-02-26,Tamil Nadu,11.1271,78.6569,2.5,26.7,12.7,1007.9,61.6,OBS_20250226_TAM
2025-02-26,Andhra Pradesh,15.9129,79.74,0.0,23.1,5.6,1001.9,69.9,OBS_20250226_AND
2025-02-26,West Bengal,22.9868,87.855,6.2,27.3,6.8,1007.7,52.6,OBS_20250226_WES
2025-02-26,Madhya Pradesh,22.9734,78.6569,0.0,18.2,10.9,1007.8,56.0,OBS_20250226_MAD
2025-02-26,Uttar Pradesh,26.8467,80.9462,1.3,25.7,13.3,1007.1,73.2,OBS_20250226_UTT
2025-02-26,Karnataka,15.3173,75.7139,0.0,23.7,11.4,1001.9,51.7,OBS_20250226_KAR
2025-02-26,Himachal Pradesh,31.1048,77.1734,0.0,28.8,11.9,1004.0,53.8,OBS_20250226_HIM
2025-02-26,Bihar,25.0961,85.3131,0.0,23.2,14.2,1001.6,50.6,OBS_20250226_BIH
2025-02-27,Gujarat,22.2587,71.1924,0.0,20.2,11.4,1003.2,50.5,OBS_20250227_GUJ
2025-02-27,Maharashtra,19.7515,75.7139,6.7,20.5,18.6,1006.9,59.5,OBS_20250227_MAH
2025-02-27,Kerala,10.8505,76.2711,0.0,21.3,15.1,1007.2,52.9,OBS_20250227_KER
2025-02-27,Rajasthan,27.0238,74.2179,17.7,29.9,1.0,1010.3,59.5,OBS_20250227_RAJ
2025-02-27,Odisha,20.9517,85.0985,9.3,22.4,11.3,1007.6,59.3,OBS_20250227_ODI
2025-02-27,Assam,26.2006,92.9376,0.0,24.3,3.9,1006.1,52.8,OBS_20250227_ASS
2025-02-27,Punjab,31.1471,75.3412,15.0,25.1,13.6,1008.2,54.6,OBS_20250227_PUN
2025-02-27,Tamil Nadu,11.1271,78.6569,8.4,24.1,16.6,1007.1,60.7,OBS_20250227_TAM
2025-02-27,Andhra Pradesh,15.9129,79.74,0.0,21.2,15.6,1007.5,52.2,OBS_20250227_AND
2025-02-27,West Bengal,22.9868,87.855,0.0,24.4,9.7,1007.0,51.0,OBS_20250227_WES
2025-02-27,Madhya Pradesh,22.9734,78.6569,0.0,25.7,11.2,1006.7,46.4,OBS_20250227_MAD
2025-02-27,Uttar Pradesh,26.8467,80.9462,0.0,26.6,12.1,1007.9,49.6,OBS_20250227_UTT
2025-02-27,Karnataka,15.3173,75.7139,0.0,21.7,9.0,1007.6,40.3,OBS_20250227_KAR
2025-02-27,Himachal Pradesh,31.1048,77.1734,4.9,20.0,8.4,1006.7,61.3,OBS_20250227_HIM
2025-02-27,Bihar,25.0961,85.3131,6.6,22.8,14.2,1007.3,50.9,OBS_20250227_BIH
2025-02-28,Gujarat,22.2587,71.1924,2.8,22.4,13.5,1007.2,46.9,OBS_20250228_GUJ
2025-02-28,Maharashtra,19.7515,75.7139,1.6,26.2,11.1,1005.5,72.8,OBS_20250228_MAH
2025-02-28,Kerala,10.8505,76.2711,0.0,25.5,4.7,1005.4,47.3,OBS_20250228_KER
2025-02-28,Rajasthan,27.0238,74.2179,2.7,19.4,4.8,1004.5,42.9,OBS_20250228_RAJ
2025-02-28,Odisha,20.9517,85.0985,7.0,25.2,1.0,1006.7,38.5,OBS_20250228_ODI
2025-02-28,Assam,26.2006,92.9376,22.3,22.5,7.0,1007.0,56.2,OBS_20250228_ASS
2025-02-28,Punjab,31.1471,75.3412,10.3,23.8,12.5,1005.9,57.0,OBS_20250228_PUN
2025-02-28,Tamil Nadu,11.1271,78.6569,0.0,18.9,13.6,1007.0,60.6,OBS_20250228_TAM
2025-02-28,Andhra Pradesh,15.9129,79.74,6.0,20.1,16.1,1008.8,54.6,OBS_20250228_AND
2025-02-28,West Bengal,22.9868,87.855,131.7,23.9,9.2,1005.6,59.6,OBS_20250228_WES
2025-02-28,Madhya Pradesh,22.9734,78.6569,10.4,25.7,13.5,1003.4,52.8,OBS_20250228_MAD
2025-02-28,Uttar Pradesh,26.8467,80.9462,1.1,25.6,7.5,1008.3,61.7,OBS_20250228_UTT
2025-02-28,Karnataka,15.3173,75.7139,4.4,21.6,6.3,1005.8,61.9,OBS_20250228_KAR
2025-02-28,Himachal Pradesh,31.1048,77.1734,0.0,25.1,14.4,1007.0,56.6,OBS_20250228_HIM
2025-02-28,Bihar,25.0961,85.3131,13.8,18.1,11.3,1006.3,72.3,OBS_20250228_BIH
2025-03-01,Gujarat,22.2587,71.1924,15.5,23.7,11.6,1002.1,61.5,OBS_20250301_GUJ
2025-03-01,Maharashtra,19.7515,75.7139,1.4,23.2,11.1,1009.8,55.0,OBS_20250301_MAH
2025-03-01,Kerala,10.8505,76.2711,0.0,22.0,11.4,1005.3,65.8,OBS_20250301_KER
2025-03-01,Rajasthan,27.0238,74.2179,11.9,25.1,12.0,1005.0,49.9,OBS_20250301_RAJ
2025-03-01,Odisha,20.9517,85.0985,7.5,22.8,9.0,1006.0,58.1,OBS_20250301_ODI
2025-03-01,Assam,26.2006,92.9376,11.7,28.1,7.5,1004.1,57.7,OBS_20250301_ASS
2025-03-01,Punjab,31.1471,75.3412,0.0,24.9,12.4,1007.5,53.2,OBS_20250301_PUN
2025-03-01,Tamil Nadu,11.1271,78.6569,0.0,24.8,7.8,1001.2,54.9,OBS_20250301_TAM
2025-03-01,Andhra Pradesh,15.9129,79.74,9.7,22.5,7.3,1002.7,47.0,OBS_20250301_AND
2025-03-01,West Bengal,22.9868,87.855,11.4,24.3,12.4,1004.1,58.3,OBS_20250301_WES
2025-03-01,Madhya Pradesh,22.9734,78.6569,0.0,24.5,8.5,1006.6,52.3,OBS_20250301_MAD
2025-03-01,Uttar Pradesh,26.8467,80.9462,3.9,21.2,14.8,1008.4,56.7,OBS_20250301_UTT
2025-03-01,Karnataka,15.3173,75.7139,2.2,20.7,18.1,1005.4,55.9,OBS_20250301_KAR
2025-03-01,Himachal Pradesh,31.1048,77.1734,0.0,23.1,12.8,1011.0,44.3,OBS_20250301_HIM
2025-03-01,Bihar,25.0961,85.3131,0.0,25.1,6.1,1002.9,55.4,OBS_20250301_BIH
2025-03-02,Gujarat,22.2587,71.1924,0.0,25.3,12.7,1010.6,61.8,OBS_20250302_GUJ
2025-03-02,Maharashtra,19.7515,75.7139,0.0,26.3,5.4,1004.3,49.9,OBS_20250302_MAH
2025-03-02,Kerala,10.8505,76.2711,11.0,27.5,10.6,1005.6,42.1,OBS_20250302_KER
2025-03-02,Rajasthan,27.0238,74.2179,10.5,21.0,11.3,1009.7,48.7,OBS_20250302_RAJ
2025-03-02,Odisha,20.9517,85.0985,0.0,20.7,11.7,1002.6,62.0,OBS_20250302_ODI
2025-03-02,Assam,26.2006,92.9376,0.9,22.3,12.1,1007.5,47.3,OBS_20250302_ASS
2025-03-02,Punjab,31.1471,75.3412,7.4,25.3,17.6,1003.9,58.5,OBS_20250302_PUN
2025-03-02,Tamil Nadu,11.1271,78.6569,12.6,22.8,10.6,1008.2,56.8,OBS_20250302_TAM
2025-03-02,Andhra Pradesh,15.9129,79.74,10.4,23.9,15.5,1007.9,63.1,OBS_20250302_AND
2025-03-02,West Bengal,22.9868,87.855,0.0,25.3,6.5,1004.2,52.9,OBS_20250302_WES
2025-03-02,Madhya Pradesh,22.9734,78.6569,0.0,23.8,14.6,1007.7,47.7,OBS_20250302_MAD
2025-03-02,Uttar Pradesh,26.8467,80.9462,3.9,24.6,14.3,1007.4,70.4,OBS_20250302_UTT
2025-03-02,Karnataka,15.3173,75.7139,0.0,22.0,7.4,1004.9,57.3,OBS_20250302_KAR
2025-03-02,Himachal Pradesh,31.1048,77.1734,0.0,25.1,3.8,1006.1,45.4,OBS_20250302_HIM
2025-03-02,Bihar,25.0961,85.3131,0.0,21.0,16.3,1006.0,58.7,OBS_20250302_BIH
2025-03-03,Gujarat,22.2587,71.1924,0.0,26.8,7.1,1006.2,41.6,OBS_20250303_GUJ
2025-03-03,Maharashtra,19.7515,75.7139,11.6,24.3,9.5,1008.5,50.2,OBS_20250303_MAH
2025-03-03,Kerala,10.8505,76.2711,1.4,21.4,2.4,1004.1,55.8,OBS_20250303_KER
2025-03-03,Rajasthan,27.0238,74.2179,12.4,26.8,17.2,1006.5,57.3,OBS_20250303_RAJ
2025-03-03,Odisha,20.9517,85.0985,0.0,22.1,12.2,1008.3,55.1,OBS_20250303_ODI
2025-03-03,Assam,26.2006,92.9376,0.0,25.1,13.7,1010.2,55.7,OBS_20250303_ASS
2025-03-03,Punjab,31.1471,75.3412,0.0,24.7,25.5,1009.3,54.9,OBS_20250303_PUN
2025-03-03,Tamil Nadu,11.1271,78.6569,1.0,20.9,7.8,1002.9,46.1,OBS_20250303_TAM
2025-03-03,Andhra Pradesh,15.9129,79.74,13.5,24.8,8.8,1005.9,57.5,OBS_20250303_AND
2025-03-03,West Bengal,22.9868,87.855,7.7,25.6,5.5,1005.4,61.3,OBS_20250303_WES
2025-03-03,Madhya Pradesh,22.9734,78.6569,0.0,25.9,15.1,1007.1,48.6,OBS_20250303_MAD
2025-03-03,Uttar Pradesh,26.8467,80.9462,9.3,21.8,4.4,1004.4,51.7,OBS_20250303_UTT
2025-03-03,Karnataka,15.3173,75.7139,0.0,23.9,10.1,1010.0,53.9,OBS_20250303_KAR
2025-03-03,Himachal Pradesh,31.1048,77.1734,21.1,25.1,8.3,1010.3,47.6,OBS_20250303_HIM
2025-03-03,Bihar,25.0961,85.3131,0.0,25.4,5.8,1006.7,55.3,OBS_20250303_BIH
2025-03-04,Gujarat,22.2587,71.1924,0.0,23.7,3.5,1003.9,63.4,OBS_20250304_GUJ
2025-03-04,Maharashtra,19.7515,75.7139,0.0,28.2,14.7,1005.6,40.3,OBS_20250304_MAH
2025-03-04,Kerala,10.8505,76.2711,0.0,20.4,8.2,1009.9,45.9,OBS_20250304_KER
2025-03-04,Rajasthan,27.0238,74.2179,1.0,24.5,8.4,1006.7,52.2,OBS_20250304_RAJ
2025-03-04,Odisha,20.9517,85.0985,8.8,25.7,14.3,1008.9,53.8,OBS_20250304_ODI
2025-03-04,Assam,26.2006,92.9376,0.0,24.9,10.7,1006.8,44.6,OBS_20250304_ASS
2025-03-04,Punjab,31.1471,75.3412,0.0,27.4,7.4,1006.4,44.4,OBS_20250304_PUN
2025-03-04,Tamil Nadu,11.1271,78.6569,0.0,18.2,14.1,1009.7,52.8,OBS_20250304_TAM
2025-03-04,Andhra Pradesh,15.9129,79.74,2.1,25.8,15.1,1001.0,51.9,OBS_20250304_AND
2025-03-04,West Bengal,22.9868,87.855,17.8,25.1,3.8,1004.1,58.7,OBS_20250304_WES
2025-03-04,Madhya Pradesh,22.9734,78.6569,0.0,24.1,10.7,1004.9,52.7,OBS_20250304_MAD
2025-03-04,Uttar Pradesh,26.8467,80.9462,0.8,24.4,9.4,1006.6,62.4,OBS_20250304_UTT
2025-03-04,Karnataka,15.3173,75.7139,7.5,19.9,12.4,1004.5,61.0,OBS_20250304_KAR
2025-03-04,Himachal Pradesh,31.1048,77.1734,0.0,20.5,15.3,1007.9,50.6,OBS_20250304_HIM
2025-03-04,Bihar,25.0961,85.3131,0.3,26.2,11.2,1001.0,69.5,OBS_20250304_BIH
2025-03-05,Gujarat,22.2587,71.1924,4.7,21.5,13.0,1007.7,49.7,OBS_20250305_GUJ
2025-03-05,Maharashtra,19.7515,75.7139,0.0,25.0,1.9,1011.2,40.0,OBS_20250305_MAH
2025-03-05,Kerala,10.8505,76.2711,0.0,21.5,14.3,1004.9,56.5,OBS_20250305_KER
2025-03-05,Rajasthan,27.0238,74.2179,6.5,23.9,10.6,1008.9,60.4,OBS_20250305_RAJ
2025-03-05,Odisha,20.9517,85.0985,7.8,25.9,13.6,1005.3,55.8,OBS_20250305_ODI
2025-03-05,Assam,26.2006,92.9376,0.7,22.4,11.8,1006.0,55.8,OBS_20250305_ASS
2025-03-05,Punjab,31.1471,75.3412,0.0,19.3,16.4,1007.3,55.9,OBS_20250305_PUN
2025-03-05,Tamil Nadu,11.1271,78.6569,15.9,24.5,20.1,1006.3,56.4,OBS_20250305_TAM
2025-03-05,Andhra Pradesh,15.9129,79.74,0.0,25.9,15.9,1007.3,43.5,OBS_20250305_AND
2025-03-05,West Bengal,22.9868,87.855,0.0,24.6,8.9,1004.8,44.1,OBS_20250305_WES
2025-03-05,Madhya Pradesh,22.9734,78.6569,0.0,25.6,14.0,1005.9,56.3,OBS_20250305_MAD
2025-03-05,Uttar Pradesh,26.8467,80.9462,0.0,26.9,9.8,1008.2,59.1,OBS_20250305_UTT
2025-03-05,Karnataka,15.3173,75.7139,0.0,23.2,14.2,1004.9,57.3,OBS_20250305_KAR
2025-03-05,Himachal Pradesh,31.1048,77.1734,8.6,24.7,10.2,1007.5,47.2,OBS_20250305_HIM
2025-03-05,Bihar,25.0961,85.3131,3.4,26.3,14.6,1007.0,58.6,OBS_20250305_BIH
2025-03-06,Gujarat,22.2587,71.1924,0.0,24.3,5.0,1005.2,60.2,OBS_20250306_GUJ
2025-03-06,Maharashtra,19.7515,75.7139,0.0,27.7,13.3,1006.8,71.7,OBS_20250306_MAH
2025-03-06,Kerala,10.8505,76.2711,0.0,21.1,12.6,1004.7,57.9,OBS_20250306_KER
2025-03-06,Rajasthan,27.0238,74.2179,0.0,23.0,11.2,1005.0,63.9,OBS_20250306_RAJ
2025-03-06,Odisha,20.9517,85.0985,6.4,26.1,5.6,1006.9,48.2,OBS_20250306_ODI
2025-03-06,Assam,26.2006,92.9376,0.0,26.4,14.9,1005.5,64.0,OBS_20250306_ASS
2025-03-06,Punjab,31.1471,75.3412,0.0,23.5,14.5,1006.4,53.6,OBS_20250306_PUN
2025-03-06,Tamil Nadu,11.1271,78.6569,11.3,24.1,11.8,1007.0,60.2,OBS_20250306_TAM
2025-03-06,Andhra Pradesh,15.9129,79.74,4.3,23.2,8.8,1008.1,57.9,OBS_20250306_AND
2025-03-06,West Bengal,22.9868,87.855,0.0,26.5,13.5,1003.8,44.5,OBS_20250306_WES
2025-03-06,Madhya Pradesh,22.9734,78.6569,0.0,25.3,10.9,1011.1,48.2,OBS_20250306_MAD
2025-03-06,Uttar Pradesh,26.8467,80.9462,11.0,23.7,9.5,1006.6,43.8,OBS_20250306_UTT
2025-03-06,Karnataka,15.3173,75.7139,11.4,22.1,9.1,1005.0,49.9,OBS_20250306_KAR
2025-03-06,Himachal Pradesh,31.1048,77.1734,0.0,23.6,8.6,1006.5,47.1,OBS_20250306_HIM
2025-03-06,Bihar,25.0961,85.3131,0.0,24.4,8.0,1008.5,39.5,OBS_20250306_BIH
2025-03-07,Gujarat,22.2587,71.1924,8.6,20.5,16.0,1004.5,51.9,OBS_20250307_GUJ
2025-03-07,Maharashtra,19.7515,75.7139,0.0,25.2,14.8,1007.0,48.4,OBS_20250307_MAH
2025-03-07,Kerala,10.8505,76.2711,0.0,26.4,10.9,1008.3,69.3,OBS_20250307_KER
2025-03-07,Rajasthan,27.0238,74.2179,5.5,26.1,9.8,1002.5,61.9,OBS_20250307_RAJ
2025-03-07,Odisha,20.9517,85.0985,1.5,26.1,9.7,1008.0,57.2,OBS_20250307_ODI
2025-03-07,Assam,26.2006,92.9376,0.0,21.0,14.4,1009.1,50.3,OBS_20250307_ASS
2025-03-07,Punjab,31.1471,75.3412,0.0,24.4,14.5,1003.4,60.2,OBS_20250307_PUN
2025-03-07,Tamil Nadu,11.1271,78.6569,0.0,24.8,15.0,1005.8,48.5,OBS_20250307_TAM
2025-03-07,Andhra Pradesh,15.9129,79.74,4.0,24.5,14.5,1007.2,50.7,OBS_20250307_AND
2025-03-07,West Bengal,22.9868,87.855,0.0,25.0,14.9,1002.5,52.3,OBS_20250307_WES
2025-03-07,Madhya Pradesh,22.9734,78.6569,0.0,25.5,15.0,1005.8,57.5,OBS_20250307_MAD
2025-03-07,Uttar Pradesh,26.8467,80.9462,23.5,22.1,5.4,1004.8,47.2,OBS_20250307_UTT
2025-03-07,Karnataka,15.3173,75.7139,0.0,27.4,18.8,1003.3,56.9,OBS_20250307_KAR
2025-03-07,Himachal Pradesh,31.1048,77.1734,0.0,24.0,12.9,1005.5,47.8,OBS_20250307_HIM
2025-03-07,Bihar,25.0961,85.3131,0.0,26.3,11.9,1008.6,55.0,OBS_20250307_BIH
2025-03-08,Gujarat,22.2587,71.1924,0.0,26.4,8.0,1004.3,62.7,OBS_20250308_GUJ
2025-03-08,Maharashtra,19.7515,75.7139,0.7,23.0,9.5,1003.4,48.8,OBS_20250308_MAH
2025-03-08,Kerala,10.8505,76.2711,0.0,27.7,16.6,1009.4,51.0,OBS_20250308_KER
2025-03-08,Rajasthan,27.0238,74.2179,0.0,21.9,12.8,1007.6,62.6,OBS_20250308_RAJ
2025-03-08,Odisha,20.9517,85.0985,11.6,18.7,13.3,1006.3,46.1,OBS_20250308_ODI
2025-03-08,Assam,26.2006,92.9376,5.1,24.7,3.6,1007.4,59.4,OBS_20250308_ASS
2025-03-08,Punjab,31.1471,75.3412,0.0,21.2,10.9,1003.2,58.7,OBS_20250308_PUN
2025-03-08,Tamil Nadu,11.1271,78.6569,7.9,23.4,11.4,1005.8,57.1,OBS_20250308_TAM
2025-03-08,Andhra Pradesh,15.9129,79.74,7.3,22.2,12.2,1007.0,60.4,OBS_20250308_AND
2025-03-08,West Bengal,22.9868,87.855,3.6,24.8,5.7,1005.2,55.3,OBS_20250308_WES
2025-03-08,Madhya Pradesh,22.9734,78.6569,6.9,18.4,11.4,1003.4,58.6,OBS_20250308_MAD
2025-03-08,Uttar Pradesh,26.8467,80.9462,3.6,24.5,11.5,1001.7,51.6,OBS_20250308_UTT
2025-03-08,Karnataka,15.3173,75.7139,0.0,22.2,8.7,1008.3,49.5,OBS_20250308_KAR
2025-03-08,Himachal Pradesh,31.1048,77.1734,0.0,24.3,15.4,1003.8,56.5,OBS_20250308_HIM
2025-03-08,Bihar,25.0961,85.3131,0.0,28.7,11.1,1003.4,50.5,OBS_20250308_BIH
2025-03-09,Gujarat,22.2587,71.1924,29.6,27.0,10.9,1007.7,56.8,OBS_20250309_GUJ
2025-03-09,Maharashtra,19.7515,75.7139,0.0,21.8,8.7,1008.1,48.9,OBS_20250309_MAH
2025-03-09,Kerala,10.8505,76.2711,4.3,23.8,12.1,1002.1,62.7,OBS_20250309_KER
2025-03-09,Rajasthan,27.0238,74.2179,0.0,23.1,7.1,1009.2,51.2,OBS_20250309_RAJ
2025-03-09,Odisha,20.9517,85.0985,0.0,25.1,12.2,1010.0,48.6,OBS_20250309_ODI
2025-03-09,Assam,26.2006,92.9376,6.2,28.2,10.5,1006.0,67.0,OBS_20250309_ASS
2025-03-09,Punjab,31.1471,75.3412,0.0,21.0,11.3,1009.2,66.8,OBS_20250309_PUN
2025-03-09,Tamil Nadu,11.1271,78.6569,0.0,29.3,14.2,1008.5,64.8,OBS_20250309_TAM
2025-03-09,Andhra Pradesh,15.9129,79.74,11.1,22.4,11.9,1007.2,63.3,OBS_20250309_AND
2025-03-09,West Bengal,22.9868,87.855,8.3,24.9,9.8,1008.1,60.4,OBS_20250309_WES
2025-03-09,Madhya Pradesh,22.9734,78.6569,11.6,21.9,17.9,1004.1,56.9,OBS_20250309_MAD
2025-03-09,Uttar Pradesh,26.8467,80.9462,5.1,24.2,13.6,1003.6,58.8,OBS_20250309_UTT
2025-03-09,Karnataka,15.3173,75.7139,7.6,26.5,19.8,1004.4,70.3,OBS_20250309_KAR
2025-03-09,Himachal Pradesh,31.1048,77.1734,6.2,16.9,11.4,1003.5,55.3,OBS_20250309_HIM
2025-03-09,Bihar,25.0961,85.3131,1.4,28.8,11.9,1002.1,41.5,OBS_20250309_BIH
2025-03-10,Gujarat,22.2587,71.1924,0.0,21.7,5.9,1005.2,48.9,OBS_20250310_GUJ
2025-03-10,Maharashtra,19.7515,75.7139,0.0,22.4,15.2,1004.2,55.0,OBS_20250310_MAH
2025-03-10,Kerala,10.8505,76.2711,11.9,25.3,11.8,1008.3,57.7,OBS_20250310_KER
2025-03-10,Rajasthan,27.0238,74.2179,0.0,24.3,13.4,1009.6,56.9,OBS_20250310_RAJ
2025-03-10,Odisha,20.9517,85.0985,0.0,27.2,9.2,1003.2,62.3,OBS_20250310_ODI
2025-03-10,Assam,26.2006,92.9376,4.8,22.8,12.6,1008.0,49.5,OBS_20250310_ASS
2025-03-10,Punjab,31.1471,75.3412,0.0,23.1,17.2,1005.4,53.2,OBS_20250310_PUN
2025-03-10,Tamil Nadu,11.1271,78.6569,1.0,22.0,11.8,1006.6,50.1,OBS_20250310_TAM
2025-03-10,Andhra Pradesh,15.9129,79.74,0.0,25.3,12.0,1005.3,44.4,OBS_20250310_AND
2025-03-10,West Bengal,22.9868,87.855,0.0,21.7,11.2,1007.2,31.4,OBS_20250310_WES
2025-03-10,Madhya Pradesh,22.9734,78.6569,0.0,23.8,19.6,1003.0,53.1,OBS_20250310_MAD
2025-03-10,Uttar Pradesh,26.8467,80.9462,0.0,23.9,9.6,1005.9,59.6,OBS_20250310_UTT
2025-03-10,Karnataka,15.3173,75.7139,10.8,26.9,8.3,1008.6,49.9,OBS_20250310_KAR
2025-03-10,Himachal Pradesh,31.1048,77.1734,0.0,22.2,16.8,1006.8,51.3,OBS_20250310_HIM
2025-03-10,Bihar,25.0961,85.3131,0.0,25.5,10.4,1005.9,55.8,OBS_20250310_BIH
2025-03-11,Gujarat,22.2587,71.1924,22.1,25.9,14.5,1005.8,50.2,OBS_20250311_GUJ
2025-03-11,Maharashtra,19.7515,75.7139,0.3,24.7,10.7,1007.6,36.7,OBS_20250311_MAH
2025-03-11,Kerala,10.8505,76.2711,0.0,28.2,17.8,1007.9,47.5,OBS_20250311_KER
2025-03-11,Rajasthan,27.0238,74.2179,7.5,24.1,9.0,1006.9,50.7,OBS_20250311_RAJ
2025-03-11,Odisha,20.9517,85.0985,1.3,21.8,7.6,1001.6,66.3,OBS_20250311_ODI
2025-03-11,Assam,26.2006,92.9376,4.4,21.5,7.1,1008.2,52.8,OBS_20250311_ASS
2025-03-11,Punjab,31.1471,75.3412,0.0,24.5,11.8,1004.9,60.0,OBS_20250311_PUN
2025-03-11,Tamil Nadu,11.1271,78.6569,0.0,23.3,18.7,1003.8,59.9,OBS_20250311_TAM
2025-03-11,Andhra Pradesh,15.9129,79.74,0.0,26.2,9.4,1008.3,59.2,OBS_20250311_AND
2025-03-11,West Bengal,22.9868,87.855,0.0,24.2,15.0,1008.5,48.2,OBS_20250311_WES
2025-03-11,Madhya Pradesh,22.9734,78.6569,1.9,20.6,21.7,1008.7,60.5,OBS_20250311_MAD
2025-03-11,Uttar Pradesh,26.8467,80.9462,0.0,24.9,12.5,1004.8,47.2,OBS_20250311_UTT
2025-03-11,Karnataka,15.3173,75.7139,5.5,28.4,12.4,1001.6,53.0,OBS_20250311_KAR
2025-03-11,Himachal Pradesh,31.1048,77.1734,1.2,25.5,16.6,1008.5,56.8,OBS_20250311_HIM
2025-03-11,Bihar,25.0961,85.3131,7.0,26.8,9.9,1004.8,56.5,OBS_20250311_BIH
2025-03-12,Gujarat,22.2587,71.1924,9.5,28.0,17.6,1002.9,59.2,OBS_20250312_GUJ
2025-03-12,Maharashtra,19.7515,75.7139,1.1,23.4,7.7,1008.8,37.9,OBS_20250312_MAH
2025-03-12,Kerala,10.8505,76.2711,3.5,24.6,11.8,1007.9,62.3,OBS_20250312_KER
2025-03-12,Rajasthan,27.0238,74.2179,6.7,24.8,12.7,1005.9,62.8,OBS_20250312_RAJ
2025-03-12,Odisha,20.9517,85.0985,0.0,24.9,18.9,1006.2,48.8,OBS_20250312_ODI
2025-03-12,Assam,26.2006,92.9376,0.0,24.3,6.9,1007.3,52.1,OBS_20250312_ASS
2025-03-12,Punjab,31.1471,75.3412,1.3,24.8,4.9,1008.1,58.2,OBS_20250312_PUN
2025-03-12,Tamil Nadu,11.1271,78.6569,0.0,29.4,9.3,1007.3,54.4,OBS_20250312_TAM
2025-03-12,Andhra Pradesh,15.9129,79.74,10.5,16.5,12.6,1008.5,46.6,OBS_20250312_AND
2025-03-12,West Bengal,22.9868,87.855,0.0,22.4,9.5,1007.1,57.6,OBS_20250312_WES
2025-03-12,Madhya Pradesh,22.9734,78.6569,0.0,24.4,14.3,1005.7,54.8,OBS_20250312_MAD
2025-03-12,Uttar Pradesh,26.8467,80.9462,0.0,23.4,9.5,1003.9,64.6,OBS_20250312_UTT
2025-03-12,Karnataka,15.3173,75.7139,0.0,24.1,18.8,1007.7,66.3,OBS_20250312_KAR
2025-03-12,Himachal Pradesh,31.1048,77.1734,4.4,24.6,12.0,1007.6,55.5,OBS_20250312_HIM
2025-03-12,Bihar,25.0961,85.3131,0.0,28.0,9.1,1003.8,48.7,OBS_20250312_BIH
2025-03-13,Gujarat,22.2587,71.1924,7.1,22.3,9.0,1005.8,59.0,OBS_20250313_GUJ
2025-03-13,Maharashtra,19.7515,75.7139,2.9,21.2,11.2,1002.6,64.9,OBS_20250313_MAH
2025-03-13,Kerala,10.8505,76.2711,8.9,26.5,6.5,1008.5,57.7,OBS_20250313_KER
2025-03-13,Rajasthan,27.0238,74.2179,0.0,26.7,10.7,1006.2,63.3,OBS_20250313_RAJ
2025-03-13,Odisha,20.9517,85.0985,7.7,25.5,11.9,1004.4,45.7,OBS_20250313_ODI
2025-03-13,Assam,26.2006,92.9376,0.0,23.6,4.6,1008.0,49.1,OBS_20250313_ASS
2025-03-13,Punjab,31.1471,75.3412,0.0,24.1,6.8,1006.5,60.3,OBS_20250313_PUN
2025-03-13,Tamil Nadu,11.1271,78.6569,9.6,23.7,17.6,1004.8,63.5,OBS_20250313_TAM
2025-03-13,Andhra Pradesh,15.9129,79.74,11.6,19.1,11.1,1005.7,57.3,OBS_20250313_AND
2025-03-13,West Bengal,22.9868,87.855,0.0,26.3,9.0,1003.2,53.9,OBS_20250313_WES
2025-03-13,Madhya Pradesh,22.9734,78.6569,0.0,23.8,9.8,1007.3,32.2,OBS_20250313_MAD
2025-03-13,Uttar Pradesh,26.8467,80.9462,0.0,29.4,11.8,1010.1,61.5,OBS_20250313_UTT
2025-03-13,Karnataka,15.3173,75.7139,4.1,23.4,10.1,1007.4,65.4,OBS_20250313_KAR
2025-03-13,Himachal Pradesh,31.1048,77.1734,0.0,22.7,17.4,1007.3,41.6,OBS_20250313_HIM
2025-03-13,Bihar,25.0961,85.3131,7.3,24.7,2.9,1012.4,38.5,OBS_20250313_BIH
2025-03-14,Gujarat,22.2587,71.1924,5.3,22.9,10.7,1004.5,61.5,OBS_20250314_GUJ
2025-03-14,Maharashtra,19.7515,75.7139,0.0,25.4,5.5,1007.5,61.2,OBS_20250314_MAH
2025-03-14,Kerala,10.8505,76.2711,8.6,20.5,15.8,1004.7,52.4,OBS_20250314_KER
2025-03-14,Rajasthan,27.0238,74.2179,0.0,26.8,3.6,1009.3,57.9,OBS_20250314_RAJ
2025-03-14,Odisha,20.9517,85.0985,0.0,27.8,12.2,1008.7,52.2,OBS_20250314_ODI
2025-03-14,Assam,26.2006,92.9376,1.5,22.3,8.2,1007.3,54.1,OBS_20250314_ASS
2025-03-14,Punjab,31.1471,75.3412,0.0,24.7,13.2,1008.0,45.4,OBS_20250314_PUN
2025-03-14,Tamil Nadu,11.1271,78.6569,0.0,25.3,13.1,1001.7,60.1,OBS_20250314_TAM
2025-03-14,Andhra Pradesh,15.9129,79.74,0.0,24.7,14.2,1005.3,55.3,OBS_20250314_AND
2025-03-14,West Bengal,22.9868,87.855,0.0,24.2,8.2,1008.8,51.1,OBS_20250314_WES
2025-03-14,Madhya Pradesh,22.9734,78.6569,0.0,25.3,15.3,1003.9,54.0,OBS_20250314_MAD
2025-03-14,Uttar Pradesh,26.8467,80.9462,3.4,25.9,8.6,1004.6,57.4,OBS_20250314_UTT
2025-03-14,Karnataka,15.3173,75.7139,0.0,19.3,9.4,1008.1,63.3,OBS_20250314_KAR
2025-03-14,Himachal Pradesh,31.1048,77.1734,0.0,21.9,8.5,1000.7,56.9,OBS_20250314_HIM
2025-03-14,Bihar,25.0961,85.3131,0.0,21.1,16.5,1006.8,54.1,OBS_20250314_BIH
2025-03-15,Gujarat,22.2587,71.1924,5.9,22.2,8.4,1010.1,57.6,OBS_20250315_GUJ
2025-03-15,Maharashtra,19.7515,75.7139,2.2,28.6,16.3,1004.1,57.7,OBS_20250315_MAH
2025-03-15,Kerala,10.8505,76.2711,7.6,20.4,10.7,1007.7,54.8,OBS_20250315_KER
2025-03-15,Rajasthan,27.0238,74.2179,0.0,25.4,16.3,1007.2,55.4,OBS_20250315_RAJ
2025-03-15,Odisha,20.9517,85.0985,1.6,21.6,23.1,1007.9,55.3,OBS_20250315_ODI
2025-03-15,Assam,26.2006,92.9376,5.0,25.9,5.6,1005.0,65.3,OBS_20250315_ASS
2025-03-15,Punjab,31.1471,75.3412,11.4,22.7,6.9,1009.9,50.0,OBS_20250315_PUN
2025-03-15,Tamil Nadu,11.1271,78.6569,0.0,25.5,14.9,1005.4,61.3,OBS_20250315_TAM
2025-03-15,Andhra Pradesh,15.9129,79.74,15.0,24.3,14.2,1007.2,53.1,OBS_20250315_AND
2025-03-15,West Bengal,22.9868,87.855,0.0,22.0,10.6,1006.3,54.2,OBS_20250315_WES
2025-03-15,Madhya Pradesh,22.9734,78.6569,2.2,22.5,16.5,1008.7,66.6,OBS_20250315_MAD
2025-03-15,Uttar Pradesh,26.8467,80.9462,6.3,24.0,9.1,1008.9,38.3,OBS_20250315_UTT
2025-03-15,Karnataka,15.3173,75.7139,0.0,23.0,17.4,1004.7,69.9,OBS_20250315_KAR
2025-03-15,Himachal Pradesh,31.1048,77.1734,0.0,27.9,12.9,1004.1,60.3,OBS_20250315_HIM
2025-03-15,Bihar,25.0961,85.3131,9.4,28.9,1.0,1007.5,41.2,OBS_20250315_BIH
2025-03-16,Gujarat,22.2587,71.1924,10.9,25.8,10.5,1007.6,53.8,OBS_20250316_GUJ
2025-03-16,Maharashtra,19.7515,75.7139,0.0,24.9,7.0,1007.3,60.8,OBS_20250316_MAH
2025-03-16,Kerala,10.8505,76.2711,0.0,22.3,12.6,1007.3,65.9,OBS_20250316_KER
2025-03-16,Rajasthan,27.0238,74.2179,7.0,29.9,4.6,1007.5,66.9,OBS_20250316_RAJ
2025-03-16,Odisha,20.9517,85.0985,0.0,25.5,19.2,1006.2,59.4,OBS_20250316_ODI
2025-03-16,Assam,26.2006,92.9376,4.5,24.4,9.6,1006.0,39.9,OBS_20250316_ASS
2025-03-16,Punjab,31.1471,75.3412,21.6,22.4,10.5,1006.2,54.0,OBS_20250316_PUN
2025-03-16,Tamil Nadu,11.1271,78.6569,0.0,24.6,7.8,1004.4,39.6,OBS_20250316_TAM
2025-03-16,Andhra Pradesh,15.9129,79.74,0.3,24.2,16.3,1005.5,44.6,OBS_20250316_AND
2025-03-16,West Bengal,22.9868,87.855,5.1,23.1,9.9,1004.2,58.4,OBS_20250316_WES
2025-03-16,Madhya Pradesh,22.9734,78.6569,0.0,28.4,8.9,1005.8,58.5,OBS_20250316_MAD
2025-03-16,Uttar Pradesh,26.8467,80.9462,9.1,27.6,17.1,1008.0,56.4,OBS_20250316_UTT
2025-03-16,Karnataka,15.3173,75.7139,11.2,23.6,10.2,1003.1,52.4,OBS_20250316_KAR
2025-03-16,Himachal Pradesh,31.1048,77.1734,15.6,22.2,15.0,1008.9,56.0,OBS_20250316_HIM
2025-03-16,Bihar,25.0961,85.3131,0.0,28.6,8.4,1007.5,60.0,OBS_20250316_BIH
2025-03-17,Gujarat,22.2587,71.1924,5.4,24.8,8.2,1007.6,46.2,OBS_20250317_GUJ
2025-03-17,Maharashtra,19.7515,75.7139,0.6,26.3,13.7,1006.9,66.8,OBS_20250317_MAH
2025-03-17,Kerala,10.8505,76.2711,3.3,21.2,14.2,1008.2,43.3,OBS_20250317_KER
2025-03-17,Rajasthan,27.0238,74.2179,36.9,25.3,15.2,1004.6,55.2,OBS_20250317_RAJ
2025-03-17,Odisha,20.9517,85.0985,0.0,22.1,16.0,1005.7,55.1,OBS_20250317_ODI
2025-03-17,Assam,26.2006,92.9376,0.0,23.6,7.1,1002.6,65.3,OBS_20250317_ASS
2025-03-17,Punjab,31.1471,75.3412,5.3,22.6,11.3,1010.2,60.1,OBS_20250317_PUN
2025-03-17,Tamil Nadu,11.1271,78.6569,0.0,29.2,20.0,1006.6,48.9,OBS_20250317_TAM
2025-03-17,Andhra Pradesh,15.9129,79.74,12.3,25.9,10.1,1006.5,56.4,OBS_20250317_AND
2025-03-17,West Bengal,22.9868,87.855,7.4,27.7,12.3,1004.1,56.8,OBS_20250317_WES
2025-03-17,Madhya Pradesh,22.9734,78.6569,10.8,27.1,11.1,1004.8,51.9,OBS_20250317_MAD
2025-03-17,Uttar Pradesh,26.8467,80.9462,20.9,23.0,11.0,1005.3,49.5,OBS_20250317_UTT
2025-03-17,Karnataka,15.3173,75.7139,7.6,26.7,10.1,1006.5,53.6,OBS_20250317_KAR
2025-03-17,Himachal Pradesh,31.1048,77.1734,4.9,22.7,11.4,1005.9,60.2,OBS_20250317_HIM
2025-03-17,Bihar,25.0961,85.3131,0.0,24.1,10.4,1002.2,50.3,OBS_20250317_BIH
2025-03-18,Gujarat,22.2587,71.1924,2.6,28.1,15.1,1006.6,60.8,OBS_20250318_GUJ
2025-03-18,Maharashtra,19.7515,75.7139,0.0,25.8,8.8,1005.6,52.4,OBS_20250318_MAH
2025-03-18,Kerala,10.8505,76.2711,0.0,26.8,7.1,1004.9,53.6,OBS_20250318_KER
2025-03-18,Rajasthan,27.0238,74.2179,16.4,24.8,10.3,1000.6,59.7,OBS_20250318_RAJ
2025-03-18,Odisha,20.9517,85.0985,6.5,26.4,10.4,1005.3,60.2,OBS_20250318_ODI
2025-03-18,Assam,26.2006,92.9376,0.0,26.0,8.0,1002.8,43.0,OBS_20250318_ASS
2025-03-18,Punjab,31.1471,75.3412,7.1,31.6,8.6,1004.9,53.9,OBS_20250318_PUN
2025-03-18,Tamil Nadu,11.1271,78.6569,8.0,26.3,1.0,1002.8,47.9,OBS_20250318_TAM
2025-03-18,Andhra Pradesh,15.9129,79.74,7.8,23.8,14.4,1006.1,57.2,OBS_20250318_AND
2025-03-18,West Bengal,22.9868,87.855,33.6,27.6,12.9,1006.4,54.5,OBS_20250318_WES
2025-03-18,Madhya Pradesh,22.9734,78.6569,0.0,23.1,12.3,1008.7,61.2,OBS_20250318_MAD
2025-03-18,Uttar Pradesh,26.8467,80.9462,0.0,25.4,8.0,1005.4,51.1,OBS_20250318_UTT
2025-03-18,Karnataka,15.3173,75.7139,13.2,20.1,12.0,1005.3,51.3,OBS_20250318_KAR
2025-03-18,Himachal Pradesh,31.1048,77.1734,14.0,23.1,2.9,1004.3,75.0,OBS_20250318_HIM
2025-03-18,Bihar,25.0961,85.3131,10.4,26.0,13.4,1006.4,57.1,OBS_20250318_BIH
2025-03-19,Gujarat,22.2587,71.1924,19.0,27.4,22.6,1006.6,65.1,OBS_20250319_GUJ
2025-03-19,Maharashtra,19.7515,75.7139,0.0,25.4,17.3,1005.1,64.5,OBS_20250319_MAH
2025-03-19,Kerala,10.8505,76.2711,7.9,24.5,10.6,1005.0,54.4,OBS_20250319_KER
2025-03-19,Rajasthan,27.0238,74.2179,0.0,25.3,9.2,1005.3,68.5,OBS_20250319_RAJ
2025-03-19,Odisha,20.9517,85.0985,0.0,31.2,13.0,1005.9,66.5,OBS_20250319_ODI
2025-03-19,Assam,26.2006,92.9376,0.0,27.6,12.2,1004.4,51.5,OBS_20250319_ASS
2025-03-19,Punjab,31.1471,75.3412,0.0,22.3,17.3,1003.6,53.3,OBS_20250319_PUN
2025-03-19,Tamil Nadu,11.1271,78.6569,0.0,24.5,12.9,1005.9,49.1,OBS_20250319_TAM
2025-03-19,Andhra Pradesh,15.9129,79.74,0.0,21.0,9.9,1006.7,52.3,OBS_20250319_AND
2025-03-19,West Bengal,22.9868,87.855,1.1,26.4,8.6,1007.5,50.2,OBS_20250319_WES
2025-03-19,Madhya Pradesh,22.9734,78.6569,5.8,24.6,16.7,1009.8,52.7,OBS_20250319_MAD
2025-03-19,Uttar Pradesh,26.8467,80.9462,14.0,22.9,14.1,1003.1,53.2,OBS_20250319_UTT
2025-03-19,Karnataka,15.3173,75.7139,13.9,25.9,12.4,1007.7,64.1,OBS_20250319_KAR
2025-03-19,Himachal Pradesh,31.1048,77.1734,21.4,30.4,8.1,1004.3,53.5,OBS_20250319_HIM
2025-03-19,Bihar,25.0961,85.3131,7.7,23.0,1.0,1008.6,66.4,OBS_20250319_BIH
2025-03-20,Gujarat,22.2587,71.1924,0.0,29.0,12.2,1007.4,52.0,OBS_20250320_GUJ
2025-03-20,Maharashtra,19.7515,75.7139,0.0,27.8,11.9,1005.5,52.1,OBS_20250320_MAH
2025-03-20,Kerala,10.8505,76.2711,0.0,27.9,1.0,1006.9,57.4,OBS_20250320_KER
2025-03-20,Rajasthan,27.0238,74.2179,4.3,22.0,10.3,1007.2,56.5,OBS_20250320_RAJ
2025-03-20,Odisha,20.9517,85.0985,2.0,20.1,9.3,1008.0,58.3,OBS_20250320_ODI
2025-03-20,Assam,26.2006,92.9376,9.6,25.2,9.5,1006.0,65.8,OBS_20250320_ASS
2025-03-20,Punjab,31.1471,75.3412,3.0,26.4,15.3,1007.3,57.2,OBS_20250320_PUN
2025-03-20,Tamil Nadu,11.1271,78.6569,0.0,21.5,11.3,1006.4,68.2,OBS_20250320_TAM
2025-03-20,Andhra Pradesh,15.9129,79.74,2.6,26.6,11.2,1006.8,41.2,OBS_20250320_AND
2025-03-20,West Bengal,22.9868,87.855,0.0,22.4,13.2,1005.7,48.7,OBS_20250320_WES
2025-03-20,Madhya Pradesh,22.9734,78.6569,19.4,27.0,8.4,1006.5,60.2,OBS_20250320_MAD
2025-03-20,Uttar Pradesh,26.8467,80.9462,0.0,25.8,16.0,1004.6,56.1,OBS_20250320_UTT
2025-03-20,Karnataka,15.3173,75.7139,1.0,22.1,9.8,1001.1,56.2,OBS_20250320_KAR
2025-03-20,Himachal Pradesh,31.1048,77.1734,1.9,28.5,11.5,1006.1,49.8,OBS_20250320_HIM
2025-03-20,Bihar,25.0961,85.3131,0.0,26.9,13.0,1009.0,49.7,OBS_20250320_BIH
2025-03-21,Gujarat,22.2587,71.1924,13.9,26.5,12.7,1006.1,68.6,OBS_20250321_GUJ
2025-03-21,Maharashtra,19.7515,75.7139,3.4,23.9,14.1,1006.9,69.1,OBS_20250321_MAH
2025-03-21,Kerala,10.8505,76.2711,9.3,25.3,9.7,1007.6,54.5,OBS_20250321_KER
2025-03-21,Rajasthan,27.0238,74.2179,2.0,28.5,9.1,1007.0,72.5,OBS_20250321_RAJ
2025-03-21,Odisha,20.9517,85.0985,10.2,26.4,10.8,1008.7,62.7,OBS_20250321_ODI
2025-03-21,Assam,26.2006,92.9376,0.0,24.0,4.7,1003.6,60.7,OBS_20250321_ASS
2025-03-21,Punjab,31.1471,75.3412,0.0,25.5,10.1,1004.8,54.8,OBS_20250321_PUN
2025-03-21,Tamil Nadu,11.1271,78.6569,7.0,19.3,17.5,1007.8,63.4,OBS_20250321_TAM
2025-03-21,Andhra Pradesh,15.9129,79.74,8.6,21.9,13.1,1003.2,59.8,OBS_20250321_AND
2025-03-21,West Bengal,22.9868,87.855,0.0,23.4,18.2,1007.4,56.2,OBS_20250321_WES
2025-03-21,Madhya Pradesh,22.9734,78.6569,6.0,25.2,9.4,1004.7,62.3,OBS_20250321_MAD
2025-03-21,Uttar Pradesh,26.8467,80.9462,0.0,25.7,12.4,1004.7,58.9,OBS_20250321_UTT
2025-03-21,Karnataka,15.3173,75.7139,24.0,27.4,17.4,1006.1,47.9,OBS_20250321_KAR
2025-03-21,Himachal Pradesh,31.1048,77.1734,4.5,19.5,7.8,1007.7,61.0,OBS_20250321_HIM
2025-03-21,Bihar,25.0961,85.3131,0.0,30.4,13.1,1006.1,62.5,OBS_20250321_BIH
2025-03-22,Gujarat,22.2587,71.1924,0.0,25.5,3.7,1005.7,56.0,OBS_20250322_GUJ
2025-03-22,Maharashtra,19.7515,75.7139,2.7,27.9,14.6,1009.3,58.7,OBS_20250322_MAH
2025-03-22,Kerala,10.8505,76.2711,0.0,24.1,11.8,1005.3,51.2,OBS_20250322_KER
2025-03-22,Rajasthan,27.0238,74.2179,0.0,26.6,9.3,1005.8,54.4,OBS_20250322_RAJ
2025-03-22,Odisha,20.9517,85.0985,1.6,24.3,6.4,1008.3,57.7,OBS_20250322_ODI
2025-03-22,Assam,26.2006,92.9376,0.0,26.0,13.6,1003.1,59.5,OBS_20250322_ASS
2025-03-22,Punjab,31.1471,75.3412,0.0,28.2,17.2,1003.4,50.4,OBS_20250322_PUN
2025-03-22,Tamil Nadu,11.1271,78.6569,22.3,28.3,12.4,1004.2,46.7,OBS_20250322_TAM
2025-03-22,Andhra Pradesh,15.9129,79.74,0.0,21.2,9.3,1007.5,55.8,OBS_20250322_AND
2025-03-22,West Bengal,22.9868,87.855,0.0,25.4,7.3,1005.0,48.7,OBS_20250322_WES
2025-03-22,Madhya Pradesh,22.9734,78.6569,0.0,32.0,12.2,1002.9,56.4,OBS_20250322_MAD
2025-03-22,Uttar Pradesh,26.8467,80.9462,11.9,28.7,10.5,1006.9,65.9,OBS_20250322_UTT
2025-03-22,Karnataka,15.3173,75.7139,0.0,23.4,5.5,1004.8,47.2,OBS_20250322_KAR
2025-03-22,Himachal Pradesh,31.1048,77.1734,24.6,26.0,10.0,1006.7,58.0,OBS_20250322_HIM
2025-03-22,Bihar,25.0961,85.3131,0.0,21.0,10.6,1005.1,65.7,OBS_20250322_BIH
2025-03-23,Gujarat,22.2587,71.1924,9.1,26.6,6.5,1009.2,63.0,OBS_20250323_GUJ
2025-03-23,Maharashtra,19.7515,75.7139,0.8,29.4,15.6,1006.9,59.1,OBS_20250323_MAH
2025-03-23,Kerala,10.8505,76.2711,0.0,24.6,18.4,1006.3,69.9,OBS_20250323_KER
2025-03-23,Rajasthan,27.0238,74.2179,2.4,29.7,14.3,1000.7,51.3,OBS_20250323_RAJ
2025-03-23,Odisha,20.9517,85.0985,0.0,25.7,10.8,1007.7,46.1,OBS_20250323_ODI
2025-03-23,Assam,26.2006,92.9376,0.0,26.1,17.2,1005.2,51.2,OBS_20250323_ASS
2025-03-23,Punjab,31.1471,75.3412,2.9,30.4,11.9,1006.6,56.1,OBS_20250323_PUN
2025-03-23,Tamil Nadu,11.1271,78.6569,0.0,22.5,11.7,1005.8,69.4,OBS_20250323_TAM
2025-03-23,Andhra Pradesh,15.9129,79.74,0.0,24.6,4.4,1004.5,47.1,OBS_20250323_AND
2025-03-23,West Bengal,22.9868,87.855,9.1,26.5,5.5,1006.6,55.7,OBS_20250323_WES
2025-03-23,Madhya Pradesh,22.9734,78.6569,0.0,22.7,10.2,1006.5,52.9,OBS_20250323_MAD
2025-03-23,Uttar Pradesh,26.8467,80.9462,0.0,26.7,12.8,1005.3,50.5,OBS_20250323_UTT
2025-03-23,Karnataka,15.3173,75.7139,8.5,22.5,19.6,1006.7,41.2,OBS_20250323_KAR
2025-03-23,Himachal Pradesh,31.1048,77.1734,6.4,26.1,10.9,1004.3,53.5,OBS_20250323_HIM
2025-03-23,Bihar,25.0961,85.3131,7.1,26.5,12.0,1007.4,50.3,OBS_20250323_BIH
2025-03-24,Gujarat,22.2587,71.1924,0.0,24.6,11.5,1008.0,49.2,OBS_20250324_GUJ
2025-03-24,Maharashtra,19.7515,75.7139,0.0,26.9,16.5,1009.3,47.4,OBS_20250324_MAH
2025-03-24,Kerala,10.8505,76.2711,5.2,26.9,11.1,1003.3,71.3,OBS_20250324_KER
2025-03-24,Rajasthan,27.0238,74.2179,12.9,28.6,5.4,1010.7,50.0,OBS_20250324_RAJ
2025-03-24,Odisha,20.9517,85.0985,17.7,28.0,9.3,1007.3,58.0,OBS_20250324_ODI
2025-03-24,Assam,26.2006,92.9376,0.0,21.5,11.5,1005.6,59.8,OBS_20250324_ASS
2025-03-24,Punjab,31.1471,75.3412,2.3,29.6,15.5,1004.1,61.0,OBS_20250324_PUN
2025-03-24,Tamil Nadu,11.1271,78.6569,0.0,24.4,12.6,1005.2,61.9,OBS_20250324_TAM
2025-03-24,Andhra Pradesh,15.9129,79.74,0.0,26.3,9.8,1003.9,46.0,OBS_20250324_AND
2025-03-24,West Bengal,22.9868,87.855,0.0,29.8,13.1,1005.0,62.4,OBS_20250324_WES
2025-03-24,Madhya Pradesh,22.9734,78.6569,0.0,26.0,5.9,1003.7,52.9,OBS_20250324_MAD
2025-03-24,Uttar Pradesh,26.8467,80.9462,0.0,26.6,13.0,1007.1,43.9,OBS_20250324_UTT
2025-03-24,Karnataka,15.3173,75.7139,7.4,27.0,12.0,1005.1,48.0,OBS_20250324_KAR
2025-03-24,Himachal Pradesh,31.1048,77.1734,9.3,23.1,11.3,1003.6,65.0,OBS_20250324_HIM
2025-03-24,Bihar,25.0961,85.3131,0.0,23.8,12.0,1009.6,61.2,OBS_20250324_BIH
2025-03-25,Gujarat,22.2587,71.1924,5.4,23.6,15.3,1010.2,59.1,OBS_20250325_GUJ
2025-03-25,Maharashtra,19.7515,75.7139,0.0,24.5,8.6,1006.3,46.4,OBS_20250325_MAH
2025-03-25,Kerala,10.8505,76.2711,0.0,26.1,16.4,1004.3,45.3,OBS_20250325_KER
2025-03-25,Rajasthan,27.0238,74.2179,0.0,27.7,17.6,1006.9,62.3,OBS_20250325_RAJ
2025-03-25,Odisha,20.9517,85.0985,0.0,26.1,17.2,1008.1,44.0,OBS_20250325_ODI
2025-03-25,Assam,26.2006,92.9376,11.1,24.5,11.8,1007.0,48.2,OBS_20250325_ASS
2025-03-25,Punjab,31.1471,75.3412,5.6,25.9,9.3,1003.4,63.2,OBS_20250325_PUN
2025-03-25,Tamil Nadu,11.1271,78.6569,0.0,23.3,19.4,1004.3,63.1,OBS_20250325_TAM
2025-03-25,Andhra Pradesh,15.9129,79.74,0.0,23.0,14.1,1005.3,52.8,OBS_20250325_AND
2025-03-25,West Bengal,22.9868,87.855,2.1,26.6,7.6,1007.5,57.8,OBS_20250325_WES
2025-03-25,Madhya Pradesh,22.9734,78.6569,0.0,27.2,9.9,1011.2,59.4,OBS_20250325_MAD
2025-03-25,Uttar Pradesh,26.8467,80.9462,22.0,24.0,13.4,1005.0,49.3,OBS_20250325_UTT
2025-03-25,Karnataka,15.3173,75.7139,1.1,25.8,10.0,1007.0,59.2,OBS_20250325_KAR
2025-03-25,Himachal Pradesh,31.1048,77.1734,13.6,27.5,13.2,1007.5,61.0,OBS_20250325_HIM
2025-03-25,Bihar,25.0961,85.3131,13.6,25.7,12.9,1006.1,43.0,OBS_20250325_BIH
2025-03-26,Gujarat,22.2587,71.1924,0.0,22.6,14.1,1005.8,48.6,OBS_20250326_GUJ
2025-03-26,Maharashtra,19.7515,75.7139,0.0,27.6,14.8,1006.1,45.7,OBS_20250326_MAH
2025-03-26,Kerala,10.8505,76.2711,1.8,26.5,1.0,1004.5,54.7,OBS_20250326_KER
2025-03-26,Rajasthan,27.0238,74.2179,2.3,28.8,12.3,1008.0,50.0,OBS_20250326_RAJ
2025-03-26,Odisha,20.9517,85.0985,0.0,27.1,6.2,1007.3,55.6,OBS_20250326_ODI
2025-03-26,Assam,26.2006,92.9376,19.5,23.7,7.3,1008.2,49.0,OBS_20250326_ASS
2025-03-26,Punjab,31.1471,75.3412,5.1,22.9,12.2,1005.8,66.2,OBS_20250326_PUN
2025-03-26,Tamil Nadu,11.1271,78.6569,0.0,22.4,7.5,1004.1,61.4,OBS_20250326_TAM
2025-03-26,Andhra Pradesh,15.9129,79.74,0.0,26.6,3.8,1005.0,50.5,OBS_20250326_AND
2025-03-26,West Bengal,22.9868,87.855,0.0,28.8,15.4,1003.7,54.0,OBS_20250326_WES
2025-03-26,Madhya Pradesh,22.9734,78.6569,3.2,23.6,11.0,1004.1,44.8,OBS_20250326_MAD
2025-03-26,Uttar Pradesh,26.8467,80.9462,10.3,25.8,9.7,1006.7,72.2,OBS_20250326_UTT
2025-03-26,Karnataka,15.3173,75.7139,15.9,26.4,10.4,1006.2,62.9,OBS_20250326_KAR
2025-03-26,Himachal Pradesh,31.1048,77.1734,0.0,25.7,17.4,1005.0,32.1,OBS_20250326_HIM
2025-03-26,Bihar,25.0961,85.3131,0.0,22.9,7.9,1007.8,60.9,OBS_20250326_BIH
2025-03-27,Gujarat,22.2587,71.1924,0.5,24.8,8.9,1004.5,55.5,OBS_20250327_GUJ
2025-03-27,Maharashtra,19.7515,75.7139,0.0,25.2,8.7,1006.8,66.4,OBS_20250327_MAH
2025-03-27,Kerala,10.8505,76.2711,4.0,26.9,9.7,1003.0,54.6,OBS_20250327_KER
2025-03-27,Rajasthan,27.0238,74.2179,3.3,21.6,11.3,1006.6,46.0,OBS_20250327_RAJ
2025-03-27,Odisha,20.9517,85.0985,2.0,24.3,7.9,1009.2,49.9,OBS_20250327_ODI
2025-03-27,Assam,26.2006,92.9376,0.0,27.6,10.5,1006.3,55.3,OBS_20250327_ASS
2025-03-27,Punjab,31.1471,75.3412,0.0,23.6,14.3,1006.3,46.3,OBS_20250327_PUN
2025-03-27,Tamil Nadu,11.1271,78.6569,0.0,26.5,20.2,1008.3,55.3,OBS_20250327_TAM
2025-03-27,Andhra Pradesh,15.9129,79.74,0.0,30.0,11.9,1002.0,45.9,OBS_20250327_AND
2025-03-27,West Bengal,22.9868,87.855,0.0,23.9,13.2,1006.3,56.9,OBS_20250327_WES
2025-03-27,Madhya Pradesh,22.9734,78.6569,0.0,26.8,15.6,1005.9,54.2,OBS_20250327_MAD
2025-03-27,Uttar Pradesh,26.8467,80.9462,0.0,26.8,17.7,1007.5,60.2,OBS_20250327_UTT
2025-03-27,Karnataka,15.3173,75.7139,0.0,23.7,8.4,1006.1,64.6,OBS_20250327_KAR
2025-03-27,Himachal Pradesh,31.1048,77.1734,0.0,28.5,12.1,1004.2,43.8,OBS_20250327_HIM
2025-03-27,Bihar,25.0961,85.3131,0.0,27.1,15.0,1008.3,50.0,OBS_20250327_BIH
2025-03-28,Gujarat,22.2587,71.1924,1.1,27.9,14.0,1008.7,58.4,OBS_20250328_GUJ
2025-03-28,Maharashtra,19.7515,75.7139,19.3,27.8,13.4,1007.4,60.0,OBS_20250328_MAH
2025-03-28,Kerala,10.8505,76.2711,0.0,26.5,16.5,1004.9,44.6,OBS_20250328_KER
2025-03-28,Rajasthan,27.0238,74.2179,0.0,24.3,16.4,1005.8,55.1,OBS_20250328_RAJ
2025-03-28,Odisha,20.9517,85.0985,2.7,27.1,13.7,1008.2,55.0,OBS_20250328_ODI
2025-03-28,Assam,26.2006,92.9376,0.0,24.6,19.0,1002.0,64.6,OBS_20250328_ASS
2025-03-28,Punjab,31.1471,75.3412,3.5,21.6,8.0,1004.2,61.1,OBS_20250328_PUN
2025-03-28,Tamil Nadu,11.1271,78.6569,0.0,29.9,12.2,1008.7,57.9,OBS_20250328_TAM
2025-03-28,Andhra Pradesh,15.9129,79.74,8.1,25.5,15.8,1007.3,61.2,OBS_20250328_AND
2025-03-28,West Bengal,22.9868,87.855,0.0,24.4,15.5,1007.7,62.1,OBS_20250328_WES
2025-03-28,Madhya Pradesh,22.9734,78.6569,11.2,25.7,6.7,1006.2,69.8,OBS_20250328_MAD
2025-03-28,Uttar Pradesh,26.8467,80.9462,1.5,26.6,6.1,1004.2,77.0,OBS_20250328_UTT
2025-03-28,Karnataka,15.3173,75.7139,0.0,26.2,7.5,1007.9,50.3,OBS_20250328_KAR
2025-03-28,Himachal Pradesh,31.1048,77.1734,2.9,23.5,11.8,1007.1,64.2,OBS_20250328_HIM
2025-03-28,Bihar,25.0961,85.3131,8.1,22.9,7.9,1011.6,59.8,OBS_20250328_BIH
2025-03-29,Gujarat,22.2587,71.1924,0.0,21.9,11.1,1003.7,49.0,OBS_20250329_GUJ
2025-03-29,Maharashtra,19.7515,75.7139,0.0,31.9,3.3,1007.3,59.1,OBS_20250329_MAH
2025-03-29,Kerala,10.8505,76.2711,22.7,29.2,16.4,1007.6,48.6,OBS_20250329_KER
2025-03-29,Rajasthan,27.0238,74.2179,3.6,28.0,17.0,1005.1,63.6,OBS_20250329_RAJ
2025-03-29,Odisha,20.9517,85.0985,0.0,25.9,5.7,1003.5,52.8,OBS_20250329_ODI
2025-03-29,Assam,26.2006,92.9376,0.7,28.0,9.4,1006.0,55.8,OBS_20250329_ASS
2025-03-29,Punjab,31.1471,75.3412,4.4,24.2,6.4,1008.2,47.2,OBS_20250329_PUN
2025-03-29,Tamil Nadu,11.1271,78.6569,13.6,27.4,12.4,1007.0,70.1,OBS_20250329_TAM
2025-03-29,Andhra Pradesh,15.9129,79.74,0.0,28.0,17.1,1007.0,41.4,OBS_20250329_AND
2025-03-29,West Bengal,22.9868,87.855,18.5,24.6,8.7,1006.1,67.7,OBS_20250329_WES
2025-03-29,Madhya Pradesh,22.9734,78.6569,6.0,27.9,18.5,1006.5,49.9,OBS_20250329_MAD
2025-03-29,Uttar Pradesh,26.8467,80.9462,7.5,27.8,4.2,1008.9,53.3,OBS_20250329_UTT
2025-03-29,Karnataka,15.3173,75.7139,0.0,23.0,13.1,1006.7,60.2,OBS_20250329_KAR
2025-03-29,Himachal Pradesh,31.1048,77.1734,0.0,27.2,14.5,1006.0,49.3,OBS_20250329_HIM
2025-03-29,Bihar,25.0961,85.3131,7.0,26.0,12.5,1006.5,52.9,OBS_20250329_BIH
2025-03-30,Gujarat,22.2587,71.1924,3.1,24.8,11.3,1005.7,59.7,OBS_20250330_GUJ
2025-03-30,Maharashtra,19.7515,75.7139,15.6,27.8,9.4,1010.6,51.1,OBS_20250330_MAH
2025-03-30,Kerala,10.8505,76.2711,0.0,24.1,10.0,1007.4,56.9,OBS_20250330_KER
2025-03-30,Rajasthan,27.0238,74.2179,0.0,27.7,4.7,1005.3,53.7,OBS_20250330_RAJ
2025-03-30,Odisha,20.9517,85.0985,22.1,25.2,8.8,1007.3,57.3,OBS_20250330_ODI
2025-03-30,Assam,26.2006,92.9376,9.1,26.2,7.2,1005.4,60.4,OBS_20250330_ASS
2025-03-30,Punjab,31.1471,75.3412,5.9,22.9,3.8,1003.6,52.1,OBS_20250330_PUN
2025-03-30,Tamil Nadu,11.1271,78.6569,12.7,31.1,11.6,1004.7,65.3,OBS_20250330_TAM
2025-03-30,Andhra Pradesh,15.9129,79.74,0.0,24.6,9.7,1008.2,63.9,OBS_20250330_AND
2025-03-30,West Bengal,22.9868,87.855,0.0,26.5,8.7,1007.9,55.5,OBS_20250330_WES
2025-03-30,Madhya Pradesh,22.9734,78.6569,8.3,22.6,14.4,1008.4,65.1,OBS_20250330_MAD
2025-03-30,Uttar Pradesh,26.8467,80.9462,0.0,28.1,2.3,1004.4,42.7,OBS_20250330_UTT
2025-03-30,Karnataka,15.3173,75.7139,0.0,25.9,11.1,1007.4,49.3,OBS_20250330_KAR
2025-03-30,Himachal Pradesh,31.1048,77.1734,0.0,25.6,12.7,1004.6,61.2,OBS_20250330_HIM
2025-03-30,Bihar,25.0961,85.3131,28.4,28.2,10.7,1005.7,52.6,OBS_20250330_BIH
2025-03-31,Gujarat,22.2587,71.1924,4.0,23.8,7.3,1004.8,61.8,OBS_20250331_GUJ
2025-03-31,Maharashtra,19.7515,75.7139,10.6,26.9,10.2,1004.9,51.5,OBS_20250331_MAH
2025-03-31,Kerala,10.8505,76.2711,0.0,25.9,10.1,1002.5,56.1,OBS_20250331_KER
2025-03-31,Rajasthan,27.0238,74.2179,6.4,28.5,9.9,1007.7,51.7,OBS_20250331_RAJ
2025-03-31,Odisha,20.9517,85.0985,0.0,30.0,16.0,1006.9,45.9,OBS_20250331_ODI
2025-03-31,Assam,26.2006,92.9376,0.0,25.2,13.7,1003.2,53.6,OBS_20250331_ASS
2025-03-31,Punjab,31.1471,75.3412,0.0,28.6,11.2,1006.9,49.9,OBS_20250331_PUN
2025-03-31,Tamil Nadu,11.1271,78.6569,0.0,27.6,13.6,1008.0,59.6,OBS_20250331_TAM
2025-03-31,Andhra Pradesh,15.9129,79.74,0.5,28.7,13.1,1004.7,68.1,OBS_20250331_AND
2025-03-31,West Bengal,22.9868,87.855,0.0,25.6,4.4,1005.8,50.7,OBS_20250331_WES
2025-03-31,Madhya Pradesh,22.9734,78.6569,0.0,25.4,16.5,1005.1,58.6,OBS_20250331_MAD
2025-03-31,Uttar Pradesh,26.8467,80.9462,0.0,27.3,5.4,1006.7,62.3,OBS_20250331_UTT
2025-03-31,Karnataka,15.3173,75.7139,2.1,27.0,5.9,1010.9,60.5,OBS_20250331_KAR
2025-03-31,Himachal Pradesh,31.1048,77.1734,0.0,24.5,12.8,1006.4,43.5,OBS_20250331_HIM
2025-03-31,Bihar,25.0961,85.3131,26.5,29.4,7.4,1008.2,62.8,OBS_20250331_BIH
2025-04-01,Gujarat,22.2587,71.1924,0.0,24.7,16.8,1008.3,61.7,OBS_20250401_GUJ
2025-04-01,Maharashtra,19.7515,75.7139,0.0,26.4,8.2,1005.0,57.4,OBS_20250401_MAH
2025-04-01,Kerala,10.8505,76.2711,0.0,24.6,9.7,1009.2,56.6,OBS_20250401_KER
2025-04-01,Rajasthan,27.0238,74.2179,0.0,27.3,14.0,1005.3,52.5,OBS_20250401_RAJ
2025-04-01,Odisha,20.9517,85.0985,1.9,26.4,15.4,1011.5,44.7,OBS_20250401_ODI
2025-04-01,Assam,26.2006,92.9376,0.0,30.8,10.1,1005.0,59.9,OBS_20250401_ASS
2025-04-01,Punjab,31.1471,75.3412,0.0,26.3,8.5,1005.6,54.4,OBS_20250401_PUN
2025-04-01,Tamil Nadu,11.1271,78.6569,7.5,26.2,15.4,1003.4,45.5,OBS_20250401_TAM
2025-04-01,Andhra Pradesh,15.9129,79.74,1.0,25.3,13.4,1005.7,49.5,OBS_20250401_AND
2025-04-01,West Bengal,22.9868,87.855,0.0,24.5,15.9,1003.4,50.1,OBS_20250401_WES
2025-04-01,Madhya Pradesh,22.9734,78.6569,0.0,32.5,11.3,1006.9,50.8,OBS_20250401_MAD
2025-04-01,Uttar Pradesh,26.8467,80.9462,0.0,28.1,9.6,1009.5,51.7,OBS_20250401_UTT
2025-04-01,Karnataka,15.3173,75.7139,0.0,24.6,9.2,1008.5,69.1,OBS_20250401_KAR
2025-04-01,Himachal Pradesh,31.1048,77.1734,0.0,26.7,12.4,1007.1,61.2,OBS_20250401_HIM
2025-04-01,Bihar,25.0961,85.3131,13.7,28.2,16.0,1001.7,47.5,OBS_20250401_BIH
2025-04-02,Gujarat,22.2587,71.1924,0.0,26.3,15.8,1007.7,43.6,OBS_20250402_GUJ
2025-04-02,Maharashtra,19.7515,75.7139,1.0,26.4,12.9,1010.9,56.7,OBS_20250402_MAH
2025-04-02,Kerala,10.8505,76.2711,1.6,25.2,12.8,1006.2,64.8,OBS_20250402_KER
2025-04-02,Rajasthan,27.0238,74.2179,0.0,26.3,2.5,1004.6,57.5,OBS_20250402_RAJ
2025-04-02,Odisha,20.9517,85.0985,0.0,25.6,15.2,1006.1,55.9,OBS_20250402_ODI
2025-04-02,Assam,26.2006,92.9376,0.0,27.3,13.0,1008.7,58.5,OBS_20250402_ASS
2025-04-02,Punjab,31.1471,75.3412,2.7,25.7,12.2,1006.3,56.2,OBS_20250402_PUN
2025-04-02,Tamil Nadu,11.1271,78.6569,13.3,30.4,15.5,1005.6,63.6,OBS_20250402_TAM
2025-04-02,Andhra Pradesh,15.9129,79.74,0.0,27.6,9.4,1008.3,56.4,OBS_20250402_AND
2025-04-02,West Bengal,22.9868,87.855,90.5,25.9,17.9,1007.6,51.7,OBS_20250402_WES
2025-04-02,Madhya Pradesh,22.9734,78.6569,0.0,27.6,12.2,1006.4,56.2,OBS_20250402_MAD
2025-04-02,Uttar Pradesh,26.8467,80.9462,0.0,28.4,12.9,1004.6,45.1,OBS_20250402_UTT
2025-04-02,Karnataka,15.3173,75.7139,0.3,25.6,12.2,1004.0,61.0,OBS_20250402_KAR
2025-04-02,Himachal Pradesh,31.1048,77.1734,0.0,23.6,24.4,1003.0,54.2,OBS_20250402_HIM
2025-04-02,Bihar,25.0961,85.3131,0.0,25.0,15.4,1007.2,52.4,OBS_20250402_BIH
2025-04-03,Gujarat,22.2587,71.1924,4.2,27.2,10.3,1002.8,55.7,OBS_20250403_GUJ
2025-04-03,Maharashtra,19.7515,75.7139,9.2,28.3,14.1,1006.8,59.6,OBS_20250403_MAH
2025-04-03,Kerala,10.8505,76.2711,0.0,27.0,7.0,1002.9,50.7,OBS_20250403_KER
2025-04-03,Rajasthan,27.0238,74.2179,11.8,28.1,9.5,1004.0,60.0,OBS_20250403_RAJ
2025-04-03,Odisha,20.9517,85.0985,19.0,29.0,15.1,1007.1,47.4,OBS_20250403_ODI
2025-04-03,Assam,26.2006,92.9376,0.0,26.3,7.4,1004.2,57.8,OBS_20250403_ASS
2025-04-03,Punjab,31.1471,75.3412,3.6,27.9,18.7,1004.8,71.1,OBS_20250403_PUN
2025-04-03,Tamil Nadu,11.1271,78.6569,0.0,25.2,14.1,1001.3,45.3,OBS_20250403_TAM
2025-04-03,Andhra Pradesh,15.9129,79.74,14.5,25.2,9.7,1008.1,64.5,OBS_20250403_AND
2025-04-03,West Bengal,22.9868,87.855,5.5,21.7,11.0,1006.8,58.2,OBS_20250403_WES
2025-04-03,Madhya Pradesh,22.9734,78.6569,3.6,21.5,16.3,1002.2,50.3,OBS_20250403_MAD
2025-04-03,Uttar Pradesh,26.8467,80.9462,0.0,28.8,15.8,1005.9,50.0,OBS_20250403_UTT
2025-04-03,Karnataka,15.3173,75.7139,0.0,23.1,5.6,1005.0,54.9,OBS_20250403_KAR
2025-04-03,Himachal Pradesh,31.1048,77.1734,4.6,27.2,13.0,1010.9,53.4,OBS_20250403_HIM
2025-04-03,Bihar,25.0961,85.3131,0.0,26.3,15.1,1004.0,59.2,OBS_20250403_BIH
2025-04-04,Gujarat,22.2587,71.1924,0.0,28.0,14.9,1005.6,46.7,OBS_20250404_GUJ
2025-04-04,Maharashtra,19.7515,75.7139,0.0,27.5,17.0,1003.3,50.2,OBS_20250404_MAH
2025-04-04,Kerala,10.8505,76.2711,4.6,29.5,8.0,1006.4,48.9,OBS_20250404_KER
2025-04-04,Rajasthan,27.0238,74.2179,0.0,31.9,10.0,1008.6,61.4,OBS_20250404_RAJ
2025-04-04,Odisha,20.9517,85.0985,0.0,22.7,19.8,1005.1,54.8,OBS_20250404_ODI
2025-04-04,Assam,26.2006,92.9376,34.2,31.5,16.8,1003.2,53.5,OBS_20250404_ASS
2025-04-04,Punjab,31.1471,75.3412,0.0,24.7,6.7,1006.1,51.2,OBS_20250404_PUN
2025-04-04,Tamil Nadu,11.1271,78.6569,0.0,25.2,12.4,1006.4,63.2,OBS_20250404_TAM
2025-04-04,Andhra Pradesh,15.9129,79.74,30.2,26.3,13.5,1006.8,62.0,OBS_20250404_AND
2025-04-04,West Bengal,22.9868,87.855,5.0,23.6,13.3,1003.7,66.5,OBS_20250404_WES
2025-04-04,Madhya Pradesh,22.9734,78.6569,10.8,26.1,15.8,1003.4,51.2,OBS_20250404_MAD
2025-04-04,Uttar Pradesh,26.8467,80.9462,0.0,26.1,10.3,1004.9,59.4,OBS_20250404_UTT
2025-04-04,Karnataka,15.3173,75.7139,9.7,28.5,11.7,1005.6,54.8,OBS_20250404_KAR
2025-04-04,Himachal Pradesh,31.1048,77.1734,0.0,28.7,10.9,1007.9,58.4,OBS_20250404_HIM
2025-04-04,Bihar,25.0961,85.3131,0.0,26.7,16.8,1007.9,41.3,OBS_20250404_BIH
2025-04-05,Gujarat,22.2587,71.1924,0.0,25.6,14.6,1006.9,60.3,OBS_20250405_GUJ
2025-04-05,Maharashtra,19.7515,75.7139,2.7,25.0,12.4,1005.2,59.5,OBS_20250405_MAH
2025-04-05,Kerala,10.8505,76.2711,4.7,25.0,12.1,1008.0,62.0,OBS_20250405_KER
2025-04-05,Rajasthan,27.0238,74.2179,0.0,26.0,1.0,1005.3,60.0,OBS_20250405_RAJ
2025-04-05,Odisha,20.9517,85.0985,12.2,26.1,11.6,1005.2,50.9,OBS_20250405_ODI
2025-04-05,Assam,26.2006,92.9376,0.0,29.1,16.1,1005.7,64.1,OBS_20250405_ASS
2025-04-05,Punjab,31.1471,75.3412,3.7,28.1,11.8,1004.5,47.3,OBS_20250405_PUN
2025-04-05,Tamil Nadu,11.1271,78.6569,0.0,27.7,11.2,1006.5,58.8,OBS_20250405_TAM
2025-04-05,Andhra Pradesh,15.9129,79.74,3.6,28.2,14.2,1006.6,53.1,OBS_20250405_AND
2025-04-05,West Bengal,22.9868,87.855,0.0,25.8,12.4,1007.9,52.9,OBS_20250405_WES
2025-04-05,Madhya Pradesh,22.9734,78.6569,0.0,23.8,12.4,1000.5,58.6,OBS_20250405_MAD
2025-04-05,Uttar Pradesh,26.8467,80.9462,12.7,27.6,8.5,1006.5,54.9,OBS_20250405_UTT
2025-04-05,Karnataka,15.3173,75.7139,2.9,26.9,13.9,1007.1,46.6,OBS_20250405_KAR
2025-04-05,Himachal Pradesh,31.1048,77.1734,12.9,24.9,14.5,999.0,49.7,OBS_20250405_HIM
2025-04-05,Bihar,25.0961,85.3131,19.7,27.4,10.8,1003.8,66.2,OBS_20250405_BIH
2025-04-06,Gujarat,22.2587,71.1924,0.0,28.0,11.0,1009.9,66.2,OBS_20250406_GUJ
2025-04-06,Maharashtra,19.7515,75.7139,4.6,27.4,19.3,1005.4,53.0,OBS_20250406_MAH
2025-04-06,Kerala,10.8505,76.2711,20.8,25.9,5.2,1006.3,64.7,OBS_20250406_KER
2025-04-06,Rajasthan,27.0238,74.2179,0.0,30.0,14.1,1004.7,44.9,OBS_20250406_RAJ
2025-04-06,Odisha,20.9517,85.0985,0.0,26.5,15.2,1003.8,63.6,OBS_20250406_ODI
2025-04-06,Assam,26.2006,92.9376,0.0,25.4,10.0,1007.3,57.3,OBS_20250406_ASS
2025-04-06,Punjab,31.1471,75.3412,11.2,26.5,14.1,1004.7,48.4,OBS_20250406_PUN
2025-04-06,Tamil Nadu,11.1271,78.6569,0.0,29.3,9.4,1006.2,53.9,OBS_20250406_TAM
2025-04-06,Andhra Pradesh,15.9129,79.74,0.0,24.0,6.9,1007.1,64.9,OBS_20250406_AND
2025-04-06,West Bengal,22.9868,87.855,0.0,23.7,9.9,1007.8,50.8,OBS_20250406_WES
2025-04-06,Madhya Pradesh,22.9734,78.6569,8.3,30.7,9.9,1004.8,56.7,OBS_20250406_MAD
2025-04-06,Uttar Pradesh,26.8467,80.9462,0.1,31.2,7.1,1004.9,66.0,OBS_20250406_UTT
2025-04-06,Karnataka,15.3173,75.7139,4.8,24.3,4.0,1004.6,50.0,OBS_20250406_KAR
2025-04-06,Himachal Pradesh,31.1048,77.1734,8.3,26.1,10.0,1003.3,56.9,OBS_20250406_HIM
2025-04-06,Bihar,25.0961,85.3131,6.7,28.8,11.5,1007.1,59.6,OBS_20250406_BIH
2025-04-07,Gujarat,22.2587,71.1924,9.2,23.6,10.8,1007.0,51.7,OBS_20250407_GUJ
2025-04-07,Maharashtra,19.7515,75.7139,10.1,25.8,14.2,1003.1,68.0,OBS_20250407_MAH
2025-04-07,Kerala,10.8505,76.2711,0.0,27.1,14.6,1005.7,54.3,OBS_20250407_KER
2025-04-07,Rajasthan,27.0238,74.2179,0.0,26.0,7.2,1006.3,56.1,OBS_20250407_RAJ
2025-04-07,Odisha,20.9517,85.0985,18.0,26.7,7.3,1005.7,54.9,OBS_20250407_ODI
2025-04-07,Assam,26.2006,92.9376,2.7,26.5,13.0,1001.8,51.1,OBS_20250407_ASS
2025-04-07,Punjab,31.1471,75.3412,0.0,27.7,12.2,1005.2,48.6,OBS_20250407_PUN
2025-04-07,Tamil Nadu,11.1271,78.6569,15.5,25.7,9.7,1006.9,49.4,OBS_20250407_TAM
2025-04-07,Andhra Pradesh,15.9129,79.74,1.7,29.6,8.7,1007.2,47.6,OBS_20250407_AND
2025-04-07,West Bengal,22.9868,87.855,5.3,28.9,11.3,1004.5,58.3,OBS_20250407_WES
2025-04-07,Madhya Pradesh,22.9734,78.6569,7.4,25.8,11.7,1006.7,56.7,OBS_20250407_MAD
2025-04-07,Uttar Pradesh,26.8467,80.9462,0.0,27.3,15.5,1007.2,50.7,OBS_20250407_UTT
2025-04-07,Karnataka,15.3173,75.7139,4.9,27.8,9.9,1005.2,53.3,OBS_20250407_KAR
2025-04-07,Himachal Pradesh,31.1048,77.1734,0.0,25.9,8.3,1006.0,53.1,OBS_20250407_HIM
2025-04-07,Bihar,25.0961,85.3131,0.0,28.8,3.7,1005.7,54.3,OBS_20250407_BIH
2025-04-08,Gujarat,22.2587,71.1924,18.8,28.3,12.2,1005.7,52.4,OBS_20250408_GUJ
2025-04-08,Maharashtra,19.7515,75.7139,11.7,29.3,12.0,1004.9,51.2,OBS_20250408_MAH
2025-04-08,Kerala,10.8505,76.2711,0.0,29.4,11.9,1005.7,50.8,OBS_20250408_KER
2025-04-08,Rajasthan,27.0238,74.2179,0.0,27.2,9.8,1007.4,62.5,OBS_20250408_RAJ
2025-04-08,Odisha,20.9517,85.0985,0.0,31.0,10.0,1008.2,58.2,OBS_20250408_ODI
2025-04-08,Assam,26.2006,92.9376,0.0,23.9,7.0,1008.3,45.1,OBS_20250408_ASS
2025-04-08,Punjab,31.1471,75.3412,0.8,26.2,11.4,1005.0,59.2,OBS_20250408_PUN
2025-04-08,Tamil Nadu,11.1271,78.6569,2.0,30.0,10.5,1003.2,77.9,OBS_20250408_TAM
2025-04-08,Andhra Pradesh,15.9129,79.74,3.9,27.1,3.2,1007.2,68.8,OBS_20250408_AND
2025-04-08,West Bengal,22.9868,87.855,0.0,21.6,13.1,1008.1,63.0,OBS_20250408_WES
2025-04-08,Madhya Pradesh,22.9734,78.6569,18.2,24.6,13.7,1007.5,53.2,OBS_20250408_MAD
2025-04-08,Uttar Pradesh,26.8467,80.9462,1.8,28.7,6.4,1004.8,57.8,OBS_20250408_UTT
2025-04-08,Karnataka,15.3173,75.7139,4.8,25.5,13.2,1008.3,46.2,OBS_20250408_KAR
2025-04-08,Himachal Pradesh,31.1048,77.1734,12.2,27.7,9.1,1008.6,47.5,OBS_20250408_HIM
2025-04-08,Bihar,25.0961,85.3131,11.8,32.2,8.3,1002.2,58.8,OBS_20250408_BIH
2025-04-09,Gujarat,22.2587,71.1924,7.4,28.4,9.8,1006.9,56.1,OBS_20250409_GUJ
2025-04-09,Maharashtra,19.7515,75.7139,4.8,30.6,13.3,1004.8,60.2,OBS_20250409_MAH
2025-04-09,Kerala,10.8505,76.2711,13.3,31.2,17.4,1003.0,58.2,OBS_20250409_KER
2025-04-09,Rajasthan,27.0238,74.2179,8.7,23.6,10.0,1003.0,55.8,OBS_20250409_RAJ
2025-04-09,Odisha,20.9517,85.0985,0.0,30.3,7.7,1003.5,71.0,OBS_20250409_ODI
2025-04-09,Assam,26.2006,92.9376,0.0,26.1,5.2,1003.7,54.5,OBS_20250409_ASS
2025-04-09,Punjab,31.1471,75.3412,0.0,29.5,13.2,1005.4,56.1,OBS_20250409_PUN
2025-04-09,Tamil Nadu,11.1271,78.6569,11.6,24.3,15.6,1004.9,69.3,OBS_20250409_TAM
2025-04-09,Andhra Pradesh,15.9129,79.74,0.0,28.7,17.4,1008.2,71.2,OBS_20250409_AND
2025-04-09,West Bengal,22.9868,87.855,0.0,24.8,17.5,1005.1,56.3,OBS_20250409_WES
2025-04-09,Madhya Pradesh,22.9734,78.6569,0.0,28.4,10.6,1005.1,64.5,OBS_20250409_MAD
2025-04-09,Uttar Pradesh,26.8467,80.9462,0.0,26.4,12.5,1008.8,63.7,OBS_20250409_UTT
2025-04-09,Karnataka,15.3173,75.7139,0.0,27.4,9.1,1005.9,58.3,OBS_20250409_KAR
2025-04-09,Himachal Pradesh,31.1048,77.1734,20.2,27.4,11.7,1007.3,52.3,OBS_20250409_HIM
2025-04-09,Bihar,25.0961,85.3131,1.7,26.2,13.4,1009.7,65.9,OBS_20250409_BIH
2025-04-10,Gujarat,22.2587,71.1924,0.0,29.0,11.4,1008.5,54.2,OBS_20250410_GUJ
2025-04-10,Maharashtra,19.7515,75.7139,8.9,25.2,6.3,1010.1,55.7,OBS_20250410_MAH
2025-04-10,Kerala,10.8505,76.2711,9.4,26.4,16.2,1005.4,55.3,OBS_20250410_KER
2025-04-10,Rajasthan,27.0238,74.2179,7.7,29.1,6.1,1006.8,49.9,OBS_20250410_RAJ
2025-04-10,Odisha,20.9517,85.0985,0.0,25.0,17.5,1003.7,50.3,OBS_20250410_ODI
2025-04-10,Assam,26.2006,92.9376,0.0,24.4,7.6,1004.1,40.1,OBS_20250410_ASS
2025-04-10,Punjab,31.1471,75.3412,0.0,24.5,15.5,1009.4,53.8,OBS_20250410_PUN
2025-04-10,Tamil Nadu,11.1271,78.6569,0.0,31.7,4.8,1005.5,48.7,OBS_20250410_TAM
2025-04-10,Andhra Pradesh,15.9129,79.74,0.0,27.7,16.2,1003.6,62.2,OBS_20250410_AND
2025-04-10,West Bengal,22.9868,87.855,0.0,28.0,10.8,1008.7,56.7,OBS_20250410_WES
2025-04-10,Madhya Pradesh,22.9734,78.6569,7.3,27.0,11.1,1005.7,52.0,OBS_20250410_MAD
2025-04-10,Uttar Pradesh,26.8467,80.9462,0.0,30.6,12.4,1004.5,60.5,OBS_20250410_UTT
2025-04-10,Karnataka,15.3173,75.7139,0.0,29.7,13.3,1008.1,45.4,OBS_20250410_KAR
2025-04-10,Himachal Pradesh,31.1048,77.1734,2.8,31.3,13.5,1004.6,57.7,OBS_20250410_HIM
2025-04-10,Bihar,25.0961,85.3131,0.0,27.9,12.4,1005.2,67.5,OBS_20250410_BIH
2025-04-11,Gujarat,22.2587,71.1924,0.0,23.0,20.5,1006.5,71.6,OBS_20250411_GUJ
2025-04-11,Maharashtra,19.7515,75.7139,7.5,21.8,19.3,1004.1,54.3,OBS_20250411_MAH
2025-04-11,Kerala,10.8505,76.2711,0.0,25.4,14.5,1002.8,71.1,OBS_20250411_KER
2025-04-11,Rajasthan,27.0238,74.2179,1.6,27.6,14.2,1003.7,67.3,OBS_20250411_RAJ
2025-04-11,Odisha,20.9517,85.0985,0.0,26.5,20.1,1003.8,56.4,OBS_20250411_ODI
2025-04-11,Assam,26.2006,92.9376,0.0,24.7,17.8,999.9,59.5,OBS_20250411_ASS
2025-04-11,Punjab,31.1471,75.3412,22.4,26.0,13.2,1006.1,66.7,OBS_20250411_PUN
2025-04-11,Tamil Nadu,11.1271,78.6569,0.0,26.2,15.6,1007.6,64.4,OBS_20250411_TAM
2025-04-11,Andhra Pradesh,15.9129,79.74,3.7,27.5,21.2,1003.9,75.9,OBS_20250411_AND
2025-04-11,West Bengal,22.9868,87.855,84.9,27.6,17.4,1004.5,53.4,OBS_20250411_WES
2025-04-11,Madhya Pradesh,22.9734,78.6569,3.3,23.5,12.4,1003.1,67.1,OBS_20250411_MAD
2025-04-11,Uttar Pradesh,26.8467,80.9462,0.0,30.5,15.3,1004.8,70.2,OBS_20250411_UTT
2025-04-11,Karnataka,15.3173,75.7139,8.2,25.5,22.3,1001.1,61.7,OBS_20250411_KAR
2025-04-11,Himachal Pradesh,31.1048,77.1734,3.3,26.1,22.5,1002.6,73.3,OBS_20250411_HIM
2025-04-11,Bihar,25.0961,85.3131,10.5,26.7,23.5,1008.1,70.7,OBS_20250411_BIH
2025-04-12,Gujarat,22.2587,71.1924,0.0,27.7,22.1,1001.2,67.5,OBS_20250412_GUJ
2025-04-12,Maharashtra,19.7515,75.7139,11.7,28.7,19.8,998.8,55.6,OBS_20250412_MAH
2025-04-12,Kerala,10.8505,76.2711,10.4,27.0,16.2,1000.3,69.2,OBS_20250412_KER
2025-04-12,Rajasthan,27.0238,74.2179,0.0,20.9,18.0,1002.4,64.5,OBS_20250412_RAJ
2025-04-12,Odisha,20.9517,85.0985,16.2,26.4,20.0,1000.5,59.5,OBS_20250412_ODI
2025-04-12,Assam,26.2006,92.9376,2.8,26.3,20.4,1002.0,71.9,OBS_20250412_ASS
2025-04-12,Punjab,31.1471,75.3412,20.5,28.0,23.7,998.9,55.1,OBS_20250412_PUN
2025-04-12,Tamil Nadu,11.1271,78.6569,0.0,24.9,17.0,1007.0,49.1,OBS_20250412_TAM
2025-04-12,Andhra Pradesh,15.9129,79.74,19.6,27.0,15.5,1003.6,60.0,OBS_20250412_AND
2025-04-12,West Bengal,22.9868,87.855,43.0,24.8,12.4,1004.0,77.0,OBS_20250412_WES
2025-04-12,Madhya Pradesh,22.9734,78.6569,0.0,22.3,18.6,1001.8,76.8,OBS_20250412_MAD
2025-04-12,Uttar Pradesh,26.8467,80.9462,4.8,27.8,16.5,1001.7,72.3,OBS_20250412_UTT
2025-04-12,Karnataka,15.3173,75.7139,0.9,26.7,16.2,1000.8,59.1,OBS_20250412_KAR
2025-04-12,Himachal Pradesh,31.1048,77.1734,0.0,25.3,18.8,1004.1,65.2,OBS_20250412_HIM
2025-04-12,Bihar,25.0961,85.3131,38.1,24.6,12.1,1002.9,59.6,OBS_20250412_BIH
2025-04-13,Gujarat,22.2587,71.1924,0.0,24.7,17.1,1002.4,58.6,OBS_20250413_GUJ
2025-04-13,Maharashtra,19.7515,75.7139,4.9,25.5,16.7,1005.3,63.7,OBS_20250413_MAH
2025-04-13,Kerala,10.8505,76.2711,4.8,26.0,19.3,1000.6,59.2,OBS_20250413_KER
2025-04-13,Rajasthan,27.0238,74.2179,0.0,24.8,17.7,999.7,63.3,OBS_20250413_RAJ
2025-04-13,Odisha,20.9517,85.0985,0.0,31.5,21.7,1002.3,72.0,OBS_20250413_ODI
2025-04-13,Assam,26.2006,92.9376,0.0,27.7,16.9,1003.6,67.9,OBS_20250413_ASS
2025-04-13,Punjab,31.1471,75.3412,11.5,27.7,20.4,1001.9,75.8,OBS_20250413_PUN
2025-04-13,Tamil Nadu,11.1271,78.6569,7.6,27.3,12.9,1005.1,55.6,OBS_20250413_TAM
2025-04-13,Andhra Pradesh,15.9129,79.74,0.0,25.1,10.4,1004.6,66.1,OBS_20250413_AND
2025-04-13,West Bengal,22.9868,87.855,67.3,26.7,28.6,1003.4,63.1,OBS_20250413_WES
2025-04-13,Madhya Pradesh,22.9734,78.6569,0.0,25.6,23.4,1002.7,66.2,OBS_20250413_MAD
2025-04-13,Uttar Pradesh,26.8467,80.9462,5.6,24.4,19.7,1001.2,61.6,OBS_20250413_UTT
2025-04-13,Karnataka,15.3173,75.7139,3.5,27.4,14.6,1004.2,57.7,OBS_20250413_KAR
2025-04-13,Himachal Pradesh,31.1048,77.1734,141.7,27.3,21.9,1002.7,66.9,OBS_20250413_HIM
2025-04-13,Bihar,25.0961,85.3131,0.2,26.4,13.3,1006.3,59.6,OBS_20250413_BIH
2025-04-14,Gujarat,22.2587,71.1924,0.0,25.6,12.6,1005.2,61.6,OBS_20250414_GUJ
2025-04-14,Maharashtra,19.7515,75.7139,1.8,24.0,9.2,999.8,68.7,OBS_20250414_MAH
2025-04-14,Kerala,10.8505,76.2711,0.0,24.1,17.4,1002.7,60.2,OBS_20250414_KER
2025-04-14,Rajasthan,27.0238,74.2179,10.5,27.2,19.4,1004.5,62.2,OBS_20250414_RAJ
2025-04-14,Odisha,20.9517,85.0985,25.7,28.5,21.2,1006.0,58.3,OBS_20250414_ODI
2025-04-14,Assam,26.2006,92.9376,0.0,28.3,18.0,1004.4,60.7,OBS_20250414_ASS
2025-04-14,Punjab,31.1471,75.3412,0.0,29.3,16.4,1004.6,68.3,OBS_20250414_PUN
2025-04-14,Tamil Nadu,11.1271,78.6569,0.0,31.1,12.1,1007.0,58.3,OBS_20250414_TAM
2025-04-14,Andhra Pradesh,15.9129,79.74,0.0,24.0,18.8,999.9,67.4,OBS_20250414_AND
2025-04-14,West Bengal,22.9868,87.855,0.5,21.3,18.0,1001.4,65.6,OBS_20250414_WES
2025-04-14,Madhya Pradesh,22.9734,78.6569,16.1,24.8,18.4,1006.5,70.8,OBS_20250414_MAD
2025-04-14,Uttar Pradesh,26.8467,80.9462,9.7,27.6,32.8,1001.5,83.1,OBS_20250414_UTT
2025-04-14,Karnataka,15.3173,75.7139,9.6,26.1,21.9,1003.9,69.4,OBS_20250414_KAR
2025-04-14,Himachal Pradesh,31.1048,77.1734,0.0,24.1,19.4,998.0,60.3,OBS_20250414_HIM
2025-04-14,Bihar,25.0961,85.3131,9.5,25.7,22.3,1001.4,68.2,OBS_20250414_BIH
2025-04-15,Gujarat,22.2587,71.1924,7.5,26.9,15.4,1002.9,55.5,OBS_20250415_GUJ
2025-04-15,Maharashtra,19.7515,75.7139,0.0,29.8,14.6,998.9,65.0,OBS_20250415_MAH
2025-04-15,Kerala,10.8505,76.2711,0.0,25.7,21.8,1004.8,62.0,OBS_20250415_KER
2025-04-15,Rajasthan,27.0238,74.2179,1.5,25.4,14.2,1003.3,54.8,OBS_20250415_RAJ
2025-04-15,Odisha,20.9517,85.0985,0.0,27.9,12.8,1001.2,72.7,OBS_20250415_ODI
2025-04-15,Assam,26.2006,92.9376,88.6,24.7,12.7,1003.4,67.5,OBS_20250415_ASS
2025-04-15,Punjab,31.1471,75.3412,4.1,26.7,22.6,1001.5,57.8,OBS_20250415_PUN
2025-04-15,Tamil Nadu,11.1271,78.6569,28.9,27.3,14.7,1007.4,60.0,OBS_20250415_TAM
2025-04-15,Andhra Pradesh,15.9129,79.74,2.7,32.7,20.0,1006.3,66.2,OBS_20250415_AND
2025-04-15,West Bengal,22.9868,87.855,29.3,25.3,20.8,1004.5,60.8,OBS_20250415_WES
2025-04-15,Madhya Pradesh,22.9734,78.6569,0.3,30.3,19.4,1003.6,66.5,OBS_20250415_MAD
2025-04-15,Uttar Pradesh,26.8467,80.9462,7.8,23.4,11.1,1001.0,68.6,OBS_20250415_UTT
2025-04-15,Karnataka,15.3173,75.7139,28.5,26.2,13.1,1000.4,83.3,OBS_20250415_KAR
2025-04-15,Himachal Pradesh,31.1048,77.1734,0.0,27.3,18.9,1002.6,63.8,OBS_20250415_HIM
2025-04-15,Bihar,25.0961,85.3131,0.0,26.6,19.7,1000.2,68.8,OBS_20250415_BIH
2025-04-16,Gujarat,22.2587,71.1924,7.1,27.8,18.7,1004.1,62.7,OBS_20250416_GUJ
2025-04-16,Maharashtra,19.7515,75.7139,8.0,25.9,21.6,1002.2,54.8,OBS_20250416_MAH
2025-04-16,Kerala,10.8505,76.2711,0.0,26.7,25.1,1001.1,72.1,OBS_20250416_KER
2025-04-16,Rajasthan,27.0238,74.2179,0.0,22.3,11.4,1005.7,67.5,OBS_20250416_RAJ
2025-04-16,Odisha,20.9517,85.0985,0.0,24.3,15.4,1001.3,69.6,OBS_20250416_ODI
2025-04-16,Assam,26.2006,92.9376,16.5,25.8,17.1,1003.4,69.7,OBS_20250416_ASS
2025-04-16,Punjab,31.1471,75.3412,0.0,26.9,19.3,998.7,58.8,OBS_20250416_PUN
2025-04-16,Tamil Nadu,11.1271,78.6569,1.2,28.3,18.0,1002.6,55.9,OBS_20250416_TAM
2025-04-16,Andhra Pradesh,15.9129,79.74,1.9,30.4,19.4,1003.0,64.9,OBS_20250416_AND
2025-04-16,West Bengal,22.9868,87.855,5.1,25.9,17.3,1003.0,57.1,OBS_20250416_WES
2025-04-16,Madhya Pradesh,22.9734,78.6569,4.8,25.5,18.7,1002.8,67.9,OBS_20250416_MAD
2025-04-16,Uttar Pradesh,26.8467,80.9462,1.0,26.8,19.2,1005.8,62.8,OBS_20250416_UTT
2025-04-16,Karnataka,15.3173,75.7139,0.0,25.8,22.0,1007.5,71.0,OBS_20250416_KAR
2025-04-16,Himachal Pradesh,31.1048,77.1734,6.2,28.7,22.1,999.1,72.6,OBS_20250416_HIM
2025-04-16,Bihar,25.0961,85.3131,0.0,27.4,19.8,1002.0,80.4,OBS_20250416_BIH
2025-04-17,Gujarat,22.2587,71.1924,55.7,27.5,13.3,1001.5,55.4,OBS_20250417_GUJ
2025-04-17,Maharashtra,19.7515,75.7139,0.1,29.9,19.5,1001.4,64.2,OBS_20250417_MAH
2025-04-17,Kerala,10.8505,76.2711,0.0,24.1,24.3,1003.2,63.3,OBS_20250417_KER
2025-04-17,Rajasthan,27.0238,74.2179,13.7,27.7,24.9,1000.1,64.7,OBS_20250417_RAJ
2025-04-17,Odisha,20.9517,85.0985,21.4,26.7,17.8,1001.7,62.9,OBS_20250417_ODI
2025-04-17,Assam,26.2006,92.9376,0.0,22.4,20.4,1008.8,59.0,OBS_20250417_ASS
2025-04-17,Punjab,31.1471,75.3412,4.8,28.1,25.0,1002.7,79.9,OBS_20250417_PUN
2025-04-17,Tamil Nadu,11.1271,78.6569,4.6,28.7,15.3,1001.3,56.4,OBS_20250417_TAM
2025-04-17,Andhra Pradesh,15.9129,79.74,0.0,26.4,23.4,1005.5,72.9,OBS_20250417_AND
2025-04-17,West Bengal,22.9868,87.855,0.0,27.7,22.2,1005.1,57.7,OBS_20250417_WES
2025-04-17,Madhya Pradesh,22.9734,78.6569,18.9,26.4,15.1,1002.6,62.3,OBS_20250417_MAD
2025-04-17,Uttar Pradesh,26.8467,80.9462,0.0,26.1,21.7,1002.3,68.0,OBS_20250417_UTT
2025-04-17,Karnataka,15.3173,75.7139,0.0,31.6,20.8,1000.6,69.5,OBS_20250417_KAR
2025-04-17,Himachal Pradesh,31.1048,77.1734,0.0,30.5,17.1,1005.4,76.7,OBS_20250417_HIM
2025-04-17,Bihar,25.0961,85.3131,0.0,26.9,22.4,1005.0,75.7,OBS_20250417_BIH
2025-04-18,Gujarat,22.2587,71.1924,0.0,25.4,22.2,1003.7,69.9,OBS_20250418_GUJ
2025-04-18,Maharashtra,19.7515,75.7139,0.0,25.6,14.5,1002.9,66.7,OBS_20250418_MAH
2025-04-18,Kerala,10.8505,76.2711,0.0,28.7,16.4,1002.3,65.3,OBS_20250418_KER
2025-04-18,Rajasthan,27.0238,74.2179,0.0,26.0,20.8,998.2,73.3,OBS_20250418_RAJ
2025-04-18,Odisha,20.9517,85.0985,0.0,28.8,16.0,1005.1,61.9,OBS_20250418_ODI
2025-04-18,Assam,26.2006,92.9376,12.8,31.0,16.6,1002.2,78.8,OBS_20250418_ASS
2025-04-18,Punjab,31.1471,75.3412,0.0,27.4,14.5,1005.0,70.6,OBS_20250418_PUN
2025-04-18,Tamil Nadu,11.1271,78.6569,18.0,26.4,17.7,1005.5,52.4,OBS_20250418_TAM
2025-04-18,Andhra Pradesh,15.9129,79.74,0.0,27.9,14.8,1000.0,72.4,OBS_20250418_AND
2025-04-18,West Bengal,22.9868,87.855,1.6,24.0,19.5,1000.5,72.7,OBS_20250418_WES
2025-04-18,Madhya Pradesh,22.9734,78.6569,2.8,28.8,20.9,1000.9,66.4,OBS_20250418_MAD
2025-04-18,Uttar Pradesh,26.8467,80.9462,2.6,28.6,21.1,999.1,72.5,OBS_20250418_UTT
2025-04-18,Karnataka,15.3173,75.7139,6.6,25.1,24.5,1001.4,64.0,OBS_20250418_KAR
2025-04-18,Himachal Pradesh,31.1048,77.1734,18.5,28.9,16.2,1003.5,74.7,OBS_20250418_HIM
2025-04-18,Bihar,25.0961,85.3131,0.0,23.8,19.7,1004.0,57.4,OBS_20250418_BIH
2025-04-19,Gujarat,22.2587,71.1924,0.0,24.2,18.9,1001.8,66.5,OBS_20250419_GUJ
2025-04-19,Maharashtra,19.7515,75.7139,15.9,28.3,22.4,1004.2,61.9,OBS_20250419_MAH
2025-04-19,Kerala,10.8505,76.2711,106.2,23.9,20.6,1000.2,83.9,OBS_20250419_KER
2025-04-19,Rajasthan,27.0238,74.2179,8.4,26.1,19.4,1004.1,69.7,OBS_20250419_RAJ
2025-04-19,Odisha,20.9517,85.0985,14.7,22.2,17.2,1002.1,71.5,OBS_20250419_ODI
2025-04-19,Assam,26.2006,92.9376,7.0,23.9,14.1,1004.7,59.1,OBS_20250419_ASS
2025-04-19,Punjab,31.1471,75.3412,22.3,26.4,16.6,1000.7,50.9,OBS_20250419_PUN
2025-04-19,Tamil Nadu,11.1271,78.6569,28.9,27.0,9.9,1006.0,61.3,OBS_20250419_TAM
2025-04-19,Andhra Pradesh,15.9129,79.74,8.2,28.8,15.7,1002.0,65.9,OBS_20250419_AND
2025-04-19,West Bengal,22.9868,87.855,0.0,27.8,22.0,998.8,63.0,OBS_20250419_WES
2025-04-19,Madhya Pradesh,22.9734,78.6569,0.0,30.9,13.3,1001.3,58.6,OBS_20250419_MAD
2025-04-19,Uttar Pradesh,26.8467,80.9462,0.0,26.6,17.5,1004.9,50.8,OBS_20250419_UTT
2025-04-19,Karnataka,15.3173,75.7139,0.0,28.9,12.5,1003.0,62.7,OBS_20250419_KAR
2025-04-19,Himachal Pradesh,31.1048,77.1734,21.6,24.6,14.6,999.0,61.4,OBS_20250419_HIM
2025-04-19,Bihar,25.0961,85.3131,105.3,30.9,19.1,1002.1,60.0,OBS_20250419_BIH
2025-04-20,Gujarat,22.2587,71.1924,16.7,27.4,14.8,999.3,56.4,OBS_20250420_GUJ
2025-04-20,Maharashtra,19.7515,75.7139,0.0,28.1,17.4,1001.7,72.4,OBS_20250420_MAH
2025-04-20,Kerala,10.8505,76.2711,0.0,25.3,21.3,1001.7,60.9,OBS_20250420_KER
2025-04-20,Rajasthan,27.0238,74.2179,0.0,26.2,15.7,999.9,78.8,OBS_20250420_RAJ
2025-04-20,Odisha,20.9517,85.0985,10.3,24.1,15.2,1001.8,70.7,OBS_20250420_ODI
2025-04-20,Assam,26.2006,92.9376,0.0,29.7,25.0,1000.9,75.8,OBS_20250420_ASS
2025-04-20,Punjab,31.1471,75.3412,0.0,27.4,13.6,1001.4,63.4,OBS_20250420_PUN
2025-04-20,Tamil Nadu,11.1271,78.6569,0.0,30.4,17.4,1005.6,63.0,OBS_20250420_TAM
2025-04-20,Andhra Pradesh,15.9129,79.74,0.0,25.7,13.4,1001.2,75.0,OBS_20250420_AND
2025-04-20,West Bengal,22.9868,87.855,20.4,27.7,17.6,1002.8,63.0,OBS_20250420_WES
2025-04-20,Madhya Pradesh,22.9734,78.6569,4.8,29.6,24.7,1001.4,66.0,OBS_20250420_MAD
2025-04-20,Uttar Pradesh,26.8467,80.9462,8.8,29.4,24.8,998.3,66.9,OBS_20250420_UTT
2025-04-20,Karnataka,15.3173,75.7139,5.7,27.4,20.0,1003.7,65.2,OBS_20250420_KAR
2025-04-20,Himachal Pradesh,31.1048,77.1734,19.7,28.9,21.5,1002.0,73.8,OBS_20250420_HIM
2025-04-20,Bihar,25.0961,85.3131,6.0,27.2,16.0,1003.0,62.3,OBS_20250420_BIH
2025-04-21,Gujarat,22.2587,71.1924,7.7,24.0,19.1,1002.3,73.2,OBS_20250421_GUJ
2025-04-21,Maharashtra,19.7515,75.7139,7.2,27.1,16.3,1001.2,72.8,OBS_20250421_MAH
2025-04-21,Kerala,10.8505,76.2711,25.1,27.4,21.7,1004.6,69.4,OBS_20250421_KER
2025-04-21,Rajasthan,27.0238,74.2179,3.7,27.2,23.2,997.1,64.4,OBS_20250421_RAJ
2025-04-21,Odisha,20.9517,85.0985,96.3,23.2,25.5,1000.9,67.7,OBS_20250421_ODI
2025-04-21,Assam,26.2006,92.9376,0.0,24.1,20.6,1008.3,67.4,OBS_20250421_ASS
2025-04-21,Punjab,31.1471,75.3412,3.0,25.7,23.6,1000.6,64.3,OBS_20250421_PUN
2025-04-21,Tamil Nadu,11.1271,78.6569,6.6,32.8,11.6,1007.9,50.5,OBS_20250421_TAM
2025-04-21,Andhra Pradesh,15.9129,79.74,0.0,30.8,17.4,1004.4,72.8,OBS_20250421_AND
2025-04-21,West Bengal,22.9868,87.855,6.3,28.6,16.5,1004.0,60.7,OBS_20250421_WES
2025-04-21,Madhya Pradesh,22.9734,78.6569,0.0,28.1,23.4,1001.8,47.8,OBS_20250421_MAD
2025-04-21,Uttar Pradesh,26.8467,80.9462,29.2,23.6,20.4,1002.3,60.7,OBS_20250421_UTT
2025-04-21,Karnataka,15.3173,75.7139,0.0,33.4,21.1,998.8,66.4,OBS_20250421_KAR
2025-04-21,Himachal Pradesh,31.1048,77.1734,0.0,26.8,21.6,1002.5,59.7,OBS_20250421_HIM
2025-04-21,Bihar,25.0961,85.3131,9.8,27.5,20.0,1003.8,64.8,OBS_20250421_BIH
2025-04-22,Gujarat,22.2587,71.1924,0.0,29.6,17.0,1004.8,63.7,OBS_20250422_GUJ
2025-04-22,Maharashtra,19.7515,75.7139,27.0,28.2,18.5,1002.0,74.7,OBS_20250422_MAH
2025-04-22,Kerala,10.8505,76.2711,0.0,27.8,21.7,1004.4,68.1,OBS_20250422_KER
2025-04-22,Rajasthan,27.0238,74.2179,21.7,25.7,21.5,1003.3,65.9,OBS_20250422_RAJ
2025-04-22,Odisha,20.9517,85.0985,0.0,29.2,16.7,1000.1,68.8,OBS_20250422_ODI
2025-04-22,Assam,26.2006,92.9376,0.0,23.4,18.0,1001.5,79.2,OBS_20250422_ASS
2025-04-22,Punjab,31.1471,75.3412,20.2,27.9,20.3,1003.8,54.3,OBS_20250422_PUN
2025-04-22,Tamil Nadu,11.1271,78.6569,4.9,32.1,11.4,1001.1,57.6,OBS_20250422_TAM
2025-04-22,Andhra Pradesh,15.9129,79.74,0.8,25.6,14.9,1003.4,70.4,OBS_20250422_AND
2025-04-22,West Bengal,22.9868,87.855,0.0,24.8,20.3,1005.4,70.1,OBS_20250422_WES
2025-04-22,Madhya Pradesh,22.9734,78.6569,44.5,25.0,16.8,1003.9,73.1,OBS_20250422_MAD
2025-04-22,Uttar Pradesh,26.8467,80.9462,0.0,25.4,22.4,1004.6,58.7,OBS_20250422_UTT
2025-04-22,Karnataka,15.3173,75.7139,40.7,24.8,13.6,999.4,54.8,OBS_20250422_KAR
2025-04-22,Himachal Pradesh,31.1048,77.1734,113.9,27.5,23.1,1001.3,56.0,OBS_20250422_HIM
2025-04-22,Bihar,25.0961,85.3131,38.4,29.9,23.5,1001.6,67.5,OBS_20250422_BIH
2025-04-23,Gujarat,22.2587,71.1924,0.0,29.5,16.0,998.0,66.4,OBS_20250423_GUJ
2025-04-23,Maharashtra,19.7515,75.7139,0.0,31.6,19.5,1007.1,63.7,OBS_20250423_MAH
2025-04-23,Kerala,10.8505,76.2711,94.4,22.9,19.0,999.7,73.3,OBS_20250423_KER
2025-04-23,Rajasthan,27.0238,74.2179,33.6,25.3,17.1,1001.7,62.5,OBS_20250423_RAJ
2025-04-23,Odisha,20.9517,85.0985,7.8,30.4,21.3,1006.4,71.8,OBS_20250423_ODI
2025-04-23,Assam,26.2006,92.9376,71.9,25.2,17.2,998.2,68.3,OBS_20250423_ASS
2025-04-23,Punjab,31.1471,75.3412,35.3,26.0,23.0,1004.0,65.3,OBS_20250423_PUN
2025-04-23,Tamil Nadu,11.1271,78.6569,11.2,25.1,7.8,1009.3,55.2,OBS_20250423_TAM
2025-04-23,Andhra Pradesh,15.9129,79.74,9.7,31.1,15.1,1005.9,64.1,OBS_20250423_AND
2025-04-23,West Bengal,22.9868,87.855,1.7,31.5,15.0,1002.9,54.8,OBS_20250423_WES
2025-04-23,Madhya Pradesh,22.9734,78.6569,2.1,31.1,20.4,1005.8,63.8,OBS_20250423_MAD
2025-04-23,Uttar Pradesh,26.8467,80.9462,0.0,26.0,22.0,1000.4,70.8,OBS_20250423_UTT
2025-04-23,Karnataka,15.3173,75.7139,0.0,30.9,19.5,999.2,62.3,OBS_20250423_KAR
2025-04-23,Himachal Pradesh,31.1048,77.1734,80.9,26.1,21.7,1003.3,70.3,OBS_20250423_HIM
2025-04-23,Bihar,25.0961,85.3131,14.3,23.5,25.3,1001.4,67.1,OBS_20250423_BIH
2025-04-24,Gujarat,22.2587,71.1924,8.9,32.0,15.6,1005.6,61.0,OBS_20250424_GUJ
2025-04-24,Maharashtra,19.7515,75.7139,7.4,26.7,17.7,1002.8,71.1,OBS_20250424_MAH
2025-04-24,Kerala,10.8505,76.2711,0.9,30.3,18.9,1005.2,72.3,OBS_20250424_KER
2025-04-24,Rajasthan,27.0238,74.2179,11.0,26.9,17.1,1001.3,58.2,OBS_20250424_RAJ
2025-04-24,Odisha,20.9517,85.0985,0.0,26.2,22.3,1003.9,58.2,OBS_20250424_ODI
2025-04-24,Assam,26.2006,92.9376,0.0,24.6,25.0,998.6,54.5,OBS_20250424_ASS
2025-04-24,Punjab,31.1471,75.3412,2.3,28.9,14.2,1002.1,73.6,OBS_20250424_PUN
2025-04-24,Tamil Nadu,11.1271,78.6569,0.0,30.8,17.4,1003.4,45.8,OBS_20250424_TAM
2025-04-24,Andhra Pradesh,15.9129,79.74,0.0,27.8,10.5,1003.8,72.0,OBS_20250424_AND
2025-04-24,West Bengal,22.9868,87.855,10.6,24.7,12.9,1003.8,68.2,OBS_20250424_WES
2025-04-24,Madhya Pradesh,22.9734,78.6569,0.0,26.0,18.3,1004.5,64.8,OBS_20250424_MAD
2025-04-24,Uttar Pradesh,26.8467,80.9462,0.0,26.2,17.4,1002.9,58.8,OBS_20250424_UTT
2025-04-24,Karnataka,15.3173,75.7139,2.5,25.8,19.4,999.7,71.2,OBS_20250424_KAR
2025-04-24,Himachal Pradesh,31.1048,77.1734,0.0,25.9,19.1,1004.1,47.6,OBS_20250424_HIM
2025-04-24,Bihar,25.0961,85.3131,0.0,25.1,27.4,1001.2,66.0,OBS_20250424_BIH
2025-04-25,Gujarat,22.2587,71.1924,18.8,27.0,20.4,1002.9,64.2,OBS_20250425_GUJ
2025-04-25,Maharashtra,19.7515,75.7139,0.0,29.3,13.1,1003.4,73.1,OBS_20250425_MAH
2025-04-25,Kerala,10.8505,76.2711,0.0,25.0,16.3,1003.4,59.0,OBS_20250425_KER
2025-04-25,Rajasthan,27.0238,74.2179,0.0,25.5,22.7,1001.3,56.3,OBS_20250425_RAJ
2025-04-25,Odisha,20.9517,85.0985,0.0,28.9,15.2,1003.8,68.0,OBS_20250425_ODI
2025-04-25,Assam,26.2006,92.9376,8.6,29.0,21.7,1001.2,64.2,OBS_20250425_ASS
2025-04-25,Punjab,31.1471,75.3412,7.9,22.8,14.1,1004.0,72.5,OBS_20250425_PUN
2025-04-25,Tamil Nadu,11.1271,78.6569,0.0,24.9,14.4,1004.7,54.0,OBS_20250425_TAM
2025-04-25,Andhra Pradesh,15.9129,79.74,5.1,32.1,10.0,1003.1,75.0,OBS_20250425_AND
2025-04-25,West Bengal,22.9868,87.855,0.0,24.5,19.3,1003.2,76.7,OBS_20250425_WES
2025-04-25,Madhya Pradesh,22.9734,78.6569,7.1,31.5,18.9,1002.8,65.0,OBS_20250425_MAD
2025-04-25,Uttar Pradesh,26.8467,80.9462,0.0,28.7,24.3,1002.5,75.8,OBS_20250425_UTT
2025-04-25,Karnataka,15.3173,75.7139,118.3,28.2,16.8,1004.1,70.7,OBS_20250425_KAR
2025-04-25,Himachal Pradesh,31.1048,77.1734,0.0,29.7,9.0,1001.4,71.5,OBS_20250425_HIM
2025-04-25,Bihar,25.0961,85.3131,2.2,24.6,23.9,1005.5,70.1,OBS_20250425_BIH
2025-04-26,Gujarat,22.2587,71.1924,5.9,26.4,22.4,1006.5,63.5,OBS_20250426_GUJ
2025-04-26,Maharashtra,19.7515,75.7139,7.8,27.7,20.9,1008.1,61.3,OBS_20250426_MAH
2025-04-26,Kerala,10.8505,76.2711,0.2,23.6,20.0,1003.0,57.8,OBS_20250426_KER
2025-04-26,Rajasthan,27.0238,74.2179,0.0,23.9,25.3,1006.8,59.5,OBS_20250426_RAJ
2025-04-26,Odisha,20.9517,85.0985,0.0,27.8,22.2,1003.2,55.6,OBS_20250426_ODI
2025-04-26,Assam,26.2006,92.9376,54.5,28.1,21.4,1002.2,71.1,OBS_20250426_ASS
2025-04-26,Punjab,31.1471,75.3412,0.0,26.4,13.3,1001.6,72.6,OBS_20250426_PUN
2025-04-26,Tamil Nadu,11.1271,78.6569,0.0,29.7,11.1,1008.6,59.3,OBS_20250426_TAM
2025-04-26,Andhra Pradesh,15.9129,79.74,0.0,28.1,18.9,1004.3,62.2,OBS_20250426_AND
2025-04-26,West Bengal,22.9868,87.855,6.0,27.6,28.1,1008.4,71.8,OBS_20250426_WES
2025-04-26,Madhya Pradesh,22.9734,78.6569,9.1,27.4,23.0,1005.4,62.9,OBS_20250426_MAD
2025-04-26,Uttar Pradesh,26.8467,80.9462,0.0,27.5,24.3,999.2,56.9,OBS_20250426_UTT
2025-04-26,Karnataka,15.3173,75.7139,0.0,23.9,20.8,1001.1,60.1,OBS_20250426_KAR
2025-04-26,Himachal Pradesh,31.1048,77.1734,6.2,26.3,23.1,998.1,73.7,OBS_20250426_HIM
2025-04-26,Bihar,25.0961,85.3131,22.9,27.1,17.3,1000.1,66.1,OBS_20250426_BIH
2025-04-27,Gujarat,22.2587,71.1924,0.0,25.8,15.7,1005.9,77.2,OBS_20250427_GUJ
2025-04-27,Maharashtra,19.7515,75.7139,18.8,27.9,20.6,1001.7,66.0,OBS_20250427_MAH
2025-04-27,Kerala,10.8505,76.2711,0.0,29.5,19.0,1005.3,81.2,OBS_20250427_KER
2025-04-27,Rajasthan,27.0238,74.2179,0.0,27.7,17.2,1006.4,75.5,OBS_20250427_RAJ
2025-04-27,Odisha,20.9517,85.0985,10.4,29.5,21.3,1003.3,67.4,OBS_20250427_ODI
2025-04-27,Assam,26.2006,92.9376,0.0,26.2,23.2,1001.4,66.0,OBS_20250427_ASS
2025-04-27,Punjab,31.1471,75.3412,9.0,24.1,9.9,1005.6,71.1,OBS_20250427_PUN
2025-04-27,Tamil Nadu,11.1271,78.6569,0.0,29.3,8.2,1008.9,53.7,OBS_20250427_TAM
2025-04-27,Andhra Pradesh,15.9129,79.74,0.0,25.7,17.6,999.9,61.5,OBS_20250427_AND
2025-04-27,West Bengal,22.9868,87.855,0.0,30.4,22.9,1002.9,73.9,OBS_20250427_WES
2025-04-27,Madhya Pradesh,22.9734,78.6569,0.0,27.2,17.7,1003.0,66.7,OBS_20250427_MAD
2025-04-27,Uttar Pradesh,26.8467,80.9462,3.0,32.3,19.9,1005.3,58.5,OBS_20250427_UTT
2025-04-27,Karnataka,15.3173,75.7139,16.9,30.6,17.0,1003.4,73.3,OBS_20250427_KAR
2025-04-27,Himachal Pradesh,31.1048,77.1734,29.9,30.8,22.3,1002.7,58.2,OBS_20250427_HIM
2025-04-27,Bihar,25.0961,85.3131,125.4,29.8,19.3,1002.9,64.7,OBS_20250427_BIH
2025-04-28,Gujarat,22.2587,71.1924,7.7,33.0,20.9,995.5,65.4,OBS_20250428_GUJ
2025-04-28,Maharashtra,19.7515,75.7139,1.9,26.1,18.2,1004.2,85.6,OBS_20250428_MAH
2025-04-28,Kerala,10.8505,76.2711,18.4,29.2,14.0,1003.8,72.4,OBS_20250428_KER
2025-04-28,Rajasthan,27.0238,74.2179,11.4,24.9,20.3,1005.2,74.0,OBS_20250428_RAJ
2025-04-28,Odisha,20.9517,85.0985,0.0,25.3,24.3,1004.3,61.4,OBS_20250428_ODI
2025-04-28,Assam,26.2006,92.9376,7.4,24.7,17.6,1001.2,54.1,OBS_20250428_ASS
2025-04-28,Punjab,31.1471,75.3412,10.6,28.3,12.4,1005.1,72.1,OBS_20250428_PUN
2025-04-28,Tamil Nadu,11.1271,78.6569,0.0,28.0,9.8,1002.1,62.6,OBS_20250428_TAM
2025-04-28,Andhra Pradesh,15.9129,79.74,0.0,24.8,25.8,998.2,65.3,OBS_20250428_AND
2025-04-28,West Bengal,22.9868,87.855,0.0,25.3,17.6,1002.0,61.6,OBS_20250428_WES
2025-04-28,Madhya Pradesh,22.9734,78.6569,0.0,25.5,17.9,1005.4,51.3,OBS_20250428_MAD
2025-04-28,Uttar Pradesh,26.8467,80.9462,3.6,25.4,24.8,1002.1,66.0,OBS_20250428_UTT
2025-04-28,Karnataka,15.3173,75.7139,0.0,28.7,22.7,1006.7,57.5,OBS_20250428_KAR
2025-04-28,Himachal Pradesh,31.1048,77.1734,47.6,22.0,19.5,1002.1,61.3,OBS_20250428_HIM
2025-04-28,Bihar,25.0961,85.3131,0.0,27.9,24.6,1002.2,64.8,OBS_20250428_BIH
2025-04-29,Gujarat,22.2587,71.1924,0.2,28.0,17.6,999.9,60.8,OBS_20250429_GUJ
2025-04-29,Maharashtra,19.7515,75.7139,5.4,29.8,21.6,1001.5,61.2,OBS_20250429_MAH
2025-04-29,Kerala,10.8505,76.2711,18.4,29.3,23.2,1003.2,65.5,OBS_20250429_KER
2025-04-29,Rajasthan,27.0238,74.2179,0.0,24.8,20.2,1002.2,77.4,OBS_20250429_RAJ
2025-04-29,Odisha,20.9517,85.0985,0.0,31.8,9.2,998.3,73.5,OBS_20250429_ODI
2025-04-29,Assam,26.2006,92.9376,86.9,24.7,15.6,1005.8,55.9,OBS_20250429_ASS
2025-04-29,Punjab,31.1471,75.3412,0.0,28.0,16.3,1004.5,65.5,OBS_20250429_PUN
2025-04-29,Tamil Nadu,11.1271,78.6569,0.0,28.9,7.0,1009.2,58.1,OBS_20250429_TAM
2025-04-29,Andhra Pradesh,15.9129,79.74,5.0,29.3,22.3,1006.0,64.9,OBS_20250429_AND
2025-04-29,West Bengal,22.9868,87.855,7.4,27.1,16.1,1003.2,59.2,OBS_20250429_WES
2025-04-29,Madhya Pradesh,22.9734,78.6569,1.0,27.3,18.6,1000.2,72.9,OBS_20250429_MAD
2025-04-29,Uttar Pradesh,26.8467,80.9462,0.0,26.3,16.8,1004.2,64.8,OBS_20250429_UTT
2025-04-29,Karnataka,15.3173,75.7139,0.0,23.2,13.3,998.0,60.0,OBS_20250429_KAR
2025-04-29,Himachal Pradesh,31.1048,77.1734,0.0,30.6,20.3,1002.2,69.5,OBS_20250429_HIM
2025-04-29,Bihar,25.0961,85.3131,0.0,25.7,14.5,1004.1,60.4,OBS_20250429_BIH
2025-04-30,Gujarat,22.2587,71.1924,6.4,31.0,19.3,1002.1,59.0,OBS_20250430_GUJ
2025-04-30,Maharashtra,19.7515,75.7139,0.0,25.6,23.0,1004.7,63.8,OBS_20250430_MAH
2025-04-30,Kerala,10.8505,76.2711,7.2,29.9,23.6,1003.5,55.4,OBS_20250430_KER
2025-04-30,Rajasthan,27.0238,74.2179,5.3,28.4,18.9,1003.7,62.7,OBS_20250430_RAJ
2025-04-30,Odisha,20.9517,85.0985,0.0,26.1,20.7,1001.3,69.9,OBS_20250430_ODI
2025-04-30,Assam,26.2006,92.9376,5.6,25.8,17.0,1004.5,79.6,OBS_20250430_ASS
2025-04-30,Punjab,31.1471,75.3412,0.0,26.1,16.3,997.2,68.4,OBS_20250430_PUN
2025-04-30,Tamil Nadu,11.1271,78.6569,0.0,32.2,12.5,1010.9,65.6,OBS_20250430_TAM
2025-04-30,Andhra Pradesh,15.9129,79.74,0.0,27.5,16.8,1002.8,79.0,OBS_20250430_AND
2025-04-30,West Bengal,22.9868,87.855,16.7,26.0,22.7,1005.5,76.7,OBS_20250430_WES
2025-04-30,Madhya Pradesh,22.9734,78.6569,0.0,27.3,19.1,1004.4,65.1,OBS_20250430_MAD
2025-04-30,Uttar Pradesh,26.8467,80.9462,0.0,28.9,17.8,1002.0,66.7,OBS_20250430_UTT
2025-04-30,Karnataka,15.3173,75.7139,0.0,32.4,22.6,1004.4,63.7,OBS_20250430_KAR
2025-04-30,Himachal Pradesh,31.1048,77.1734,0.0,33.3,17.7,1000.2,62.4,OBS_20250430_HIM
2025-04-30,Bihar,25.0961,85.3131,11.2,28.4,13.1,1000.2,68.5,OBS_20250430_BIH
2025-05-01,Gujarat,22.2587,71.1924,0.0,28.8,20.0,1002.3,72.1,OBS_20250501_GUJ
2025-05-01,Maharashtra,19.7515,75.7139,0.0,29.9,19.0,1004.5,78.6,OBS_20250501_MAH
2025-05-01,Kerala,10.8505,76.2711,17.9,26.7,19.6,1002.0,68.2,OBS_20250501_KER
2025-05-01,Rajasthan,27.0238,74.2179,0.0,27.6,18.0,1005.1,67.7,OBS_20250501_RAJ
2025-05-01,Odisha,20.9517,85.0985,0.0,30.3,20.4,1001.8,49.7,OBS_20250501_ODI
2025-05-01,Assam,26.2006,92.9376,117.8,29.5,16.3,1000.5,60.8,OBS_20250501_ASS
2025-05-01,Punjab,31.1471,75.3412,0.0,28.2,19.5,1004.4,62.7,OBS_20250501_PUN
2025-05-01,Tamil Nadu,11.1271,78.6569,12.1,28.5,13.4,1004.9,57.8,OBS_20250501_TAM
2025-05-01,Andhra Pradesh,15.9129,79.74,3.4,28.5,18.6,1002.3,62.6,OBS_20250501_AND
2025-05-01,West Bengal,22.9868,87.855,10.5,25.5,21.9,1000.6,61.6,OBS_20250501_WES
2025-05-01,Madhya Pradesh,22.9734,78.6569,6.9,30.4,22.7,999.8,70.1,OBS_20250501_MAD
2025-05-01,Uttar Pradesh,26.8467,80.9462,20.7,27.8,14.9,1000.0,66.5,OBS_20250501_UTT
2025-05-01,Karnataka,15.3173,75.7139,0.0,27.9,14.9,1002.7,60.1,OBS_20250501_KAR
2025-05-01,Himachal Pradesh,31.1048,77.1734,0.0,25.8,18.4,1006.1,78.8,OBS_20250501_HIM
2025-05-01,Bihar,25.0961,85.3131,10.0,30.7,18.9,1003.4,76.7,OBS_20250501_BIH
2025-05-02,Gujarat,22.2587,71.1924,5.7,27.6,16.8,1002.6,76.2,OBS_20250502_GUJ
2025-05-02,Maharashtra,19.7515,75.7139,16.7,25.7,23.3,1004.7,59.2,OBS_20250502_MAH
2025-05-02,Kerala,10.8505,76.2711,95.5,27.5,15.0,1004.4,57.4,OBS_20250502_KER
2025-05-02,Rajasthan,27.0238,74.2179,0.0,26.8,19.9,1003.1,67.0,OBS_20250502_RAJ
2025-05-02,Odisha,20.9517,85.0985,4.0,26.0,17.1,1004.0,60.8,OBS_20250502_ODI
2025-05-02,Assam,26.2006,92.9376,0.0,31.2,12.0,1005.8,53.0,OBS_20250502_ASS
2025-05-02,Punjab,31.1471,75.3412,5.5,34.6,20.3,1003.1,59.6,OBS_20250502_PUN
2025-05-02,Tamil Nadu,11.1271,78.6569,1.1,27.8,13.7,1005.8,60.0,OBS_20250502_TAM
2025-05-02,Andhra Pradesh,15.9129,79.74,0.0,28.4,28.5,1004.8,68.5,OBS_20250502_AND
2025-05-02,West Bengal,22.9868,87.855,4.3,27.7,15.4,1008.3,78.7,OBS_20250502_WES
2025-05-02,Madhya Pradesh,22.9734,78.6569,0.0,26.0,13.3,1002.3,75.8,OBS_20250502_MAD
2025-05-02,Uttar Pradesh,26.8467,80.9462,0.0,29.7,9.1,1000.2,61.2,OBS_20250502_UTT
2025-05-02,Karnataka,15.3173,75.7139,6.5,28.1,21.7,1000.1,83.3,OBS_20250502_KAR
2025-05-02,Himachal Pradesh,31.1048,77.1734,74.4,27.8,27.1,1001.9,66.1,OBS_20250502_HIM
2025-05-02,Bihar,25.0961,85.3131,0.5,29.6,21.0,1001.9,63.5,OBS_20250502_BIH
2025-05-03,Gujarat,22.2587,71.1924,4.5,23.2,17.3,1001.9,63.3,OBS_20250503_GUJ
2025-05-03,Maharashtra,19.7515,75.7139,0.1,27.5,20.3,1003.4,65.3,OBS_20250503_MAH
2025-05-03,Kerala,10.8505,76.2711,0.0,30.7,17.9,999.7,74.9,OBS_20250503_KER
2025-05-03,Rajasthan,27.0238,74.2179,36.0,28.8,18.9,1003.6,50.3,OBS_20250503_RAJ
2025-05-03,Odisha,20.9517,85.0985,114.8,28.8,16.1,1001.3,65.0,OBS_20250503_ODI
2025-05-03,Assam,26.2006,92.9376,0.0,26.5,16.1,999.6,63.2,OBS_20250503_ASS
2025-05-03,Punjab,31.1471,75.3412,16.4,26.8,20.7,1000.5,60.2,OBS_20250503_PUN
2025-05-03,Tamil Nadu,11.1271,78.6569,0.0,31.4,16.5,1005.3,56.7,OBS_20250503_TAM
2025-05-03,Andhra Pradesh,15.9129,79.74,106.3,31.6,21.4,1002.1,64.3,OBS_20250503_AND
2025-05-03,West Bengal,22.9868,87.855,0.0,28.9,21.6,1001.7,78.3,OBS_20250503_WES
2025-05-03,Madhya Pradesh,22.9734,78.6569,61.5,29.9,20.5,999.4,69.4,OBS_20250503_MAD
2025-05-03,Uttar Pradesh,26.8467,80.9462,9.3,30.0,22.6,1002.1,58.0,OBS_20250503_UTT
2025-05-03,Karnataka,15.3173,75.7139,0.0,25.8,17.8,1004.6,70.4,OBS_20250503_KAR
2025-05-03,Himachal Pradesh,31.1048,77.1734,6.5,28.5,18.7,1003.7,57.7,OBS_20250503_HIM
2025-05-03,Bihar,25.0961,85.3131,16.1,32.6,14.9,1005.5,61.4,OBS_20250503_BIH
2025-05-04,Gujarat,22.2587,71.1924,109.8,27.6,21.1,1005.1,76.8,OBS_20250504_GUJ
2025-05-04,Maharashtra,19.7515,75.7139,0.0,29.5,23.7,1002.6,59.9,OBS_20250504_MAH
2025-05-04,Kerala,10.8505,76.2711,15.5,30.5,20.3,1005.5,58.9,OBS_20250504_KER
2025-05-04,Rajasthan,27.0238,74.2179,9.9,26.2,20.3,1003.2,63.9,OBS_20250504_RAJ
2025-05-04,Odisha,20.9517,85.0985,0.0,28.3,12.9,1000.9,61.6,OBS_20250504_ODI
2025-05-04,Assam,26.2006,92.9376,0.0,27.2,18.0,1002.6,62.8,OBS_20250504_ASS
2025-05-04,Punjab,31.1471,75.3412,1.0,25.4,12.1,1003.9,73.0,OBS_20250504_PUN
2025-05-04,Tamil Nadu,11.1271,78.6569,0.0,30.2,11.4,1005.4,60.2,OBS_20250504_TAM
2025-05-04,Andhra Pradesh,15.9129,79.74,12.7,25.0,24.0,1004.6,66.5,OBS_20250504_AND
2025-05-04,West Bengal,22.9868,87.855,1.8,23.7,14.4,1003.2,60.8,OBS_20250504_WES
2025-05-04,Madhya Pradesh,22.9734,78.6569,0.0,27.9,19.7,1004.2,59.6,OBS_20250504_MAD
2025-05-04,Uttar Pradesh,26.8467,80.9462,0.8,30.9,19.1,1004.9,70.1,OBS_20250504_UTT
2025-05-04,Karnataka,15.3173,75.7139,0.0,29.5,19.4,1007.0,62.5,OBS_20250504_KAR
2025-05-04,Himachal Pradesh,31.1048,77.1734,12.9,29.8,19.6,1003.6,61.3,OBS_20250504_HIM
2025-05-04,Bihar,25.0961,85.3131,5.8,28.7,18.5,1001.8,61.1,OBS_20250504_BIH
2025-05-05,Gujarat,22.2587,71.1924,2.9,30.0,21.8,1003.0,58.7,OBS_20250505_GUJ
2025-05-05,Maharashtra,19.7515,75.7139,0.0,25.8,15.6,1001.6,69.7,OBS_20250505_MAH
2025-05-05,Kerala,10.8505,76.2711,9.5,26.0,20.9,1005.7,65.1,OBS_20250505_KER
2025-05-05,Rajasthan,27.0238,74.2179,0.5,28.4,13.9,1000.9,66.7,OBS_20250505_RAJ
2025-05-05,Odisha,20.9517,85.0985,13.1,29.8,17.4,1001.9,67.4,OBS_20250505_ODI
2025-05-05,Assam,26.2006,92.9376,158.6,25.5,13.7,1000.3,62.5,OBS_20250505_ASS
2025-05-05,Punjab,31.1471,75.3412,26.0,30.7,22.8,1000.8,73.3,OBS_20250505_PUN
2025-05-05,Tamil Nadu,11.1271,78.6569,15.7,27.8,14.8,1004.9,49.1,OBS_20250505_TAM
2025-05-05,Andhra Pradesh,15.9129,79.74,4.9,33.5,15.8,997.5,55.5,OBS_20250505_AND
2025-05-05,West Bengal,22.9868,87.855,0.0,26.7,18.6,1002.1,69.9,OBS_20250505_WES
2025-05-05,Madhya Pradesh,22.9734,78.6569,0.0,28.5,20.9,1007.9,61.4,OBS_20250505_MAD
2025-05-05,Uttar Pradesh,26.8467,80.9462,20.6,27.0,22.0,999.0,61.2,OBS_20250505_UTT
2025-05-05,Karnataka,15.3173,75.7139,4.5,27.5,17.9,1000.5,60.4,OBS_20250505_KAR
2025-05-05,Himachal Pradesh,31.1048,77.1734,0.0,27.5,14.1,1004.3,62.8,OBS_20250505_HIM
2025-05-05,Bihar,25.0961,85.3131,17.2,28.6,18.8,999.4,70.0,OBS_20250505_BIH
2025-05-06,Gujarat,22.2587,71.1924,11.0,32.1,25.0,1004.9,64.4,OBS_20250506_GUJ
2025-05-06,Maharashtra,19.7515,75.7139,15.5,25.4,22.3,1004.9,56.7,OBS_20250506_MAH
2025-05-06,Kerala,10.8505,76.2711,11.3,27.2,15.7,1001.8,83.0,OBS_20250506_KER
2025-05-06,Rajasthan,27.0238,74.2179,0.0,26.4,17.6,1002.3,65.0,OBS_20250506_RAJ
2025-05-06,Odisha,20.9517,85.0985,7.8,27.5,21.8,999.1,74.3,OBS_20250506_ODI
2025-05-06,Assam,26.2006,92.9376,0.0,29.7,13.7,1003.9,59.7,OBS_20250506_ASS
2025-05-06,Punjab,31.1471,75.3412,0.0,26.7,19.4,1004.3,62.9,OBS_20250506_PUN
2025-05-06,Tamil Nadu,11.1271,78.6569,10.5,29.2,11.8,1004.9,56.7,OBS_20250506_TAM
2025-05-06,Andhra Pradesh,15.9129,79.74,12.2,30.5,19.8,1004.2,63.4,OBS_20250506_AND
2025-05-06,West Bengal,22.9868,87.855,0.0,32.4,17.2,1003.0,67.1,OBS_20250506_WES
2025-05-06,Madhya Pradesh,22.9734,78.6569,203.0,27.6,13.8,1002.7,64.4,OBS_20250506_MAD
2025-05-06,Uttar Pradesh,26.8467,80.9462,0.0,27.7,19.1,1001.5,53.8,OBS_20250506_UTT
2025-05-06,Karnataka,15.3173,75.7139,107.5,29.8,21.6,1003.8,73.0,OBS_20250506_KAR
2025-05-06,Himachal Pradesh,31.1048,77.1734,6.8,35.4,23.4,1001.7,60.6,OBS_20250506_HIM
2025-05-06,Bihar,25.0961,85.3131,0.0,27.7,22.2,1002.8,58.7,OBS_20250506_BIH
2025-05-07,Gujarat,22.2587,71.1924,0.0,29.0,23.2,1005.6,42.7,OBS_20250507_GUJ
2025-05-07,Maharashtra,19.7515,75.7139,10.7,27.5,10.6,999.4,69.6,OBS_20250507_MAH
2025-05-07,Kerala,10.8505,76.2711,20.2,24.9,18.9,1001.6,57.9,OBS_20250507_KER
2025-05-07,Rajasthan,27.0238,74.2179,0.0,28.1,12.2,999.0,71.4,OBS_20250507_RAJ
2025-05-07,Odisha,20.9517,85.0985,2.4,25.5,28.3,1004.7,63.3,OBS_20250507_ODI
2025-05-07,Assam,26.2006,92.9376,4.6,27.5,24.4,1003.7,60.5,OBS_20250507_ASS
2025-05-07,Punjab,31.1471,75.3412,0.7,30.6,15.4,1004.9,61.7,OBS_20250507_PUN
2025-05-07,Tamil Nadu,11.1271,78.6569,0.0,31.6,9.4,1007.3,64.0,OBS_20250507_TAM
2025-05-07,Andhra Pradesh,15.9129,79.74,0.0,27.6,14.7,1004.4,65.4,OBS_20250507_AND
2025-05-07,West Bengal,22.9868,87.855,8.9,28.1,18.2,1003.6,73.0,OBS_20250507_WES
2025-05-07,Madhya Pradesh,22.9734,78.6569,0.0,25.2,16.0,1001.3,68.4,OBS_20250507_MAD
2025-05-07,Uttar Pradesh,26.8467,80.9462,14.2,27.9,20.2,1002.0,63.9,OBS_20250507_UTT
2025-05-07,Karnataka,15.3173,75.7139,16.4,26.8,18.7,1000.6,76.6,OBS_20250507_KAR
2025-05-07,Himachal Pradesh,31.1048,77.1734,0.0,30.8,15.2,1005.8,65.2,OBS_20250507_HIM
2025-05-07,Bihar,25.0961,85.3131,0.0,27.5,17.3,1002.7,63.5,OBS_20250507_BIH
2025-05-08,Gujarat,22.2587,71.1924,8.7,25.1,19.4,1001.4,78.6,OBS_20250508_GUJ
2025-05-08,Maharashtra,19.7515,75.7139,0.0,27.5,12.3,1001.0,68.7,OBS_20250508_MAH
2025-05-08,Kerala,10.8505,76.2711,0.0,29.5,25.1,1001.9,80.6,OBS_20250508_KER
2025-05-08,Rajasthan,27.0238,74.2179,0.0,31.8,15.9,1003.8,69.8,OBS_20250508_RAJ
2025-05-08,Odisha,20.9517,85.0985,0.0,29.9,18.9,998.8,55.3,OBS_20250508_ODI
2025-05-08,Assam,26.2006,92.9376,0.0,33.4,23.9,999.9,64.4,OBS_20250508_ASS
2025-05-08,Punjab,31.1471,75.3412,0.0,28.6,15.7,1007.1,64.5,OBS_20250508_PUN
2025-05-08,Tamil Nadu,11.1271,78.6569,1.2,31.1,17.8,1009.0,53.2,OBS_20250508_TAM
2025-05-08,Andhra Pradesh,15.9129,79.74,0.0,31.5,25.2,1004.6,76.1,OBS_20250508_AND
2025-05-08,West Bengal,22.9868,87.855,7.1,30.3,19.9,999.9,72.1,OBS_20250508_WES
2025-05-08,Madhya Pradesh,22.9734,78.6569,0.0,29.2,17.9,998.4,47.1,OBS_20250508_MAD
2025-05-08,Uttar Pradesh,26.8467,80.9462,2.6,28.3,20.8,1008.5,65.6,OBS_20250508_UTT
2025-05-08,Karnataka,15.3173,75.7139,15.0,32.1,19.1,1003.6,61.1,OBS_20250508_KAR
2025-05-08,Himachal Pradesh,31.1048,77.1734,0.0,26.7,21.2,1005.3,74.8,OBS_20250508_HIM
2025-05-08,Bihar,25.0961,85.3131,23.7,30.6,20.9,1003.8,71.8,OBS_20250508_BIH
2025-05-09,Gujarat,22.2587,71.1924,25.7,28.2,14.2,1002.0,60.9,OBS_20250509_GUJ
2025-05-09,Maharashtra,19.7515,75.7139,0.0,28.5,13.9,1000.9,62.1,OBS_20250509_MAH
2025-05-09,Kerala,10.8505,76.2711,156.9,30.7,24.2,1005.3,79.6,OBS_20250509_KER
2025-05-09,Rajasthan,27.0238,74.2179,0.0,26.2,15.8,1000.9,56.9,OBS_20250509_RAJ
2025-05-09,Odisha,20.9517,85.0985,0.0,28.8,19.9,1005.1,58.8,OBS_20250509_ODI
2025-05-09,Assam,26.2006,92.9376,13.6,30.5,28.9,1002.5,64.4,OBS_20250509_ASS
2025-05-09,Punjab,31.1471,75.3412,0.0,24.9,18.3,1004.6,73.3,OBS_20250509_PUN
2025-05-09,Tamil Nadu,11.1271,78.6569,0.0,32.4,15.2,1003.5,61.8,OBS_20250509_TAM
2025-05-09,Andhra Pradesh,15.9129,79.74,0.0,30.5,15.8,1003.2,58.6,OBS_20250509_AND
2025-05-09,West Bengal,22.9868,87.855,0.0,27.9,19.0,1005.9,66.2,OBS_20250509_WES
2025-05-09,Madhya Pradesh,22.9734,78.6569,28.4,28.5,24.5,1001.8,65.3,OBS_20250509_MAD
2025-05-09,Uttar Pradesh,26.8467,80.9462,7.6,29.3,17.7,1005.9,66.0,OBS_20250509_UTT
2025-05-09,Karnataka,15.3173,75.7139,2.3,27.2,9.4,1001.9,55.7,OBS_20250509_KAR
2025-05-09,Himachal Pradesh,31.1048,77.1734,0.0,32.2,13.8,1002.0,62.7,OBS_20250509_HIM
2025-05-09,Bihar,25.0961,85.3131,9.3,33.3,14.4,1001.6,64.1,OBS_20250509_BIH
2025-05-10,Gujarat,22.2587,71.1924,4.3,31.4,15.0,1003.3,65.4,OBS_20250510_GUJ
2025-05-10,Maharashtra,19.7515,75.7139,9.5,26.7,19.7,1005.2,71.2,OBS_20250510_MAH
2025-05-10,Kerala,10.8505,76.2711,0.0,32.0,15.2,1001.9,66.1,OBS_20250510_KER
2025-05-10,Rajasthan,27.0238,74.2179,13.5,26.1,22.3,999.9,62.4,OBS_20250510_RAJ
2025-05-10,Odisha,20.9517,85.0985,1.1,30.1,21.0,1000.1,67.3,OBS_20250510_ODI
2025-05-10,Assam,26.2006,92.9376,0.0,27.4,19.7,1003.4,67.0,OBS_20250510_ASS
2025-05-10,Punjab,31.1471,75.3412,17.0,27.4,13.8,1004.8,63.9,OBS_20250510_PUN
2025-05-10,Tamil Nadu,11.1271,78.6569,120.4,30.6,13.3,1004.4,45.0,OBS_20250510_TAM
2025-05-10,Andhra Pradesh,15.9129,79.74,9.9,27.8,18.2,999.0,68.4,OBS_20250510_AND
2025-05-10,West Bengal,22.9868,87.855,14.1,34.2,12.3,1001.7,61.0,OBS_20250510_WES
2025-05-10,Madhya Pradesh,22.9734,78.6569,0.0,29.9,18.3,1004.1,55.2,OBS_20250510_MAD
2025-05-10,Uttar Pradesh,26.8467,80.9462,1.9,32.2,17.9,1004.8,73.8,OBS_20250510_UTT
2025-05-10,Karnataka,15.3173,75.7139,0.0,28.2,20.7,1003.3,80.4,OBS_20250510_KAR
2025-05-10,Himachal Pradesh,31.1048,77.1734,0.0,31.1,19.1,999.4,59.2,OBS_20250510_HIM
2025-05-10,Bihar,25.0961,85.3131,9.5,27.8,19.0,999.8,69.5,OBS_20250510_BIH
2025-05-11,Gujarat,22.2587,71.1924,0.0,29.3,16.5,1000.6,62.7,OBS_20250511_GUJ
2025-05-11,Maharashtra,19.7515,75.7139,0.0,32.1,13.2,999.7,69.7,OBS_20250511_MAH
2025-05-11,Kerala,10.8505,76.2711,118.9,26.5,9.4,1003.5,62.5,OBS_20250511_KER
2025-05-11,Rajasthan,27.0238,74.2179,7.2,29.9,21.2,1001.6,64.4,OBS_20250511_RAJ
2025-05-11,Odisha,20.9517,85.0985,4.5,32.4,18.8,1002.1,56.1,OBS_20250511_ODI
2025-05-11,Assam,26.2006,92.9376,5.1,29.1,16.6,1004.5,59.2,OBS_20250511_ASS
2025-05-11,Punjab,31.1471,75.3412,2.2,28.1,14.6,1001.0,52.9,OBS_20250511_PUN
2025-05-11,Tamil Nadu,11.1271,78.6569,0.0,32.0,12.5,1001.3,77.7,OBS_20250511_TAM
2025-05-11,Andhra Pradesh,15.9129,79.74,0.0,28.2,13.4,998.3,61.2,OBS_20250511_AND
2025-05-11,West Bengal,22.9868,87.855,2.2,26.5,26.1,1005.5,64.5,OBS_20250511_WES
2025-05-11,Madhya Pradesh,22.9734,78.6569,2.9,31.4,11.1,1004.7,70.0,OBS_20250511_MAD
2025-05-11,Uttar Pradesh,26.8467,80.9462,0.0,28.6,18.7,1001.6,77.4,OBS_20250511_UTT
2025-05-11,Karnataka,15.3173,75.7139,38.1,26.7,22.5,1002.4,66.3,OBS_20250511_KAR
2025-05-11,Himachal Pradesh,31.1048,77.1734,25.1,29.5,17.6,1001.3,61.1,OBS_20250511_HIM
2025-05-11,Bihar,25.0961,85.3131,117.6,28.2,21.2,1005.6,63.3,OBS_20250511_BIH
2025-05-12,Gujarat,22.2587,71.1924,0.0,28.7,16.2,1002.4,61.4,OBS_20250512_GUJ
2025-05-12,Maharashtra,19.7515,75.7139,1.1,29.6,18.9,1001.0,76.9,OBS_20250512_MAH
2025-05-12,Kerala,10.8505,76.2711,47.3,29.2,20.1,1001.9,68.7,OBS_20250512_KER
2025-05-12,Rajasthan,27.0238,74.2179,0.0,27.3,13.2,1006.6,76.3,OBS_20250512_RAJ
2025-05-12,Odisha,20.9517,85.0985,21.1,29.4,10.8,1006.0,75.7,OBS_20250512_ODI
2025-05-12,Assam,26.2006,92.9376,7.0,29.9,27.8,1007.9,73.3,OBS_20250512_ASS
2025-05-12,Punjab,31.1471,75.3412,0.6,25.3,19.7,1004.8,67.5,OBS_20250512_PUN
2025-05-12,Tamil Nadu,11.1271,78.6569,9.8,32.5,20.7,1004.9,56.2,OBS_20250512_TAM
2025-05-12,Andhra Pradesh,15.9129,79.74,0.0,29.6,22.3,1003.9,65.8,OBS_20250512_AND
2025-05-12,West Bengal,22.9868,87.855,0.0,28.9,16.2,1002.9,67.7,OBS_20250512_WES
2025-05-12,Madhya Pradesh,22.9734,78.6569,0.0,27.4,16.6,999.4,64.2,OBS_20250512_MAD
2025-05-12,Uttar Pradesh,26.8467,80.9462,5.7,23.2,15.7,999.4,62.6,OBS_20250512_UTT
2025-05-12,Karnataka,15.3173,75.7139,6.1,32.1,21.4,1002.6,49.4,OBS_20250512_KAR
2025-05-12,Himachal Pradesh,31.1048,77.1734,0.0,31.7,22.5,1003.5,63.4,OBS_20250512_HIM
2025-05-12,Bihar,25.0961,85.3131,0.0,30.2,21.9,1004.8,59.0,OBS_20250512_BIH
2025-05-13,Gujarat,22.2587,71.1924,0.0,28.5,17.5,1003.1,63.7,OBS_20250513_GUJ
2025-05-13,Maharashtra,19.7515,75.7139,12.9,30.4,22.7,1000.0,72.7,OBS_20250513_MAH
2025-05-13,Kerala,10.8505,76.2711,0.0,30.9,16.7,1003.7,66.1,OBS_20250513_KER
2025-05-13,Rajasthan,27.0238,74.2179,17.0,30.3,23.3,1000.9,54.3,OBS_20250513_RAJ
2025-05-13,Odisha,20.9517,85.0985,0.0,27.5,17.7,1004.1,55.0,OBS_20250513_ODI
2025-05-13,Assam,26.2006,92.9376,2.5,30.4,23.6,1003.7,70.6,OBS_20250513_ASS
2025-05-13,Punjab,31.1471,75.3412,7.6,30.4,17.8,1004.4,72.2,OBS_20250513_PUN
2025-05-13,Tamil Nadu,11.1271,78.6569,0.0,27.7,11.4,1004.5,65.2,OBS_20250513_TAM
2025-05-13,Andhra Pradesh,15.9129,79.74,22.5,27.3,17.8,1007.2,71.1,OBS_20250513_AND
2025-05-13,West Bengal,22.9868,87.855,16.9,30.5,16.5,1002.4,71.7,OBS_20250513_WES
2025-05-13,Madhya Pradesh,22.9734,78.6569,0.0,29.2,16.7,1001.9,73.4,OBS_20250513_MAD
2025-05-13,Uttar Pradesh,26.8467,80.9462,3.3,30.3,26.7,1003.0,69.7,OBS_20250513_UTT
2025-05-13,Karnataka,15.3173,75.7139,0.0,29.7,21.8,1001.4,60.9,OBS_20250513_KAR
2025-05-13,Himachal Pradesh,31.1048,77.1734,0.0,28.5,22.1,1003.8,74.1,OBS_20250513_HIM
2025-05-13,Bihar,25.0961,85.3131,7.1,27.2,16.6,1005.2,62.4,OBS_20250513_BIH
2025-05-14,Gujarat,22.2587,71.1924,4.0,31.5,16.8,1000.8,69.0,OBS_20250514_GUJ
2025-05-14,Maharashtra,19.7515,75.7139,5.3,30.2,21.4,1002.3,68.3,OBS_20250514_MAH
2025-05-14,Kerala,10.8505,76.2711,13.9,30.3,22.1,1001.3,80.6,OBS_20250514_KER
2025-05-14,Rajasthan,27.0238,74.2179,86.4,32.2,19.7,1004.6,72.4,OBS_20250514_RAJ
2025-05-14,Odisha,20.9517,85.0985,26.2,27.1,17.9,1007.8,63.3,OBS_20250514_ODI
2025-05-14,Assam,26.2006,92.9376,0.0,30.8,21.7,1001.4,62.0,OBS_20250514_ASS
2025-05-14,Punjab,31.1471,75.3412,0.0,29.9,27.0,1002.5,63.0,OBS_20250514_PUN
2025-05-14,Tamil Nadu,11.1271,78.6569,8.1,26.8,22.3,1006.2,58.3,OBS_20250514_TAM
2025-05-14,Andhra Pradesh,15.9129,79.74,1.9,33.3,18.1,1004.2,62.9,OBS_20250514_AND
2025-05-14,West Bengal,22.9868,87.855,0.0,31.4,25.0,1001.6,63.5,OBS_20250514_WES
2025-05-14,Madhya Pradesh,22.9734,78.6569,5.0,30.2,10.2,1000.4,68.5,OBS_20250514_MAD
2025-05-14,Uttar Pradesh,26.8467,80.9462,0.0,31.1,22.8,1003.1,62.6,OBS_20250514_UTT
2025-05-14,Karnataka,15.3173,75.7139,9.1,29.1,25.9,1003.0,59.2,OBS_20250514_KAR
2025-05-14,Himachal Pradesh,31.1048,77.1734,0.0,29.6,17.7,1003.6,68.9,OBS_20250514_HIM
2025-05-14,Bihar,25.0961,85.3131,0.0,30.9,16.7,1001.1,61.6,OBS_20250514_BIH
2025-05-15,Gujarat,22.2587,71.1924,0.0,31.2,15.6,1003.5,66.0,OBS_20250515_GUJ
2025-05-15,Maharashtra,19.7515,75.7139,6.1,31.4,19.2,1000.6,68.4,OBS_20250515_MAH
2025-05-15,Kerala,10.8505,76.2711,1.2,29.0,21.3,1004.3,50.7,OBS_20250515_KER
2025-05-15,Rajasthan,27.0238,74.2179,0.0,31.4,26.2,1006.7,59.7,OBS_20250515_RAJ
2025-05-15,Odisha,20.9517,85.0985,150.8,28.2,18.4,1005.0,64.8,OBS_20250515_ODI
2025-05-15,Assam,26.2006,92.9376,128.7,26.2,15.1,1001.1,73.6,OBS_20250515_ASS
2025-05-15,Punjab,31.1471,75.3412,0.0,32.9,21.1,1002.5,62.8,OBS_20250515_PUN
2025-05-15,Tamil Nadu,11.1271,78.6569,0.0,28.2,11.8,1008.4,60.9,OBS_20250515_TAM
2025-05-15,Andhra Pradesh,15.9129,79.74,16.5,28.2,14.2,1001.7,65.4,OBS_20250515_AND
2025-05-15,West Bengal,22.9868,87.855,0.0,20.3,21.9,1003.9,75.5,OBS_20250515_WES
2025-05-15,Madhya Pradesh,22.9734,78.6569,10.0,27.8,17.6,1004.7,66.1,OBS_20250515_MAD
2025-05-15,Uttar Pradesh,26.8467,80.9462,17.0,28.9,14.0,1004.3,70.8,OBS_20250515_UTT
2025-05-15,Karnataka,15.3173,75.7139,0.0,27.8,12.9,1002.2,68.6,OBS_20250515_KAR
2025-05-15,Himachal Pradesh,31.1048,77.1734,4.1,24.6,11.2,1003.3,59.8,OBS_20250515_HIM
2025-05-15,Bihar,25.0961,85.3131,0.0,28.3,20.1,1005.5,78.5,OBS_20250515_BIH
2025-05-16,Gujarat,22.2587,71.1924,13.3,30.4,16.2,1004.2,69.4,OBS_20250516_GUJ
2025-05-16,Maharashtra,19.7515,75.7139,4.3,33.1,30.0,1002.0,70.8,OBS_20250516_MAH
2025-05-16,Kerala,10.8505,76.2711,7.7,30.0,15.0,1003.4,58.2,OBS_20250516_KER
2025-05-16,Rajasthan,27.0238,74.2179,0.0,33.3,22.9,1001.8,59.1,OBS_20250516_RAJ
2025-05-16,Odisha,20.9517,85.0985,0.0,27.4,20.5,1002.9,60.0,OBS_20250516_ODI
2025-05-16,Assam,26.2006,92.9376,0.0,29.6,17.2,998.2,58.0,OBS_20250516_ASS
2025-05-16,Punjab,31.1471,75.3412,0.0,26.3,21.2,1002.3,72.5,OBS_20250516_PUN
2025-05-16,Tamil Nadu,11.1271,78.6569,4.7,29.6,11.8,1006.6,41.0,OBS_20250516_TAM
2025-05-16,Andhra Pradesh,15.9129,79.74,11.8,29.1,16.0,1001.3,64.0,OBS_20250516_AND
2025-05-16,West Bengal,22.9868,87.855,17.6,27.8,17.2,1006.1,65.2,OBS_20250516_WES
2025-05-16,Madhya Pradesh,22.9734,78.6569,6.7,25.8,25.8,1005.2,59.1,OBS_20250516_MAD
2025-05-16,Uttar Pradesh,26.8467,80.9462,1.1,28.0,16.8,1003.4,71.3,OBS_20250516_UTT
2025-05-16,Karnataka,15.3173,75.7139,7.1,27.4,14.8,1003.8,66.8,OBS_20250516_KAR
2025-05-16,Himachal Pradesh,31.1048,77.1734,0.0,29.9,27.4,1002.6,61.6,OBS_20250516_HIM
2025-05-16,Bihar,25.0961,85.3131,0.0,29.0,21.5,1003.8,62.8,OBS_20250516_BIH
2025-05-17,Gujarat,22.2587,71.1924,0.0,28.2,20.9,1002.1,81.8,OBS_20250517_GUJ
2025-05-17,Maharashtra,19.7515,75.7139,16.6,29.4,19.2,1005.9,62.9,OBS_20250517_MAH
2025-05-17,Kerala,10.8505,76.2711,15.9,26.2,17.5,1002.5,62.0,OBS_20250517_KER
2025-05-17,Rajasthan,27.0238,74.2179,0.0,32.5,23.0,1002.2,68.5,OBS_20250517_RAJ
2025-05-17,Odisha,20.9517,85.0985,0.0,27.8,22.0,1003.6,66.2,OBS_20250517_ODI
2025-05-17,Assam,26.2006,92.9376,0.0,29.2,26.2,1003.7,58.2,OBS_20250517_ASS
2025-05-17,Punjab,31.1471,75.3412,0.0,26.2,19.2,1002.2,74.3,OBS_20250517_PUN
2025-05-17,Tamil Nadu,11.1271,78.6569,0.0,30.0,13.8,1004.2,49.9,OBS_20250517_TAM
2025-05-17,Andhra Pradesh,15.9129,79.74,1.6,31.2,11.2,1003.5,53.0,OBS_20250517_AND
2025-05-17,West Bengal,22.9868,87.855,8.1,28.6,18.2,1001.1,66.9,OBS_20250517_WES
2025-05-17,Madhya Pradesh,22.9734,78.6569,0.0,28.3,21.5,1003.0,52.1,OBS_20250517_MAD
2025-05-17,Uttar Pradesh,26.8467,80.9462,4.9,32.8,20.8,1000.8,79.5,OBS_20250517_UTT
2025-05-17,Karnataka,15.3173,75.7139,0.0,30.2,19.5,1005.9,74.1,OBS_20250517_KAR
2025-05-17,Himachal Pradesh,31.1048,77.1734,0.0,31.3,13.0,999.0,77.7,OBS_20250517_HIM
2025-05-17,Bihar,25.0961,85.3131,0.0,33.5,16.7,1001.7,68.7,OBS_20250517_BIH
2025-05-18,Gujarat,22.2587,71.1924,13.8,30.0,25.0,1005.8,62.2,OBS_20250518_GUJ
2025-05-18,Maharashtra,19.7515,75.7139,2.8,29.3,25.5,1001.9,60.3,OBS_20250518_MAH
2025-05-18,Kerala,10.8505,76.2711,8.8,25.5,25.2,1002.1,62.2,OBS_20250518_KER
2025-05-18,Rajasthan,27.0238,74.2179,0.0,31.3,14.5,1002.6,56.5,OBS_20250518_RAJ
2025-05-18,Odisha,20.9517,85.0985,2.2,27.3,24.4,1000.0,54.7,OBS_20250518_ODI
2025-05-18,Assam,26.2006,92.9376,96.9,31.7,11.8,1001.4,65.9,OBS_20250518_ASS
2025-05-18,Punjab,31.1471,75.3412,0.0,28.6,16.2,1002.2,65.0,OBS_20250518_PUN
2025-05-18,Tamil Nadu,11.1271,78.6569,0.0,32.3,5.5,1001.8,66.6,OBS_20250518_TAM
2025-05-18,Andhra Pradesh,15.9129,79.74,11.2,29.9,23.2,1004.0,75.0,OBS_20250518_AND
2025-05-18,West Bengal,22.9868,87.855,13.8,30.1,20.5,1003.8,70.2,OBS_20250518_WES
2025-05-18,Madhya Pradesh,22.9734,78.6569,2.8,28.5,20.7,1002.3,67.4,OBS_20250518_MAD
2025-05-18,Uttar Pradesh,26.8467,80.9462,23.0,34.4,25.9,1002.4,67.9,OBS_20250518_UTT
2025-05-18,Karnataka,15.3173,75.7139,1.9,28.3,22.7,1005.2,64.6,OBS_20250518_KAR
2025-05-18,Himachal Pradesh,31.1048,77.1734,0.0,30.4,22.5,1001.4,67.7,OBS_20250518_HIM
2025-05-18,Bihar,25.0961,85.3131,0.0,32.2,14.3,1002.9,72.1,OBS_20250518_BIH
2025-05-19,Gujarat,22.2587,71.1924,0.0,25.0,20.6,1001.5,66.4,OBS_20250519_GUJ
2025-05-19,Maharashtra,19.7515,75.7139,0.0,27.7,19.6,1006.0,55.9,OBS_20250519_MAH
2025-05-19,Kerala,10.8505,76.2711,0.7,29.9,20.5,1002.8,70.7,OBS_20250519_KER
2025-05-19,Rajasthan,27.0238,74.2179,0.0,32.0,20.9,1000.9,69.6,OBS_20250519_RAJ
2025-05-19,Odisha,20.9517,85.0985,24.6,28.8,20.3,1003.1,71.9,OBS_20250519_ODI
2025-05-19,Assam,26.2006,92.9376,0.0,31.2,13.0,1006.3,67.8,OBS_20250519_ASS
2025-05-19,Punjab,31.1471,75.3412,5.1,31.6,17.8,1004.7,83.9,OBS_20250519_PUN
2025-05-19,Tamil Nadu,11.1271,78.6569,3.6,32.4,13.3,1002.3,59.9,OBS_20250519_TAM
2025-05-19,Andhra Pradesh,15.9129,79.74,5.9,30.3,19.4,1005.8,89.0,OBS_20250519_AND
2025-05-19,West Bengal,22.9868,87.855,1.7,32.5,19.9,1003.1,63.4,OBS_20250519_WES
2025-05-19,Madhya Pradesh,22.9734,78.6569,0.0,31.0,21.7,1003.9,65.9,OBS_20250519_MAD
2025-05-19,Uttar Pradesh,26.8467,80.9462,32.9,24.4,16.9,998.1,54.0,OBS_20250519_UTT
2025-05-19,Karnataka,15.3173,75.7139,0.0,29.8,12.7,1003.2,62.3,OBS_20250519_KAR
2025-05-19,Himachal Pradesh,31.1048,77.1734,0.0,30.1,19.6,1004.5,63.7,OBS_20250519_HIM
2025-05-19,Bihar,25.0961,85.3131,0.0,29.4,20.2,998.2,72.2,OBS_20250519_BIH
2025-05-20,Gujarat,22.2587,71.1924,0.8,25.5,15.1,1005.2,68.0,OBS_20250520_GUJ
2025-05-20,Maharashtra,19.7515,75.7139,3.6,30.7,16.6,999.3,52.5,OBS_20250520_MAH
2025-05-20,Kerala,10.8505,76.2711,5.2,29.3,23.7,1002.0,69.4,OBS_20250520_KER
2025-05-20,Rajasthan,27.0238,74.2179,3.6,31.0,25.0,1002.4,61.0,OBS_20250520_RAJ
2025-05-20,Odisha,20.9517,85.0985,0.0,26.5,19.5,1000.8,67.0,OBS_20250520_ODI
2025-05-20,Assam,26.2006,92.9376,14.4,31.9,16.3,1003.7,65.6,OBS_20250520_ASS
2025-05-20,Punjab,31.1471,75.3412,20.3,30.3,18.5,1002.0,64.1,OBS_20250520_PUN
2025-05-20,Tamil Nadu,11.1271,78.6569,12.9,33.6,14.9,1006.8,57.4,OBS_20250520_TAM
2025-05-20,Andhra Pradesh,15.9129,79.74,0.0,26.1,19.8,1002.3,61.5,OBS_20250520_AND
2025-05-20,West Bengal,22.9868,87.855,12.7,26.2,16.5,1003.4,66.0,OBS_20250520_WES
2025-05-20,Madhya Pradesh,22.9734,78.6569,11.6,30.1,17.2,1001.3,54.6,OBS_20250520_MAD
2025-05-20,Uttar Pradesh,26.8467,80.9462,7.3,37.0,11.4,1002.4,66.4,OBS_20250520_UTT
2025-05-20,Karnataka,15.3173,75.7139,17.2,28.1,12.9,1000.0,66.4,OBS_20250520_KAR
2025-05-20,Himachal Pradesh,31.1048,77.1734,0.0,28.7,19.4,1000.2,67.2,OBS_20250520_HIM
2025-05-20,Bihar,25.0961,85.3131,0.0,29.4,23.1,1004.9,63.8,OBS_20250520_BIH
2025-05-21,Gujarat,22.2587,71.1924,9.3,27.8,26.4,1003.8,61.1,OBS_20250521_GUJ
2025-05-21,Maharashtra,19.7515,75.7139,0.0,31.7,19.3,1005.5,74.7,OBS_20250521_MAH
2025-05-21,Kerala,10.8505,76.2711,72.2,29.1,16.8,1005.5,60.0,OBS_20250521_KER
2025-05-21,Rajasthan,27.0238,74.2179,0.5,31.9,17.1,1000.0,60.8,OBS_20250521_RAJ
2025-05-21,Odisha,20.9517,85.0985,8.3,30.1,12.3,1000.9,75.6,OBS_20250521_ODI
2025-05-21,Assam,26.2006,92.9376,0.0,31.5,21.5,1001.4,74.2,OBS_20250521_ASS
2025-05-21,Punjab,31.1471,75.3412,0.0,28.2,17.6,999.8,63.8,OBS_20250521_PUN
2025-05-21,Tamil Nadu,11.1271,78.6569,0.5,30.6,17.8,1007.0,57.3,OBS_20250521_TAM
2025-05-21,Andhra Pradesh,15.9129,79.74,0.0,29.0,16.9,1000.3,61.9,OBS_20250521_AND
2025-05-21,West Bengal,22.9868,87.855,0.0,30.2,18.3,1000.3,67.8,OBS_20250521_WES
2025-05-21,Madhya Pradesh,22.9734,78.6569,0.0,28.3,24.3,1002.1,65.4,OBS_20250521_MAD
2025-05-21,Uttar Pradesh,26.8467,80.9462,6.5,31.1,18.1,999.3,61.0,OBS_20250521_UTT
2025-05-21,Karnataka,15.3173,75.7139,8.2,25.4,20.8,998.4,51.8,OBS_20250521_KAR
2025-05-21,Himachal Pradesh,31.1048,77.1734,4.5,29.2,18.6,1003.7,80.0,OBS_20250521_HIM
2025-05-21,Bihar,25.0961,85.3131,1.1,28.9,20.6,1000.8,65.3,OBS_20250521_BIH
2025-05-22,Gujarat,22.2587,71.1924,0.0,31.8,21.2,1003.8,61.1,OBS_20250522_GUJ
2025-05-22,Maharashtra,19.7515,75.7139,0.0,32.0,13.0,1001.8,73.6,OBS_20250522_MAH
2025-05-22,Kerala,10.8505,76.2711,13.5,27.4,21.2,1006.4,67.6,OBS_20250522_KER
2025-05-22,Rajasthan,27.0238,74.2179,0.0,26.0,17.2,999.5,57.0,OBS_20250522_RAJ
2025-05-22,Odisha,20.9517,85.0985,11.8,28.0,13.2,1001.7,65.0,OBS_20250522_ODI
2025-05-22,Assam,26.2006,92.9376,110.9,26.3,17.6,1006.6,74.7,OBS_20250522_ASS
2025-05-22,Punjab,31.1471,75.3412,36.1,28.0,22.1,1003.8,66.2,OBS_20250522_PUN
2025-05-22,Tamil Nadu,11.1271,78.6569,0.0,34.1,7.3,1009.4,52.4,OBS_20250522_TAM
2025-05-22,Andhra Pradesh,15.9129,79.74,3.6,30.2,18.5,1002.2,66.9,OBS_20250522_AND
2025-05-22,West Bengal,22.9868,87.855,29.3,32.1,21.3,1003.7,74.2,OBS_20250522_WES
2025-05-22,Madhya Pradesh,22.9734,78.6569,14.2,31.8,17.0,1002.7,62.3,OBS_20250522_MAD
2025-05-22,Uttar Pradesh,26.8467,80.9462,0.0,28.3,17.5,1001.1,57.6,OBS_20250522_UTT
2025-05-22,Karnataka,15.3173,75.7139,17.9,28.8,24.3,1004.2,64.8,OBS_20250522_KAR
2025-05-22,Himachal Pradesh,31.1048,77.1734,0.0,34.2,10.4,1003.1,63.4,OBS_20250522_HIM
2025-05-22,Bihar,25.0961,85.3131,0.0,31.4,13.8,1001.3,55.3,OBS_20250522_BIH
2025-05-23,Gujarat,22.2587,71.1924,3.3,28.7,26.0,1000.5,50.8,OBS_20250523_GUJ
2025-05-23,Maharashtra,19.7515,75.7139,5.1,29.8,13.5,1007.4,48.5,OBS_20250523_MAH
2025-05-23,Kerala,10.8505,76.2711,62.6,25.8,20.5,1000.4,64.5,OBS_20250523_KER
2025-05-23,Rajasthan,27.0238,74.2179,9.6,29.0,23.8,1003.6,71.2,OBS_20250523_RAJ
2025-05-23,Odisha,20.9517,85.0985,6.1,27.2,17.8,1002.1,64.1,OBS_20250523_ODI
2025-05-23,Assam,26.2006,92.9376,0.0,32.5,21.2,1000.1,68.4,OBS_20250523_ASS
2025-05-23,Punjab,31.1471,75.3412,6.7,27.5,14.2,1005.6,62.8,OBS_20250523_PUN
2025-05-23,Tamil Nadu,11.1271,78.6569,0.0,31.6,15.8,1007.2,64.9,OBS_20250523_TAM
2025-05-23,Andhra Pradesh,15.9129,79.74,2.5,30.5,16.8,1004.6,67.7,OBS_20250523_AND
2025-05-23,West Bengal,22.9868,87.855,0.0,25.7,17.5,1000.0,66.7,OBS_20250523_WES
2025-05-23,Madhya Pradesh,22.9734,78.6569,11.8,29.5,14.1,1004.5,58.2,OBS_20250523_MAD
2025-05-23,Uttar Pradesh,26.8467,80.9462,2.7,30.6,22.3,1001.7,77.3,OBS_20250523_UTT
2025-05-23,Karnataka,15.3173,75.7139,7.5,28.9,16.8,1001.6,68.9,OBS_20250523_KAR
2025-05-23,Himachal Pradesh,31.1048,77.1734,3.1,30.7,16.7,1002.8,67.7,OBS_20250523_HIM
2025-05-23,Bihar,25.0961,85.3131,7.3,28.8,21.4,1004.8,58.1,OBS_20250523_BIH
2025-05-24,Gujarat,22.2587,71.1924,10.2,29.8,22.1,1000.0,69.0,OBS_20250524_GUJ
2025-05-24,Maharashtra,19.7515,75.7139,2.9,27.3,19.8,1002.1,61.8,OBS_20250524_MAH
2025-05-24,Kerala,10.8505,76.2711,60.9,29.9,27.2,1000.3,52.2,OBS_20250524_KER
2025-05-24,Rajasthan,27.0238,74.2179,0.0,28.3,21.1,1002.4,67.6,OBS_20250524_RAJ
2025-05-24,Odisha,20.9517,85.0985,32.1,26.7,14.8,1006.3,57.0,OBS_20250524_ODI
2025-05-24,Assam,26.2006,92.9376,3.5,28.7,15.8,1001.8,65.6,OBS_20250524_ASS
2025-05-24,Punjab,31.1471,75.3412,0.0,31.9,19.2,1001.3,71.1,OBS_20250524_PUN
2025-05-24,Tamil Nadu,11.1271,78.6569,0.0,32.5,11.9,1004.4,51.4,OBS_20250524_TAM
2025-05-24,Andhra Pradesh,15.9129,79.74,0.0,31.4,24.3,1002.7,74.6,OBS_20250524_AND
2025-05-24,West Bengal,22.9868,87.855,0.0,30.1,21.6,1001.3,69.2,OBS_20250524_WES
2025-05-24,Madhya Pradesh,22.9734,78.6569,4.5,28.3,19.2,1001.3,66.4,OBS_20250524_MAD
2025-05-24,Uttar Pradesh,26.8467,80.9462,0.2,27.1,17.1,1002.4,78.1,OBS_20250524_UTT
2025-05-24,Karnataka,15.3173,75.7139,0.0,30.7,26.8,1000.1,56.8,OBS_20250524_KAR
2025-05-24,Himachal Pradesh,31.1048,77.1734,0.0,32.6,15.1,1005.1,69.9,OBS_20250524_HIM
2025-05-24,Bihar,25.0961,85.3131,22.2,32.6,13.2,1001.8,65.0,OBS_20250524_BIH
2025-05-25,Gujarat,22.2587,71.1924,0.0,24.1,13.9,1000.8,69.8,OBS_20250525_GUJ
2025-05-25,Maharashtra,19.7515,75.7139,5.6,30.1,23.9,1000.5,70.7,OBS_20250525_MAH
2025-05-25,Kerala,10.8505,76.2711,0.0,28.1,14.3,1005.3,58.7,OBS_20250525_KER
2025-05-25,Rajasthan,27.0238,74.2179,1.3,25.7,20.5,1002.0,73.7,OBS_20250525_RAJ
2025-05-25,Odisha,20.9517,85.0985,0.0,30.6,11.2,1007.2,67.0,OBS_20250525_ODI
2025-05-25,Assam,26.2006,92.9376,3.0,31.2,16.3,999.9,77.9,OBS_20250525_ASS
2025-05-25,Punjab,31.1471,75.3412,0.0,30.8,21.5,1003.8,70.5,OBS_20250525_PUN
2025-05-25,Tamil Nadu,11.1271,78.6569,0.0,32.3,9.7,1008.6,58.1,OBS_20250525_TAM
2025-05-25,Andhra Pradesh,15.9129,79.74,3.1,27.8,19.5,999.3,61.9,OBS_20250525_AND
2025-05-25,West Bengal,22.9868,87.855,0.0,25.9,24.9,1005.9,68.5,OBS_20250525_WES
2025-05-25,Madhya Pradesh,22.9734,78.6569,11.2,34.2,18.4,999.9,75.6,OBS_20250525_MAD
2025-05-25,Uttar Pradesh,26.8467,80.9462,12.7,29.2,16.3,1003.4,82.4,OBS_20250525_UTT
2025-05-25,Karnataka,15.3173,75.7139,24.7,31.6,24.6,1000.4,69.7,OBS_20250525_KAR
2025-05-25,Himachal Pradesh,31.1048,77.1734,0.0,31.3,25.2,1001.4,57.2,OBS_20250525_HIM
2025-05-25,Bihar,25.0961,85.3131,0.0,29.8,14.8,1003.3,64.1,OBS_20250525_BIH
2025-05-26,Gujarat,22.2587,71.1924,13.1,33.0,16.4,1001.1,72.7,OBS_20250526_GUJ
2025-05-26,Maharashtra,19.7515,75.7139,0.0,28.1,22.7,998.5,69.2,OBS_20250526_MAH
2025-05-26,Kerala,10.8505,76.2711,0.0,29.5,16.6,1002.8,65.8,OBS_20250526_KER
2025-05-26,Rajasthan,27.0238,74.2179,17.8,32.4,19.8,1005.7,63.0,OBS_20250526_RAJ
2025-05-26,Odisha,20.9517,85.0985,15.2,32.2,22.8,1005.0,66.9,OBS_20250526_ODI
2025-05-26,Assam,26.2006,92.9376,9.2,31.9,18.4,1003.9,76.0,OBS_20250526_ASS
2025-05-26,Punjab,31.1471,75.3412,11.4,28.7,24.1,1001.2,67.7,OBS_20250526_PUN
2025-05-26,Tamil Nadu,11.1271,78.6569,0.0,31.6,12.6,1007.8,61.2,OBS_20250526_TAM
2025-05-26,Andhra Pradesh,15.9129,79.74,9.1,30.2,17.0,1004.4,68.4,OBS_20250526_AND
2025-05-26,West Bengal,22.9868,87.855,2.9,28.3,23.6,1001.8,60.3,OBS_20250526_WES
2025-05-26,Madhya Pradesh,22.9734,78.6569,0.0,26.2,17.7,1006.0,58.7,OBS_20250526_MAD
2025-05-26,Uttar Pradesh,26.8467,80.9462,0.0,29.6,21.4,1002.2,59.5,OBS_20250526_UTT
2025-05-26,Karnataka,15.3173,75.7139,17.4,24.5,22.9,998.9,75.4,OBS_20250526_KAR
2025-05-26,Himachal Pradesh,31.1048,77.1734,0.1,32.1,20.7,1002.5,64.0,OBS_20250526_HIM
2025-05-26,Bihar,25.0961,85.3131,3.2,32.2,21.5,1002.7,70.0,OBS_20250526_BIH
2025-05-27,Gujarat,22.2587,71.1924,2.3,28.1,22.7,1005.2,66.1,OBS_20250527_GUJ
2025-05-27,Maharashtra,19.7515,75.7139,121.5,31.1,17.7,1004.3,56.9,OBS_20250527_MAH
2025-05-27,Kerala,10.8505,76.2711,31.5,35.3,14.4,998.8,59.8,OBS_20250527_KER
2025-05-27,Rajasthan,27.0238,74.2179,11.1,32.1,17.5,1001.0,56.6,OBS_20250527_RAJ
2025-05-27,Odisha,20.9517,85.0985,4.2,27.1,14.4,1006.5,68.7,OBS_20250527_ODI
2025-05-27,Assam,26.2006,92.9376,21.9,31.9,17.6,1003.7,65.7,OBS_20250527_ASS
2025-05-27,Punjab,31.1471,75.3412,8.8,30.0,26.1,1004.2,75.9,OBS_20250527_PUN
2025-05-27,Tamil Nadu,11.1271,78.6569,22.0,29.2,11.7,1004.5,69.9,OBS_20250527_TAM
2025-05-27,Andhra Pradesh,15.9129,79.74,6.6,32.5,21.3,1007.0,70.9,OBS_20250527_AND
2025-05-27,West Bengal,22.9868,87.855,13.6,31.5,16.6,1002.0,58.1,OBS_20250527_WES
2025-05-27,Madhya Pradesh,22.9734,78.6569,1.0,31.9,19.5,1002.8,65.9,OBS_20250527_MAD
2025-05-27,Uttar Pradesh,26.8467,80.9462,0.0,32.2,20.5,1000.2,68.9,OBS_20250527_UTT
2025-05-27,Karnataka,15.3173,75.7139,0.0,29.6,24.0,1003.1,56.6,OBS_20250527_KAR
2025-05-27,Himachal Pradesh,31.1048,77.1734,44.8,36.3,18.5,1002.7,51.6,OBS_20250527_HIM
2025-05-27,Bihar,25.0961,85.3131,0.0,30.6,20.5,1003.0,69.3,OBS_20250527_BIH
2025-05-28,Gujarat,22.2587,71.1924,131.2,34.5,23.6,1004.1,60.0,OBS_20250528_GUJ
2025-05-28,Maharashtra,19.7515,75.7139,6.7,30.2,21.7,998.4,60.0,OBS_20250528_MAH
2025-05-28,Kerala,10.8505,76.2711,0.0,28.1,19.8,1001.5,73.8,OBS_20250528_KER
2025-05-28,Rajasthan,27.0238,74.2179,0.0,32.8,22.7,1000.3,60.2,OBS_20250528_RAJ
2025-05-28,Odisha,20.9517,85.0985,15.0,26.3,17.8,1001.4,61.4,OBS_20250528_ODI
2025-05-28,Assam,26.2006,92.9376,0.0,29.2,18.1,1003.3,61.4,OBS_20250528_ASS
2025-05-28,Punjab,31.1471,75.3412,2.1,31.9,16.9,1002.5,61.8,OBS_20250528_PUN
2025-05-28,Tamil Nadu,11.1271,78.6569,0.0,32.3,8.9,1004.1,54.5,OBS_20250528_TAM
2025-05-28,Andhra Pradesh,15.9129,79.74,14.0,31.1,19.7,1002.2,52.9,OBS_20250528_AND
2025-05-28,West Bengal,22.9868,87.855,4.5,31.4,21.7,1001.6,67.9,OBS_20250528_WES
2025-05-28,Madhya Pradesh,22.9734,78.6569,4.5,32.0,19.7,1005.7,68.1,OBS_20250528_MAD
2025-05-28,Uttar Pradesh,26.8467,80.9462,0.0,30.1,25.1,999.6,66.0,OBS_20250528_UTT
2025-05-28,Karnataka,15.3173,75.7139,59.3,31.4,20.6,1003.8,48.0,OBS_20250528_KAR
2025-05-28,Himachal Pradesh,31.1048,77.1734,0.0,31.2,23.9,1002.4,55.0,OBS_20250528_HIM
2025-05-28,Bihar,25.0961,85.3131,0.0,32.2,25.9,1001.6,72.0,OBS_20250528_BIH
2025-05-29,Gujarat,22.2587,71.1924,0.5,28.0,21.3,999.8,62.9,OBS_20250529_GUJ
2025-05-29,Maharashtra,19.7515,75.7139,71.3,32.8,13.9,1004.0,74.0,OBS_20250529_MAH
2025-05-29,Kerala,10.8505,76.2711,0.0,29.9,22.3,1000.7,63.4,OBS_20250529_KER
2025-05-29,Rajasthan,27.0238,74.2179,0.0,31.0,16.0,1005.5,70.8,OBS_20250529_RAJ
2025-05-29,Odisha,20.9517,85.0985,0.0,27.7,21.8,1002.7,63.0,OBS_20250529_ODI
2025-05-29,Assam,26.2006,92.9376,1.6,30.6,21.2,1003.8,62.5,OBS_20250529_ASS
2025-05-29,Punjab,31.1471,75.3412,0.0,30.6,25.5,1002.9,57.5,OBS_20250529_PUN
2025-05-29,Tamil Nadu,11.1271,78.6569,0.0,37.4,13.0,1005.0,57.8,OBS_20250529_TAM
2025-05-29,Andhra Pradesh,15.9129,79.74,3.7,27.8,17.7,999.3,73.3,OBS_20250529_AND
2025-05-29,West Bengal,22.9868,87.855,61.9,34.6,20.4,1001.9,71.9,OBS_20250529_WES
2025-05-29,Madhya Pradesh,22.9734,78.6569,0.0,32.8,18.5,1002.9,69.1,OBS_20250529_MAD
2025-05-29,Uttar Pradesh,26.8467,80.9462,0.0,32.7,25.1,1003.1,69.7,OBS_20250529_UTT
2025-05-29,Karnataka,15.3173,75.7139,8.6,31.0,20.5,1003.2,65.0,OBS_20250529_KAR
2025-05-29,Himachal Pradesh,31.1048,77.1734,4.8,33.0,13.4,1006.5,71.0,OBS_20250529_HIM
2025-05-29,Bihar,25.0961,85.3131,3.0,31.1,14.7,1003.7,54.5,OBS_20250529_BIH
2025-05-30,Gujarat,22.2587,71.1924,6.0,29.2,8.8,999.8,64.2,OBS_20250530_GUJ
2025-05-30,Maharashtra,19.7515,75.7139,0.0,26.0,19.1,1001.7,63.0,OBS_20250530_MAH
2025-05-30,Kerala,10.8505,76.2711,20.8,30.5,17.8,1000.7,64.0,OBS_20250530_KER
2025-05-30,Rajasthan,27.0238,74.2179,5.2,33.4,15.4,1001.7,65.3,OBS_20250530_RAJ
2025-05-30,Odisha,20.9517,85.0985,3.2,32.8,17.6,1001.5,56.3,OBS_20250530_ODI
2025-05-30,Assam,26.2006,92.9376,4.2,24.1,16.5,1004.0,71.2,OBS_20250530_ASS
2025-05-30,Punjab,31.1471,75.3412,9.9,29.5,16.6,1005.1,54.7,OBS_20250530_PUN
2025-05-30,Tamil Nadu,11.1271,78.6569,0.0,30.6,14.4,1003.0,48.1,OBS_20250530_TAM
2025-05-30,Andhra Pradesh,15.9129,79.74,0.0,30.0,18.3,998.9,59.1,OBS_20250530_AND
2025-05-30,West Bengal,22.9868,87.855,11.4,30.7,19.9,1003.2,77.0,OBS_20250530_WES
2025-05-30,Madhya Pradesh,22.9734,78.6569,16.0,29.5,24.1,1002.6,62.2,OBS_20250530_MAD
2025-05-30,Uttar Pradesh,26.8467,80.9462,0.0,32.7,21.5,1006.7,71.0,OBS_20250530_UTT
2025-05-30,Karnataka,15.3173,75.7139,0.0,30.0,25.6,1004.5,52.1,OBS_20250530_KAR
2025-05-30,Himachal Pradesh,31.1048,77.1734,0.0,32.5,22.4,1004.7,74.2,OBS_20250530_HIM
2025-05-30,Bihar,25.0961,85.3131,112.1,28.2,23.0,1000.9,48.7,OBS_20250530_BIH
2025-05-31,Gujarat,22.2587,71.1924,3.5,33.9,12.0,1001.6,67.5,OBS_20250531_GUJ
2025-05-31,Maharashtra,19.7515,75.7139,8.5,30.8,15.0,999.6,71.9,OBS_20250531_MAH
2025-05-31,Kerala,10.8505,76.2711,0.0,30.3,14.2,1001.9,74.0,OBS_20250531_KER
2025-05-31,Rajasthan,27.0238,74.2179,0.0,34.7,16.9,1000.4,61.6,OBS_20250531_RAJ
2025-05-31,Odisha,20.9517,85.0985,15.6,32.8,15.7,1005.2,84.0,OBS_20250531_ODI
2025-05-31,Assam,26.2006,92.9376,50.5,29.5,22.2,1000.7,74.5,OBS_20250531_ASS
2025-05-31,Punjab,31.1471,75.3412,4.9,26.8,19.9,999.1,70.3,OBS_20250531_PUN
2025-05-31,Tamil Nadu,11.1271,78.6569,0.0,29.9,13.7,1005.7,46.8,OBS_20250531_TAM
2025-05-31,Andhra Pradesh,15.9129,79.74,0.0,33.4,15.5,1001.1,63.9,OBS_20250531_AND
2025-05-31,West Bengal,22.9868,87.855,7.9,25.3,10.5,1005.6,74.5,OBS_20250531_WES
2025-05-31,Madhya Pradesh,22.9734,78.6569,18.8,30.1,17.5,1005.0,69.5,OBS_20250531_MAD
2025-05-31,Uttar Pradesh,26.8467,80.9462,0.0,32.8,14.3,1002.1,69.7,OBS_20250531_UTT
2025-05-31,Karnataka,15.3173,75.7139,11.1,31.5,22.1,1001.0,57.4,OBS_20250531_KAR
2025-05-31,Himachal Pradesh,31.1048,77.1734,26.2,30.1,25.4,1004.0,82.1,OBS_20250531_HIM
2025-05-31,Bihar,25.0961,85.3131,0.0,31.8,15.2,1003.4,67.3,OBS_20250531_BIH
2025-06-01,Gujarat,22.2587,71.1924,10.7,29.1,19.6,999.4,68.5,OBS_20250601_GUJ
2025-06-01,Maharashtra,19.7515,75.7139,2.5,30.6,19.6,1004.8,57.8,OBS_20250601_MAH
2025-06-01,Kerala,10.8505,76.2711,5.3,32.9,27.7,1006.8,69.5,OBS_20250601_KER
2025-06-01,Rajasthan,27.0238,74.2179,15.8,29.3,20.3,1001.4,65.3,OBS_20250601_RAJ
2025-06-01,Odisha,20.9517,85.0985,35.6,30.2,14.6,1007.1,70.3,OBS_20250601_ODI
2025-06-01,Assam,26.2006,92.9376,0.0,27.5,16.2,1001.1,55.2,OBS_20250601_ASS
2025-06-01,Punjab,31.1471,75.3412,0.0,27.1,20.6,1004.5,70.1,OBS_20250601_PUN
2025-06-01,Tamil Nadu,11.1271,78.6569,0.0,29.6,11.8,1002.2,53.7,OBS_20250601_TAM
2025-06-01,Andhra Pradesh,15.9129,79.74,0.0,31.9,19.6,999.5,58.4,OBS_20250601_AND
2025-06-01,West Bengal,22.9868,87.855,0.0,30.7,16.2,1005.9,67.5,OBS_20250601_WES
2025-06-01,Madhya Pradesh,22.9734,78.6569,14.9,29.6,15.9,1002.8,69.1,OBS_20250601_MAD
2025-06-01,Uttar Pradesh,26.8467,80.9462,0.0,31.8,26.3,1000.8,65.7,OBS_20250601_UTT
2025-06-01,Karnataka,15.3173,75.7139,9.0,26.9,17.0,1005.4,62.4,OBS_20250601_KAR
2025-06-01,Himachal Pradesh,31.1048,77.1734,41.0,30.2,20.5,1003.2,57.4,OBS_20250601_HIM
2025-06-01,Bihar,25.0961,85.3131,0.0,34.2,18.8,1004.9,63.6,OBS_20250601_BIH
2025-06-02,Gujarat,22.2587,71.1924,9.0,36.3,16.6,1001.5,70.1,OBS_20250602_GUJ
2025-06-02,Maharashtra,19.7515,75.7139,0.0,30.1,20.5,1003.1,72.6,OBS_20250602_MAH
2025-06-02,Kerala,10.8505,76.2711,0.0,30.3,19.9,999.3,67.7,OBS_20250602_KER
2025-06-02,Rajasthan,27.0238,74.2179,0.0,28.9,21.0,1002.5,73.7,OBS_20250602_RAJ
2025-06-02,Odisha,20.9517,85.0985,9.9,29.7,24.1,1004.1,59.3,OBS_20250602_ODI
2025-06-02,Assam,26.2006,92.9376,144.9,29.1,17.0,1000.3,63.1,OBS_20250602_ASS
2025-06-02,Punjab,31.1471,75.3412,0.0,30.0,21.4,1000.4,68.4,OBS_20250602_PUN
2025-06-02,Tamil Nadu,11.1271,78.6569,9.0,28.9,12.0,1007.6,61.9,OBS_20250602_TAM
2025-06-02,Andhra Pradesh,15.9129,79.74,2.8,32.4,15.5,1005.9,64.4,OBS_20250602_AND
2025-06-02,West Bengal,22.9868,87.855,17.2,33.2,17.5,999.9,62.5,OBS_20250602_WES
2025-06-02,Madhya Pradesh,22.9734,78.6569,24.9,31.2,28.4,999.6,64.1,OBS_20250602_MAD
2025-06-02,Uttar Pradesh,26.8467,80.9462,6.0,26.1,21.1,1000.0,62.4,OBS_20250602_UTT
2025-06-02,Karnataka,15.3173,75.7139,13.9,32.5,13.7,998.5,70.2,OBS_20250602_KAR
2025-06-02,Himachal Pradesh,31.1048,77.1734,8.8,31.3,16.3,1002.1,69.4,OBS_20250602_HIM
2025-06-02,Bihar,25.0961,85.3131,0.0,34.0,22.5,1002.9,64.6,OBS_20250602_BIH
2025-06-03,Gujarat,22.2587,71.1924,130.8,30.3,18.7,1002.1,69.8,OBS_20250603_GUJ
2025-06-03,Maharashtra,19.7515,75.7139,13.8,31.7,17.3,1002.1,73.3,OBS_20250603_MAH
2025-06-03,Kerala,10.8505,76.2711,20.0,31.5,15.4,1003.7,62.3,OBS_20250603_KER
2025-06-03,Rajasthan,27.0238,74.2179,6.1,30.5,14.0,1001.9,59.7,OBS_20250603_RAJ
2025-06-03,Odisha,20.9517,85.0985,0.0,30.7,10.5,1001.4,79.1,OBS_20250603_ODI
2025-06-03,Assam,26.2006,92.9376,10.8,31.5,14.8,1004.4,67.0,OBS_20250603_ASS
2025-06-03,Punjab,31.1471,75.3412,10.7,25.9,16.7,1001.8,61.5,OBS_20250603_PUN
2025-06-03,Tamil Nadu,11.1271,78.6569,0.0,34.0,10.2,1005.9,47.9,OBS_20250603_TAM
2025-06-03,Andhra Pradesh,15.9129,79.74,18.9,30.4,21.1,1003.5,51.3,OBS_20250603_AND
2025-06-03,West Bengal,22.9868,87.855,2.3,31.7,24.3,1002.9,77.1,OBS_20250603_WES
2025-06-03,Madhya Pradesh,22.9734,78.6569,2.0,31.7,23.5,1003.4,68.1,OBS_20250603_MAD
2025-06-03,Uttar Pradesh,26.8467,80.9462,0.9,31.7,12.8,1006.0,66.9,OBS_20250603_UTT
2025-06-03,Karnataka,15.3173,75.7139,0.0,31.0,18.1,1002.0,66.6,OBS_20250603_KAR
2025-06-03,Himachal Pradesh,31.1048,77.1734,12.5,26.5,16.6,1001.8,62.6,OBS_20250603_HIM
2025-06-03,Bihar,25.0961,85.3131,0.0,33.8,16.0,1004.7,70.2,OBS_20250603_BIH
2025-06-04,Gujarat,22.2587,71.1924,0.0,32.6,17.7,1002.1,66.7,OBS_20250604_GUJ
2025-06-04,Maharashtra,19.7515,75.7139,3.6,28.2,26.7,1003.8,54.4,OBS_20250604_MAH
2025-06-04,Kerala,10.8505,76.2711,4.3,30.6,17.1,1004.4,64.5,OBS_20250604_KER
2025-06-04,Rajasthan,27.0238,74.2179,7.4,27.0,18.2,999.5,55.6,OBS_20250604_RAJ
2025-06-04,Odisha,20.9517,85.0985,11.7,32.8,12.4,1003.3,69.1,OBS_20250604_ODI
2025-06-04,Assam,26.2006,92.9376,62.2,31.6,19.7,998.3,72.7,OBS_20250604_ASS
2025-06-04,Punjab,31.1471,75.3412,23.8,30.1,17.4,1003.5,66.1,OBS_20250604_PUN
2025-06-04,Tamil Nadu,11.1271,78.6569,0.0,27.8,15.4,1001.9,71.9,OBS_20250604_TAM
2025-06-04,Andhra Pradesh,15.9129,79.74,0.0,31.6,21.5,1005.9,57.5,OBS_20250604_AND
2025-06-04,West Bengal,22.9868,87.855,13.4,26.1,22.9,1004.5,68.5,OBS_20250604_WES
2025-06-04,Madhya Pradesh,22.9734,78.6569,3.8,27.5,18.4,1004.2,62.6,OBS_20250604_MAD
2025-06-04,Uttar Pradesh,26.8467,80.9462,0.0,32.2,13.3,1001.7,69.8,OBS_20250604_UTT
2025-06-04,Karnataka,15.3173,75.7139,0.0,29.4,15.8,1005.6,75.8,OBS_20250604_KAR
2025-06-04,Himachal Pradesh,31.1048,77.1734,0.0,33.1,21.4,1000.6,63.5,OBS_20250604_HIM
2025-06-04,Bihar,25.0961,85.3131,0.0,30.8,14.4,1004.7,61.1,OBS_20250604_BIH
2025-06-05,Gujarat,22.2587,71.1924,27.8,30.6,16.0,1003.7,65.0,OBS_20250605_GUJ
2025-06-05,Maharashtra,19.7515,75.7139,35.4,34.4,19.2,1006.2,62.9,OBS_20250605_MAH
2025-06-05,Kerala,10.8505,76.2711,3.7,30.9,14.6,1006.4,72.0,OBS_20250605_KER
2025-06-05,Rajasthan,27.0238,74.2179,0.0,31.5,17.6,1004.9,64.6,OBS_20250605_RAJ
2025-06-05,Odisha,20.9517,85.0985,0.0,29.0,13.4,1000.4,57.1,OBS_20250605_ODI
2025-06-05,Assam,26.2006,92.9376,6.0,33.5,16.4,1000.7,59.7,OBS_20250605_ASS
2025-06-05,Punjab,31.1471,75.3412,0.0,29.1,15.6,1008.2,71.3,OBS_20250605_PUN
2025-06-05,Tamil Nadu,11.1271,78.6569,0.0,33.6,13.8,1004.4,59.4,OBS_20250605_TAM
2025-06-05,Andhra Pradesh,15.9129,79.74,0.0,32.2,18.5,1002.7,72.9,OBS_20250605_AND
2025-06-05,West Bengal,22.9868,87.855,1.2,25.4,11.5,1001.7,85.3,OBS_20250605_WES
2025-06-05,Madhya Pradesh,22.9734,78.6569,22.2,32.9,19.7,1002.5,63.6,OBS_20250605_MAD
2025-06-05,Uttar Pradesh,26.8467,80.9462,21.3,33.8,22.3,1002.6,59.3,OBS_20250605_UTT
2025-06-05,Karnataka,15.3173,75.7139,11.1,30.1,15.9,1002.2,66.6,OBS_20250605_KAR
2025-06-05,Himachal Pradesh,31.1048,77.1734,9.4,30.9,22.5,1005.2,74.9,OBS_20250605_HIM
2025-06-05,Bihar,25.0961,85.3131,7.1,31.0,11.7,1003.8,61.3,OBS_20250605_BIH
2025-06-06,Gujarat,22.2587,71.1924,10.0,29.4,13.9,1003.8,60.1,OBS_20250606_GUJ
2025-06-06,Maharashtra,19.7515,75.7139,29.1,34.4,20.9,1003.2,60.8,OBS_20250606_MAH
2025-06-06,Kerala,10.8505,76.2711,2.6,36.1,16.1,1004.9,69.7,OBS_20250606_KER
2025-06-06,Rajasthan,27.0238,74.2179,24.8,31.9,15.5,1006.7,71.9,OBS_20250606_RAJ
2025-06-06,Odisha,20.9517,85.0985,84.7,29.9,21.6,1006.0,58.2,OBS_20250606_ODI
2025-06-06,Assam,26.2006,92.9376,7.5,29.8,19.6,1001.3,66.0,OBS_20250606_ASS
2025-06-06,Punjab,31.1471,75.3412,0.0,30.5,16.2,1000.4,61.9,OBS_20250606_PUN
2025-06-06,Tamil Nadu,11.1271,78.6569,0.2,33.9,11.9,1004.7,62.9,OBS_20250606_TAM
2025-06-06,Andhra Pradesh,15.9129,79.74,8.7,29.6,15.8,1004.5,82.8,OBS_20250606_AND
2025-06-06,West Bengal,22.9868,87.855,0.0,30.3,26.7,1004.8,75.3,OBS_20250606_WES
2025-06-06,Madhya Pradesh,22.9734,78.6569,0.0,30.1,12.4,1001.8,53.9,OBS_20250606_MAD
2025-06-06,Uttar Pradesh,26.8467,80.9462,2.3,31.4,21.9,999.7,58.8,OBS_20250606_UTT
2025-06-06,Karnataka,15.3173,75.7139,2.4,30.7,20.2,1005.4,63.3,OBS_20250606_KAR
2025-06-06,Himachal Pradesh,31.1048,77.1734,30.6,34.2,19.8,1006.4,62.5,OBS_20250606_HIM
2025-06-06,Bihar,25.0961,85.3131,38.7,31.3,15.1,1004.9,54.9,OBS_20250606_BIH
2025-06-07,Gujarat,22.2587,71.1924,0.0,32.7,13.9,1001.1,56.4,OBS_20250607_GUJ
2025-06-07,Maharashtra,19.7515,75.7139,5.0,29.8,13.0,1002.1,55.5,OBS_20250607_MAH
2025-06-07,Kerala,10.8505,76.2711,0.9,32.4,17.9,1002.5,58.6,OBS_20250607_KER
2025-06-07,Rajasthan,27.0238,74.2179,5.4,32.8,20.9,1002.9,67.0,OBS_20250607_RAJ
2025-06-07,Odisha,20.9517,85.0985,4.2,33.6,23.3,1002.6,68.8,OBS_20250607_ODI
2025-06-07,Assam,26.2006,92.9376,0.0,28.0,19.9,1001.4,85.5,OBS_20250607_ASS
2025-06-07,Punjab,31.1471,75.3412,7.1,29.2,18.3,1005.0,73.9,OBS_20250607_PUN
2025-06-07,Tamil Nadu,11.1271,78.6569,1.2,33.6,18.3,1003.9,53.2,OBS_20250607_TAM
2025-06-07,Andhra Pradesh,15.9129,79.74,6.3,31.6,11.5,1002.9,63.5,OBS_20250607_AND
2025-06-07,West Bengal,22.9868,87.855,53.2,32.3,17.3,1005.6,66.0,OBS_20250607_WES
2025-06-07,Madhya Pradesh,22.9734,78.6569,22.7,30.2,18.9,1001.9,63.3,OBS_20250607_MAD
2025-06-07,Uttar Pradesh,26.8467,80.9462,0.0,32.1,19.0,1002.1,63.7,OBS_20250607_UTT
2025-06-07,Karnataka,15.3173,75.7139,14.9,33.5,17.8,1000.7,58.3,OBS_20250607_KAR
2025-06-07,Himachal Pradesh,31.1048,77.1734,0.0,27.6,21.6,1000.7,53.3,OBS_20250607_HIM
2025-06-07,Bihar,25.0961,85.3131,0.0,29.2,24.2,1004.5,61.6,OBS_20250607_BIH
2025-06-08,Gujarat,22.2587,71.1924,0.6,26.8,21.5,1004.6,67.6,OBS_20250608_GUJ
2025-06-08,Maharashtra,19.7515,75.7139,0.0,32.6,23.7,1005.2,60.1,OBS_20250608_MAH
2025-06-08,Kerala,10.8505,76.2711,14.5,33.5,21.4,1001.1,77.1,OBS_20250608_KER
2025-06-08,Rajasthan,27.0238,74.2179,0.0,32.8,18.1,1002.9,64.1,OBS_20250608_RAJ
2025-06-08,Odisha,20.9517,85.0985,0.5,32.5,18.7,1001.2,59.3,OBS_20250608_ODI
2025-06-08,Assam,26.2006,92.9376,54.0,26.7,16.8,1003.1,71.7,OBS_20250608_ASS
2025-06-08,Punjab,31.1471,75.3412,0.0,25.5,20.3,999.0,67.2,OBS_20250608_PUN
2025-06-08,Tamil Nadu,11.1271,78.6569,0.0,31.5,14.6,1005.8,42.0,OBS_20250608_TAM
2025-06-08,Andhra Pradesh,15.9129,79.74,3.3,36.5,19.0,1004.8,64.8,OBS_20250608_AND
2025-06-08,West Bengal,22.9868,87.855,16.1,33.4,25.4,1004.3,73.7,OBS_20250608_WES
2025-06-08,Madhya Pradesh,22.9734,78.6569,0.0,33.2,16.9,1004.3,67.0,OBS_20250608_MAD
2025-06-08,Uttar Pradesh,26.8467,80.9462,3.3,29.2,26.8,1002.3,63.2,OBS_20250608_UTT
2025-06-08,Karnataka,15.3173,75.7139,0.0,30.9,14.0,1002.7,71.0,OBS_20250608_KAR
2025-06-08,Himachal Pradesh,31.1048,77.1734,0.0,30.4,22.3,1001.1,80.9,OBS_20250608_HIM
2025-06-08,Bihar,25.0961,85.3131,0.0,29.9,15.7,1000.6,64.8,OBS_20250608_BIH
2025-06-09,Gujarat,22.2587,71.1924,7.3,32.7,19.7,1003.6,65.7,OBS_20250609_GUJ
2025-06-09,Maharashtra,19.7515,75.7139,0.0,31.4,18.8,999.6,69.8,OBS_20250609_MAH
2025-06-09,Kerala,10.8505,76.2711,0.0,30.4,13.1,1005.4,70.8,OBS_20250609_KER
2025-06-09,Rajasthan,27.0238,74.2179,0.0,30.9,17.8,1001.5,79.3,OBS_20250609_RAJ
2025-06-09,Odisha,20.9517,85.0985,0.0,29.8,18.6,1004.1,57.2,OBS_20250609_ODI
2025-06-09,Assam,26.2006,92.9376,0.0,30.1,18.3,1002.7,55.6,OBS_20250609_ASS
2025-06-09,Punjab,31.1471,75.3412,0.0,31.9,16.6,1004.6,64.5,OBS_20250609_PUN
2025-06-09,Tamil Nadu,11.1271,78.6569,0.0,32.9,8.9,1006.0,47.7,OBS_20250609_TAM
2025-06-09,Andhra Pradesh,15.9129,79.74,0.0,29.6,11.4,1001.6,71.1,OBS_20250609_AND
2025-06-09,West Bengal,22.9868,87.855,0.9,33.1,13.7,1002.4,71.8,OBS_20250609_WES
2025-06-09,Madhya Pradesh,22.9734,78.6569,0.0,27.6,16.2,1002.8,67.6,OBS_20250609_MAD
2025-06-09,Uttar Pradesh,26.8467,80.9462,6.9,31.5,15.5,1003.9,66.7,OBS_20250609_UTT
2025-06-09,Karnataka,15.3173,75.7139,0.0,30.3,22.8,999.0,58.2,OBS_20250609_KAR
2025-06-09,Himachal Pradesh,31.1048,77.1734,0.0,29.1,19.2,1000.0,76.0,OBS_20250609_HIM
2025-06-09,Bihar,25.0961,85.3131,0.0,36.0,12.6,1001.8,67.9,OBS_20250609_BIH
2025-06-10,Gujarat,22.2587,71.1924,28.0,29.1,13.7,1004.4,71.9,OBS_20250610_GUJ
2025-06-10,Maharashtra,19.7515,75.7139,0.0,31.0,24.2,1001.8,60.4,OBS_20250610_MAH
2025-06-10,Kerala,10.8505,76.2711,14.0,33.5,22.9,1000.3,73.4,OBS_20250610_KER
2025-06-10,Rajasthan,27.0238,74.2179,0.0,32.1,23.7,1002.5,69.3,OBS_20250610_RAJ
2025-06-10,Odisha,20.9517,85.0985,0.0,31.1,17.4,1004.9,64.6,OBS_20250610_ODI
2025-06-10,Assam,26.2006,92.9376,3.3,35.0,17.5,1002.3,69.5,OBS_20250610_ASS
2025-06-10,Punjab,31.1471,75.3412,3.4,29.4,22.7,999.6,66.9,OBS_20250610_PUN
2025-06-10,Tamil Nadu,11.1271,78.6569,0.0,30.6,13.6,1006.9,56.1,OBS_20250610_TAM
2025-06-10,Andhra Pradesh,15.9129,79.74,4.6,32.0,18.2,1002.1,60.5,OBS_20250610_AND
2025-06-10,West Bengal,22.9868,87.855,0.0,30.3,13.1,1003.7,67.8,OBS_20250610_WES
2025-06-10,Madhya Pradesh,22.9734,78.6569,45.6,32.0,22.0,1003.5,68.7,OBS_20250610_MAD
2025-06-10,Uttar Pradesh,26.8467,80.9462,0.1,31.0,20.0,1004.7,54.3,OBS_20250610_UTT
2025-06-10,Karnataka,15.3173,75.7139,13.1,35.1,20.7,1005.0,77.0,OBS_20250610_KAR
2025-06-10,Himachal Pradesh,31.1048,77.1734,1.1,34.1,18.4,1002.9,61.7,OBS_20250610_HIM
2025-06-10,Bihar,25.0961,85.3131,0.0,32.3,18.1,1001.9,62.4,OBS_20250610_BIH
2025-06-11,Gujarat,22.2587,71.1924,28.6,31.2,38.6,998.7,89.4,OBS_20250611_GUJ
2025-06-11,Maharashtra,19.7515,75.7139,102.7,29.0,30.0,997.6,79.2,OBS_20250611_MAH
2025-06-11,Kerala,10.8505,76.2711,36.3,29.7,27.3,990.6,80.4,OBS_20250611_KER
2025-06-11,Rajasthan,27.0238,74.2179,22.7,26.3,33.0,997.3,75.1,OBS_20250611_RAJ
2025-06-11,Odisha,20.9517,85.0985,5.1,28.7,30.8,997.0,82.4,OBS_20250611_ODI
2025-06-11,Assam,26.2006,92.9376,93.1,32.0,22.4,997.2,96.3,OBS_20250611_ASS
2025-06-11,Punjab,31.1471,75.3412,3.4,34.7,34.9,997.7,84.9,OBS_20250611_PUN
2025-06-11,Tamil Nadu,11.1271,78.6569,0.0,26.8,25.6,1005.5,62.3,OBS_20250611_TAM
2025-06-11,Andhra Pradesh,15.9129,79.74,0.0,27.9,30.0,994.8,79.4,OBS_20250611_AND
2025-06-11,West Bengal,22.9868,87.855,0.0,27.7,29.2,994.3,91.1,OBS_20250611_WES
2025-06-11,Madhya Pradesh,22.9734,78.6569,13.5,25.7,36.3,992.0,81.3,OBS_20250611_MAD
2025-06-11,Uttar Pradesh,26.8467,80.9462,14.4,27.1,42.1,994.5,87.7,OBS_20250611_UTT
2025-06-11,Karnataka,15.3173,75.7139,47.0,29.7,29.0,998.2,93.0,OBS_20250611_KAR
2025-06-11,Himachal Pradesh,31.1048,77.1734,0.0,29.8,30.5,997.8,86.8,OBS_20250611_HIM
2025-06-11,Bihar,25.0961,85.3131,83.0,26.6,36.0,998.5,94.9,OBS_20250611_BIH
2025-06-12,Gujarat,22.2587,71.1924,0.5,28.9,31.2,1001.4,79.2,OBS_20250612_GUJ
2025-06-12,Maharashtra,19.7515,75.7139,0.0,27.6,32.1,995.5,87.5,OBS_20250612_MAH
2025-06-12,Kerala,10.8505,76.2711,49.4,27.9,26.1,998.1,94.9,OBS_20250612_KER
2025-06-12,Rajasthan,27.0238,74.2179,0.0,27.0,31.4,997.3,89.2,OBS_20250612_RAJ
2025-06-12,Odisha,20.9517,85.0985,140.1,29.0,32.7,993.4,96.7,OBS_20250612_ODI
2025-06-12,Assam,26.2006,92.9376,2.5,24.8,23.2,994.3,86.5,OBS_20250612_ASS
2025-06-12,Punjab,31.1471,75.3412,0.0,30.6,32.2,990.3,91.7,OBS_20250612_PUN
2025-06-12,Tamil Nadu,11.1271,78.6569,11.9,27.9,16.9,1003.2,58.9,OBS_20250612_TAM
2025-06-12,Andhra Pradesh,15.9129,79.74,7.7,25.6,34.1,998.5,88.6,OBS_20250612_AND
2025-06-12,West Bengal,22.9868,87.855,2.4,30.8,32.0,994.4,74.8,OBS_20250612_WES
2025-06-12,Madhya Pradesh,22.9734,78.6569,32.7,30.8,38.5,995.3,77.7,OBS_20250612_MAD
2025-06-12,Uttar Pradesh,26.8467,80.9462,32.9,28.9,36.9,998.1,84.7,OBS_20250612_UTT
2025-06-12,Karnataka,15.3173,75.7139,41.6,26.2,29.3,995.0,86.7,OBS_20250612_KAR
2025-06-12,Himachal Pradesh,31.1048,77.1734,86.5,27.2,40.4,995.0,82.6,OBS_20250612_HIM
2025-06-12,Bihar,25.0961,85.3131,9.3,30.6,31.3,989.7,88.0,OBS_20250612_BIH
2025-06-13,Gujarat,22.2587,71.1924,0.0,24.1,31.1,1000.4,97.0,OBS_20250613_GUJ
2025-06-13,Maharashtra,19.7515,75.7139,0.0,26.7,28.5,993.9,87.1,OBS_20250613_MAH
2025-06-13,Kerala,10.8505,76.2711,121.7,27.9,41.0,997.1,94.5,OBS_20250613_KER
2025-06-13,Rajasthan,27.0238,74.2179,6.8,32.1,32.2,990.0,84.4,OBS_20250613_RAJ
2025-06-13,Odisha,20.9517,85.0985,0.0,28.2,37.9,994.5,84.7,OBS_20250613_ODI
2025-06-13,Assam,26.2006,92.9376,0.0,26.4,32.5,997.3,83.8,OBS_20250613_ASS
2025-06-13,Punjab,31.1471,75.3412,20.9,28.0,31.2,993.6,94.2,OBS_20250613_PUN
2025-06-13,Tamil Nadu,11.1271,78.6569,15.0,31.9,7.2,1003.2,70.3,OBS_20250613_TAM
2025-06-13,Andhra Pradesh,15.9129,79.74,95.3,27.4,28.9,999.7,82.8,OBS_20250613_AND
2025-06-13,West Bengal,22.9868,87.855,1.1,30.9,35.6,992.8,81.2,OBS_20250613_WES
2025-06-13,Madhya Pradesh,22.9734,78.6569,0.0,26.7,29.2,999.1,88.9,OBS_20250613_MAD
2025-06-13,Uttar Pradesh,26.8467,80.9462,168.0,29.5,28.9,996.5,85.4,OBS_20250613_UTT
2025-06-13,Karnataka,15.3173,75.7139,0.2,29.4,32.8,997.1,85.5,OBS_20250613_KAR
2025-06-13,Himachal Pradesh,31.1048,77.1734,0.0,26.2,27.8,992.8,75.5,OBS_20250613_HIM
2025-06-13,Bihar,25.0961,85.3131,17.2,28.1,36.1,994.9,86.8,OBS_20250613_BIH
2025-06-14,Gujarat,22.2587,71.1924,27.6,28.0,26.0,993.8,95.3,OBS_20250614_GUJ
2025-06-14,Maharashtra,19.7515,75.7139,12.9,34.6,34.4,994.2,78.5,OBS_20250614_MAH
2025-06-14,Kerala,10.8505,76.2711,104.5,25.1,30.8,992.2,84.0,OBS_20250614_KER
2025-06-14,Rajasthan,27.0238,74.2179,116.9,28.3,23.5,995.8,83.0,OBS_20250614_RAJ
2025-06-14,Odisha,20.9517,85.0985,25.9,26.4,27.8,994.7,85.3,OBS_20250614_ODI
2025-06-14,Assam,26.2006,92.9376,0.0,31.6,32.4,995.3,88.9,OBS_20250614_ASS
2025-06-14,Punjab,31.1471,75.3412,0.0,32.2,34.0,996.1,90.1,OBS_20250614_PUN
2025-06-14,Tamil Nadu,11.1271,78.6569,0.0,30.6,15.1,1004.4,61.6,OBS_20250614_TAM
2025-06-14,Andhra Pradesh,15.9129,79.74,0.0,24.2,29.0,996.6,81.0,OBS_20250614_AND
2025-06-14,West Bengal,22.9868,87.855,66.8,31.8,34.8,999.5,98.5,OBS_20250614_WES
2025-06-14,Madhya Pradesh,22.9734,78.6569,71.2,23.6,36.5,992.6,72.1,OBS_20250614_MAD
2025-06-14,Uttar Pradesh,26.8467,80.9462,107.5,27.9,27.6,995.2,82.2,OBS_20250614_UTT
2025-06-14,Karnataka,15.3173,75.7139,69.2,25.4,30.2,995.7,74.9,OBS_20250614_KAR
2025-06-14,Himachal Pradesh,31.1048,77.1734,7.1,30.4,29.5,994.3,78.5,OBS_20250614_HIM
2025-06-14,Bihar,25.0961,85.3131,15.3,27.7,33.1,992.1,88.7,OBS_20250614_BIH
2025-06-15,Gujarat,22.2587,71.1924,88.1,29.4,32.4,995.9,90.8,OBS_20250615_GUJ
2025-06-15,Maharashtra,19.7515,75.7139,31.0,27.5,24.4,991.3,83.7,OBS_20250615_MAH
2025-06-15,Kerala,10.8505,76.2711,54.4,27.0,26.4,998.0,86.0,OBS_20250615_KER
2025-06-15,Rajasthan,27.0238,74.2179,150.8,34.2,36.7,991.6,93.5,OBS_20250615_RAJ
2025-06-15,Odisha,20.9517,85.0985,109.4,27.4,29.7,998.6,86.2,OBS_20250615_ODI
2025-06-15,Assam,26.2006,92.9376,16.1,28.3,32.5,998.7,86.4,OBS_20250615_ASS
2025-06-15,Punjab,31.1471,75.3412,30.7,29.3,29.4,994.3,87.7,OBS_20250615_PUN
2025-06-15,Tamil Nadu,11.1271,78.6569,107.9,33.9,11.8,1003.7,63.6,OBS_20250615_TAM
2025-06-15,Andhra Pradesh,15.9129,79.74,0.0,26.4,41.6,998.4,88.8,OBS_20250615_AND
2025-06-15,West Bengal,22.9868,87.855,164.0,25.6,33.6,996.1,97.3,OBS_20250615_WES
2025-06-15,Madhya Pradesh,22.9734,78.6569,18.7,27.3,38.8,995.8,81.6,OBS_20250615_MAD
2025-06-15,Uttar Pradesh,26.8467,80.9462,10.3,32.0,32.8,996.3,91.7,OBS_20250615_UTT
2025-06-15,Karnataka,15.3173,75.7139,2.0,24.7,34.0,996.4,87.2,OBS_20250615_KAR
2025-06-15,Himachal Pradesh,31.1048,77.1734,114.0,30.1,36.7,994.2,100.0,OBS_20250615_HIM
2025-06-15,Bihar,25.0961,85.3131,32.1,26.3,29.6,996.7,79.3,OBS_20250615_BIH
2025-06-16,Gujarat,22.2587,71.1924,14.4,22.7,34.7,991.9,92.7,OBS_20250616_GUJ
2025-06-16,Maharashtra,19.7515,75.7139,3.0,28.1,26.9,994.7,84.2,OBS_20250616_MAH
2025-06-16,Kerala,10.8505,76.2711,70.4,24.5,32.4,1001.0,93.6,OBS_20250616_KER
2025-06-16,Rajasthan,27.0238,74.2179,0.0,26.3,31.8,995.0,81.6,OBS_20250616_RAJ
2025-06-16,Odisha,20.9517,85.0985,3.1,33.3,34.0,997.7,95.2,OBS_20250616_ODI
2025-06-16,Assam,26.2006,92.9376,19.5,24.0,37.3,997.4,84.4,OBS_20250616_ASS
2025-06-16,Punjab,31.1471,75.3412,3.3,27.9,25.1,992.7,90.6,OBS_20250616_PUN
2025-06-16,Tamil Nadu,11.1271,78.6569,2.9,34.8,21.3,1000.3,52.0,OBS_20250616_TAM
2025-06-16,Andhra Pradesh,15.9129,79.74,2.6,31.6,24.9,996.2,85.3,OBS_20250616_AND
2025-06-16,West Bengal,22.9868,87.855,11.2,28.0,29.8,994.3,90.8,OBS_20250616_WES
2025-06-16,Madhya Pradesh,22.9734,78.6569,9.2,27.8,36.5,996.6,86.6,OBS_20250616_MAD
2025-06-16,Uttar Pradesh,26.8467,80.9462,0.0,29.3,33.8,995.2,85.5,OBS_20250616_UTT
2025-06-16,Karnataka,15.3173,75.7139,16.2,27.6,37.0,991.1,89.6,OBS_20250616_KAR
2025-06-16,Himachal Pradesh,31.1048,77.1734,0.0,26.4,26.0,995.5,82.1,OBS_20250616_HIM
2025-06-16,Bihar,25.0961,85.3131,0.0,25.3,31.3,996.6,83.7,OBS_20250616_BIH
2025-06-17,Gujarat,22.2587,71.1924,0.1,26.4,40.4,996.3,73.5,OBS_20250617_GUJ
2025-06-17,Maharashtra,19.7515,75.7139,22.5,29.1,32.2,993.0,89.0,OBS_20250617_MAH
2025-06-17,Kerala,10.8505,76.2711,78.0,25.9,35.9,995.5,82.7,OBS_20250617_KER
2025-06-17,Rajasthan,27.0238,74.2179,11.7,30.4,38.4,997.6,83.9,OBS_20250617_RAJ
2025-06-17,Odisha,20.9517,85.0985,12.4,30.4,30.2,995.5,86.5,OBS_20250617_ODI
2025-06-17,Assam,26.2006,92.9376,26.1,30.1,32.0,998.4,86.6,OBS_20250617_ASS
2025-06-17,Punjab,31.1471,75.3412,0.0,27.6,32.7,997.6,79.3,OBS_20250617_PUN
2025-06-17,Tamil Nadu,11.1271,78.6569,3.9,32.3,21.0,1004.2,77.5,OBS_20250617_TAM
2025-06-17,Andhra Pradesh,15.9129,79.74,0.0,25.0,33.4,995.2,76.8,OBS_20250617_AND
2025-06-17,West Bengal,22.9868,87.855,9.1,31.0,28.7,996.1,89.3,OBS_20250617_WES
2025-06-17,Madhya Pradesh,22.9734,78.6569,121.7,31.8,32.4,995.5,81.9,OBS_20250617_MAD
2025-06-17,Uttar Pradesh,26.8467,80.9462,10.1,33.8,35.4,993.7,88.7,OBS_20250617_UTT
2025-06-17,Karnataka,15.3173,75.7139,3.4,30.0,27.6,995.4,88.2,OBS_20250617_KAR
2025-06-17,Himachal Pradesh,31.1048,77.1734,6.5,31.6,33.5,996.6,85.5,OBS_20250617_HIM
2025-06-17,Bihar,25.0961,85.3131,19.6,25.9,35.3,997.5,88.6,OBS_20250617_BIH
2025-06-18,Gujarat,22.2587,71.1924,1.0,31.8,27.8,996.1,79.5,OBS_20250618_GUJ
2025-06-18,Maharashtra,19.7515,75.7139,25.0,33.5,29.8,994.6,91.4,OBS_20250618_MAH
2025-06-18,Kerala,10.8505,76.2711,7.5,28.4,25.1,998.5,99.8,OBS_20250618_KER
2025-06-18,Rajasthan,27.0238,74.2179,111.5,29.4,33.4,996.1,80.3,OBS_20250618_RAJ
2025-06-18,Odisha,20.9517,85.0985,0.0,25.3,30.9,997.2,82.8,OBS_20250618_ODI
2025-06-18,Assam,26.2006,92.9376,12.1,26.0,30.2,992.6,85.6,OBS_20250618_ASS
2025-06-18,Punjab,31.1471,75.3412,5.1,28.8,36.4,992.6,90.7,OBS_20250618_PUN
2025-06-18,Tamil Nadu,11.1271,78.6569,10.4,33.2,21.8,1003.5,59.0,OBS_20250618_TAM
2025-06-18,Andhra Pradesh,15.9129,79.74,75.6,29.1,28.2,994.8,93.3,OBS_20250618_AND
2025-06-18,West Bengal,22.9868,87.855,123.4,29.0,36.4,997.4,78.9,OBS_20250618_WES
2025-06-18,Madhya Pradesh,22.9734,78.6569,0.0,27.1,26.8,998.4,81.5,OBS_20250618_MAD
2025-06-18,Uttar Pradesh,26.8467,80.9462,80.1,28.4,28.0,995.6,87.9,OBS_20250618_UTT
2025-06-18,Karnataka,15.3173,75.7139,224.5,30.4,28.8,999.4,79.6,OBS_20250618_KAR
2025-06-18,Himachal Pradesh,31.1048,77.1734,1.9,28.5,30.7,996.1,84.2,OBS_20250618_HIM
2025-06-18,Bihar,25.0961,85.3131,45.3,28.2,30.4,998.5,75.2,OBS_20250618_BIH
2025-06-19,Gujarat,22.2587,71.1924,0.0,30.6,31.6,999.1,85.7,OBS_20250619_GUJ
2025-06-19,Maharashtra,19.7515,75.7139,0.0,32.1,36.0,997.0,88.1,OBS_20250619_MAH
2025-06-19,Kerala,10.8505,76.2711,3.3,28.3,28.9,993.8,83.0,OBS_20250619_KER
2025-06-19,Rajasthan,27.0238,74.2179,79.4,31.3,33.6,998.9,82.5,OBS_20250619_RAJ
2025-06-19,Odisha,20.9517,85.0985,3.5,27.5,31.0,994.8,85.4,OBS_20250619_ODI
2025-06-19,Assam,26.2006,92.9376,9.0,33.0,34.1,995.1,87.2,OBS_20250619_ASS
2025-06-19,Punjab,31.1471,75.3412,0.0,26.2,34.2,992.6,94.7,OBS_20250619_PUN
2025-06-19,Tamil Nadu,11.1271,78.6569,49.7,34.1,17.3,1005.5,59.9,OBS_20250619_TAM
2025-06-19,Andhra Pradesh,15.9129,79.74,28.0,28.0,33.6,998.8,80.4,OBS_20250619_AND
2025-06-19,West Bengal,22.9868,87.855,30.9,27.5,28.8,996.1,85.8,OBS_20250619_WES
2025-06-19,Madhya Pradesh,22.9734,78.6569,9.6,29.4,28.2,994.1,90.6,OBS_20250619_MAD
2025-06-19,Uttar Pradesh,26.8467,80.9462,96.7,33.0,31.7,996.9,86.2,OBS_20250619_UTT
2025-06-19,Karnataka,15.3173,75.7139,1.9,29.1,32.0,996.5,82.6,OBS_20250619_KAR
2025-06-19,Himachal Pradesh,31.1048,77.1734,165.1,25.5,37.6,997.5,87.4,OBS_20250619_HIM
2025-06-19,Bihar,25.0961,85.3131,0.0,25.9,29.8,996.4,80.5,OBS_20250619_BIH
2025-06-20,Gujarat,22.2587,71.1924,65.6,26.7,35.2,999.6,83.0,OBS_20250620_GUJ
2025-06-20,Maharashtra,19.7515,75.7139,1.1,26.7,28.1,993.1,72.0,OBS_20250620_MAH
2025-06-20,Kerala,10.8505,76.2711,179.2,27.2,29.9,997.3,81.5,OBS_20250620_KER
2025-06-20,Rajasthan,27.0238,74.2179,0.0,27.5,20.9,998.7,69.7,OBS_20250620_RAJ
2025-06-20,Odisha,20.9517,85.0985,68.3,33.5,30.2,994.9,96.3,OBS_20250620_ODI
2025-06-20,Assam,26.2006,92.9376,254.8,29.7,32.9,995.2,94.0,OBS_20250620_ASS
2025-06-20,Punjab,31.1471,75.3412,18.6,33.8,31.2,995.5,87.9,OBS_20250620_PUN
2025-06-20,Tamil Nadu,11.1271,78.6569,0.0,34.8,20.9,1002.8,64.6,OBS_20250620_TAM
2025-06-20,Andhra Pradesh,15.9129,79.74,11.9,28.5,32.4,994.8,86.8,OBS_20250620_AND
2025-06-20,West Bengal,22.9868,87.855,0.0,27.5,29.2,994.3,77.5,OBS_20250620_WES
2025-06-20,Madhya Pradesh,22.9734,78.6569,115.3,34.4,32.3,996.4,85.0,OBS_20250620_MAD
2025-06-20,Uttar Pradesh,26.8467,80.9462,3.4,27.9,36.6,995.4,87.6,OBS_20250620_UTT
2025-06-20,Karnataka,15.3173,75.7139,0.0,31.7,28.5,998.2,82.1,OBS_20250620_KAR
2025-06-20,Himachal Pradesh,31.1048,77.1734,52.0,30.6,30.8,995.5,93.4,OBS_20250620_HIM
2025-06-20,Bihar,25.0961,85.3131,2.3,29.5,27.1,993.8,71.0,OBS_20250620_BIH
2025-06-21,Gujarat,22.2587,71.1924,134.4,23.5,29.6,998.2,90.3,OBS_20250621_GUJ
2025-06-21,Maharashtra,19.7515,75.7139,119.1,22.6,35.2,998.7,82.1,OBS_20250621_MAH
2025-06-21,Kerala,10.8505,76.2711,46.7,30.4,33.9,999.8,92.4,OBS_20250621_KER
2025-06-21,Rajasthan,27.0238,74.2179,14.3,26.4,34.7,997.8,77.2,OBS_20250621_RAJ
2025-06-21,Odisha,20.9517,85.0985,0.0,26.8,28.5,993.5,95.6,OBS_20250621_ODI
2025-06-21,Assam,26.2006,92.9376,135.3,33.1,35.5,994.6,80.9,OBS_20250621_ASS
2025-06-21,Punjab,31.1471,75.3412,6.7,28.6,32.8,994.3,73.7,OBS_20250621_PUN
2025-06-21,Tamil Nadu,11.1271,78.6569,0.0,34.8,17.3,1007.0,64.9,OBS_20250621_TAM
2025-06-21,Andhra Pradesh,15.9129,79.74,60.8,28.0,30.6,999.4,96.1,OBS_20250621_AND
2025-06-21,West Bengal,22.9868,87.855,80.9,26.0,34.0,998.5,87.4,OBS_20250621_WES
2025-06-21,Madhya Pradesh,22.9734,78.6569,133.5,30.7,32.5,994.5,81.1,OBS_20250621_MAD
2025-06-21,Uttar Pradesh,26.8467,80.9462,40.0,31.5,27.4,995.0,76.8,OBS_20250621_UTT
2025-06-21,Karnataka,15.3173,75.7139,9.5,26.5,38.7,995.9,86.9,OBS_20250621_KAR
2025-06-21,Himachal Pradesh,31.1048,77.1734,26.0,27.4,38.6,996.8,84.2,OBS_20250621_HIM
2025-06-21,Bihar,25.0961,85.3131,0.0,28.9,30.1,993.5,92.1,OBS_20250621_BIH
2025-06-22,Gujarat,22.2587,71.1924,16.7,27.2,39.0,995.7,85.9,OBS_20250622_GUJ
2025-06-22,Maharashtra,19.7515,75.7139,12.7,28.9,42.0,995.2,83.1,OBS_20250622_MAH
2025-06-22,Kerala,10.8505,76.2711,74.1,27.5,33.7,995.1,96.4,OBS_20250622_KER
2025-06-22,Rajasthan,27.0238,74.2179,31.4,27.0,23.0,995.3,75.7,OBS_20250622_RAJ
2025-06-22,Odisha,20.9517,85.0985,0.0,28.0,40.6,994.1,81.7,OBS_20250622_ODI
2025-06-22,Assam,26.2006,92.9376,140.6,28.6,37.1,997.0,86.2,OBS_20250622_ASS
2025-06-22,Punjab,31.1471,75.3412,28.2,26.1,27.5,996.0,84.4,OBS_20250622_PUN
2025-06-22,Tamil Nadu,11.1271,78.6569,0.0,26.6,19.3,1003.3,62.2,OBS_20250622_TAM
2025-06-22,Andhra Pradesh,15.9129,79.74,30.9,28.1,31.1,996.0,82.5,OBS_20250622_AND
2025-06-22,West Bengal,22.9868,87.855,0.0,27.1,28.8,1000.1,77.6,OBS_20250622_WES
2025-06-22,Madhya Pradesh,22.9734,78.6569,4.0,34.6,26.8,992.1,86.4,OBS_20250622_MAD
2025-06-22,Uttar Pradesh,26.8467,80.9462,0.0,31.7,34.9,998.3,99.2,OBS_20250622_UTT
2025-06-22,Karnataka,15.3173,75.7139,21.5,26.8,35.0,993.4,98.5,OBS_20250622_KAR
2025-06-22,Himachal Pradesh,31.1048,77.1734,16.7,33.3,32.6,998.4,77.8,OBS_20250622_HIM
2025-06-22,Bihar,25.0961,85.3131,109.5,29.2,35.4,995.4,83.1,OBS_20250622_BIH
2025-06-23,Gujarat,22.2587,71.1924,1.6,28.8,27.4,992.8,86.3,OBS_20250623_GUJ
2025-06-23,Maharashtra,19.7515,75.7139,264.9,30.8,33.2,992.5,79.2,OBS_20250623_MAH
2025-06-23,Kerala,10.8505,76.2711,127.4,29.5,27.6,995.7,86.2,OBS_20250623_KER
2025-06-23,Rajasthan,27.0238,74.2179,23.9,31.3,25.4,997.6,86.0,OBS_20250623_RAJ
2025-06-23,Odisha,20.9517,85.0985,7.7,32.5,39.1,997.5,90.5,OBS_20250623_ODI
2025-06-23,Assam,26.2006,92.9376,12.7,25.9,28.9,998.6,95.2,OBS_20250623_ASS
2025-06-23,Punjab,31.1471,75.3412,5.3,31.2,31.0,996.9,99.4,OBS_20250623_PUN
2025-06-23,Tamil Nadu,11.1271,78.6569,1.1,28.5,17.6,1001.4,67.9,OBS_20250623_TAM
2025-06-23,Andhra Pradesh,15.9129,79.74,42.3,32.8,35.1,996.0,73.1,OBS_20250623_AND
2025-06-23,West Bengal,22.9868,87.855,38.6,30.6,31.5,995.6,100.0,OBS_20250623_WES
2025-06-23,Madhya Pradesh,22.9734,78.6569,51.6,27.4,26.8,1000.9,72.9,OBS_20250623_MAD
2025-06-23,Uttar Pradesh,26.8467,80.9462,19.4,29.8,31.2,997.1,89.6,OBS_20250623_UTT
2025-06-23,Karnataka,15.3173,75.7139,0.0,29.9,29.7,1000.2,76.5,OBS_20250623_KAR
2025-06-23,Himachal Pradesh,31.1048,77.1734,288.4,25.9,27.6,1000.6,71.0,OBS_20250623_HIM
2025-06-23,Bihar,25.0961,85.3131,97.8,27.6,31.3,996.9,81.7,OBS_20250623_BIH
2025-06-24,Gujarat,22.2587,71.1924,103.2,29.7,30.1,996.6,83.8,OBS_20250624_GUJ
2025-06-24,Maharashtra,19.7515,75.7139,151.8,27.5,29.2,997.9,97.9,OBS_20250624_MAH
2025-06-24,Kerala,10.8505,76.2711,43.4,33.4,29.3,995.2,72.7,OBS_20250624_KER
2025-06-24,Rajasthan,27.0238,74.2179,91.2,27.6,31.3,995.8,88.4,OBS_20250624_RAJ
2025-06-24,Odisha,20.9517,85.0985,0.0,34.0,25.8,995.2,98.7,OBS_20250624_ODI
2025-06-24,Assam,26.2006,92.9376,0.0,26.5,29.1,998.0,78.2,OBS_20250624_ASS
2025-06-24,Punjab,31.1471,75.3412,0.0,26.0,32.0,997.5,85.6,OBS_20250624_PUN
2025-06-24,Tamil Nadu,11.1271,78.6569,0.0,32.3,17.2,1003.8,63.4,OBS_20250624_TAM
2025-06-24,Andhra Pradesh,15.9129,79.74,56.6,27.0,23.9,996.2,82.1,OBS_20250624_AND
2025-06-24,West Bengal,22.9868,87.855,6.0,26.4,32.4,993.9,79.9,OBS_20250624_WES
2025-06-24,Madhya Pradesh,22.9734,78.6569,0.7,28.4,33.3,998.1,89.0,OBS_20250624_MAD
2025-06-24,Uttar Pradesh,26.8467,80.9462,0.0,28.2,33.2,996.8,88.5,OBS_20250624_UTT
2025-06-24,Karnataka,15.3173,75.7139,9.6,25.0,36.4,995.9,87.1,OBS_20250624_KAR
2025-06-24,Himachal Pradesh,31.1048,77.1734,0.0,31.8,26.3,994.4,92.3,OBS_20250624_HIM
2025-06-24,Bihar,25.0961,85.3131,5.0,30.5,34.4,996.0,95.0,OBS_20250624_BIH
2025-06-25,Gujarat,22.2587,71.1924,0.0,28.1,35.0,995.5,80.1,OBS_20250625_GUJ
2025-06-25,Maharashtra,19.7515,75.7139,0.0,30.7,35.4,992.1,92.9,OBS_20250625_MAH
2025-06-25,Kerala,10.8505,76.2711,78.8,28.6,34.5,998.6,93.4,OBS_20250625_KER
2025-06-25,Rajasthan,27.0238,74.2179,0.0,31.6,32.9,995.6,86.2,OBS_20250625_RAJ
2025-06-25,Odisha,20.9517,85.0985,15.8,32.0,28.6,998.4,94.2,OBS_20250625_ODI
2025-06-25,Assam,26.2006,92.9376,37.7,28.7,29.9,998.1,74.1,OBS_20250625_ASS
2025-06-25,Punjab,31.1471,75.3412,2.5,28.8,36.8,996.2,79.5,OBS_20250625_PUN
2025-06-25,Tamil Nadu,11.1271,78.6569,8.0,35.0,20.7,1000.8,81.5,OBS_20250625_TAM
2025-06-25,Andhra Pradesh,15.9129,79.74,240.6,29.0,32.3,997.5,85.9,OBS_20250625_AND
2025-06-25,West Bengal,22.9868,87.855,11.0,26.8,40.4,993.5,80.1,OBS_20250625_WES
2025-06-25,Madhya Pradesh,22.9734,78.6569,0.0,31.4,36.1,996.2,98.9,OBS_20250625_MAD
2025-06-25,Uttar Pradesh,26.8467,80.9462,0.0,33.3,39.1,996.4,85.3,OBS_20250625_UTT
2025-06-25,Karnataka,15.3173,75.7139,6.5,31.6,36.1,992.3,93.1,OBS_20250625_KAR
2025-06-25,Himachal Pradesh,31.1048,77.1734,0.0,30.9,29.9,999.8,88.2,OBS_20250625_HIM
2025-06-25,Bihar,25.0961,85.3131,0.0,29.2,36.2,992.9,80.5,OBS_20250625_BIH
2025-06-26,Gujarat,22.2587,71.1924,0.0,29.1,30.4,995.0,75.5,OBS_20250626_GUJ
2025-06-26,Maharashtra,19.7515,75.7139,9.6,27.9,38.6,994.4,94.0,OBS_20250626_MAH
2025-06-26,Kerala,10.8505,76.2711,106.3,29.9,37.2,992.1,97.4,OBS_20250626_KER
2025-06-26,Rajasthan,27.0238,74.2179,0.0,29.4,30.2,996.9,75.2,OBS_20250626_RAJ
2025-06-26,Odisha,20.9517,85.0985,0.0,29.4,31.0,992.7,78.6,OBS_20250626_ODI
2025-06-26,Assam,26.2006,92.9376,15.5,30.8,31.4,996.1,82.1,OBS_20250626_ASS
2025-06-26,Punjab,31.1471,75.3412,76.2,32.2,36.7,996.3,90.8,OBS_20250626_PUN
2025-06-26,Tamil Nadu,11.1271,78.6569,1.7,30.5,19.8,1003.5,70.9,OBS_20250626_TAM
2025-06-26,Andhra Pradesh,15.9129,79.74,19.9,30.7,22.2,996.9,82.6,OBS_20250626_AND
2025-06-26,West Bengal,22.9868,87.855,0.0,29.6,31.9,995.2,83.5,OBS_20250626_WES
2025-06-26,Madhya Pradesh,22.9734,78.6569,94.7,29.5,30.5,994.7,87.1,OBS_20250626_MAD
2025-06-26,Uttar Pradesh,26.8467,80.9462,10.5,31.5,37.2,997.7,74.6,OBS_20250626_UTT
2025-06-26,Karnataka,15.3173,75.7139,0.0,29.4,30.9,997.0,95.6,OBS_20250626_KAR
2025-06-26,Himachal Pradesh,31.1048,77.1734,0.0,23.8,29.6,995.6,79.1,OBS_20250626_HIM
2025-06-26,Bihar,25.0961,85.3131,53.8,28.3,36.9,998.8,99.3,OBS_20250626_BIH
2025-06-27,Gujarat,22.2587,71.1924,16.0,28.2,33.2,995.2,66.0,OBS_20250627_GUJ
2025-06-27,Maharashtra,19.7515,75.7139,78.2,32.3,30.4,992.4,75.7,OBS_20250627_MAH
2025-06-27,Kerala,10.8505,76.2711,9.1,28.8,32.4,989.6,91.3,OBS_20250627_KER
2025-06-27,Rajasthan,27.0238,74.2179,39.8,28.5,33.4,999.4,77.4,OBS_20250627_RAJ
2025-06-27,Odisha,20.9517,85.0985,112.0,23.4,36.2,993.8,90.1,OBS_20250627_ODI
2025-06-27,Assam,26.2006,92.9376,0.0,25.2,33.6,994.9,80.8,OBS_20250627_ASS
2025-06-27,Punjab,31.1471,75.3412,0.0,30.7,26.2,995.5,77.8,OBS_20250627_PUN
2025-06-27,Tamil Nadu,11.1271,78.6569,0.0,34.5,20.7,1001.7,64.7,OBS_20250627_TAM
2025-06-27,Andhra Pradesh,15.9129,79.74,74.5,27.6,28.1,998.3,93.6,OBS_20250627_AND
2025-06-27,West Bengal,22.9868,87.855,2.6,29.1,29.4,998.7,83.5,OBS_20250627_WES
2025-06-27,Madhya Pradesh,22.9734,78.6569,0.0,32.0,25.2,995.9,95.6,OBS_20250627_MAD
2025-06-27,Uttar Pradesh,26.8467,80.9462,63.2,28.9,28.6,997.1,80.5,OBS_20250627_UTT
2025-06-27,Karnataka,15.3173,75.7139,11.8,30.5,39.2,998.9,74.1,OBS_20250627_KAR
2025-06-27,Himachal Pradesh,31.1048,77.1734,2.9,28.7,32.0,995.8,88.9,OBS_20250627_HIM
2025-06-27,Bihar,25.0961,85.3131,0.0,28.5,29.4,999.6,84.2,OBS_20250627_BIH
2025-06-28,Gujarat,22.2587,71.1924,18.9,25.6,24.0,995.6,78.7,OBS_20250628_GUJ
2025-06-28,Maharashtra,19.7515,75.7139,0.0,27.1,34.8,997.5,84.0,OBS_20250628_MAH
2025-06-28,Kerala,10.8505,76.2711,1.1,24.7,37.6,999.8,90.9,OBS_20250628_KER
2025-06-28,Rajasthan,27.0238,74.2179,0.0,32.3,38.4,996.3,79.9,OBS_20250628_RAJ
2025-06-28,Odisha,20.9517,85.0985,85.4,32.7,40.6,996.6,99.4,OBS_20250628_ODI
2025-06-28,Assam,26.2006,92.9376,336.9,30.7,35.2,996.2,93.6,OBS_20250628_ASS
2025-06-28,Punjab,31.1471,75.3412,3.1,30.8,29.3,998.7,76.3,OBS_20250628_PUN
2025-06-28,Tamil Nadu,11.1271,78.6569,8.1,32.2,12.7,1005.9,79.2,OBS_20250628_TAM
2025-06-28,Andhra Pradesh,15.9129,79.74,0.0,28.8,29.8,992.4,86.8,OBS_20250628_AND
2025-06-28,West Bengal,22.9868,87.855,3.1,27.5,25.3,998.3,87.4,OBS_20250628_WES
2025-06-28,Madhya Pradesh,22.9734,78.6569,109.9,30.6,33.7,998.3,97.4,OBS_20250628_MAD
2025-06-28,Uttar Pradesh,26.8467,80.9462,67.3,27.3,32.5,997.5,73.8,OBS_20250628_UTT
2025-06-28,Karnataka,15.3173,75.7139,11.4,31.7,29.0,994.4,100.0,OBS_20250628_KAR
2025-06-28,Himachal Pradesh,31.1048,77.1734,28.7,24.7,29.8,996.3,92.5,OBS_20250628_HIM
2025-06-28,Bihar,25.0961,85.3131,4.5,31.0,32.5,994.7,99.7,OBS_20250628_BIH
2025-06-29,Gujarat,22.2587,71.1924,112.3,26.6,37.9,994.2,91.1,OBS_20250629_GUJ
2025-06-29,Maharashtra,19.7515,75.7139,2.4,31.3,26.3,996.3,77.5,OBS_20250629_MAH
2025-06-29,Kerala,10.8505,76.2711,2.3,26.3,31.9,994.9,82.7,OBS_20250629_KER
2025-06-29,Rajasthan,27.0238,74.2179,22.9,32.9,38.5,994.8,87.0,OBS_20250629_RAJ
2025-06-29,Odisha,20.9517,85.0985,0.0,29.9,26.2,999.1,83.8,OBS_20250629_ODI
2025-06-29,Assam,26.2006,92.9376,0.0,26.3,33.6,996.4,75.7,OBS_20250629_ASS
2025-06-29,Punjab,31.1471,75.3412,96.4,29.3,33.2,994.1,86.4,OBS_20250629_PUN
2025-06-29,Tamil Nadu,11.1271,78.6569,0.5,31.8,10.3,1003.3,56.8,OBS_20250629_TAM
2025-06-29,Andhra Pradesh,15.9129,79.74,94.7,34.5,32.9,992.4,73.4,OBS_20250629_AND
2025-06-29,West Bengal,22.9868,87.855,0.0,30.6,36.7,995.0,84.0,OBS_20250629_WES
2025-06-29,Madhya Pradesh,22.9734,78.6569,5.6,32.9,39.0,997.2,83.6,OBS_20250629_MAD
2025-06-29,Uttar Pradesh,26.8467,80.9462,95.1,31.4,29.6,1000.3,69.0,OBS_20250629_UTT
2025-06-29,Karnataka,15.3173,75.7139,91.1,28.9,31.0,998.7,84.3,OBS_20250629_KAR
2025-06-29,Himachal Pradesh,31.1048,77.1734,28.4,33.4,36.4,995.9,89.4,OBS_20250629_HIM
2025-06-29,Bihar,25.0961,85.3131,94.6,29.4,35.1,995.7,100.0,OBS_20250629_BIH
2025-06-30,Gujarat,22.2587,71.1924,76.1,28.2,29.5,998.3,94.4,OBS_20250630_GUJ
2025-06-30,Maharashtra,19.7515,75.7139,11.6,28.1,30.5,992.4,84.2,OBS_20250630_MAH
2025-06-30,Kerala,10.8505,76.2711,0.0,35.1,31.5,999.8,81.6,OBS_20250630_KER
2025-06-30,Rajasthan,27.0238,74.2179,88.6,33.1,31.0,995.0,79.0,OBS_20250630_RAJ
2025-06-30,Odisha,20.9517,85.0985,87.7,27.6,30.9,992.3,94.5,OBS_20250630_ODI
2025-06-30,Assam,26.2006,92.9376,71.8,24.0,31.9,998.3,77.2,OBS_20250630_ASS
2025-06-30,Punjab,31.1471,75.3412,166.2,27.8,26.3,997.8,85.4,OBS_20250630_PUN
2025-06-30,Tamil Nadu,11.1271,78.6569,0.0,31.1,15.0,1002.2,58.4,OBS_20250630_TAM
2025-06-30,Andhra Pradesh,15.9129,79.74,43.6,29.3,39.8,994.5,84.3,OBS_20250630_AND
2025-06-30,West Bengal,22.9868,87.855,0.0,29.6,35.9,994.8,88.8,OBS_20250630_WES
2025-06-30,Madhya Pradesh,22.9734,78.6569,0.0,26.7,32.1,992.5,96.2,OBS_20250630_MAD
2025-06-30,Uttar Pradesh,26.8467,80.9462,132.7,30.3,34.2,994.3,85.5,OBS_20250630_UTT
2025-06-30,Karnataka,15.3173,75.7139,155.3,28.4,33.3,993.4,83.4,OBS_20250630_KAR
2025-06-30,Himachal Pradesh,31.1048,77.1734,2.2,30.5,29.0,994.6,92.1,OBS_20250630_HIM
2025-06-30,Bihar,25.0961,85.3131,119.0,30.8,34.6,996.5,89.4,OBS_20250630_BIH
2025-07-01,Gujarat,22.2587,71.1924,2.4,28.5,42.6,993.6,99.4,OBS_20250701_GUJ
2025-07-01,Maharashtra,19.7515,75.7139,26.6,35.6,31.1,997.2,98.2,OBS_20250701_MAH
2025-07-01,Kerala,10.8505,76.2711,0.0,28.8,29.0,995.4,85.8,OBS_20250701_KER
2025-07-01,Rajasthan,27.0238,74.2179,42.1,27.6,32.3,997.7,96.0,OBS_20250701_RAJ
2025-07-01,Odisha,20.9517,85.0985,0.0,29.6,35.1,995.9,85.9,OBS_20250701_ODI
2025-07-01,Assam,26.2006,92.9376,31.8,27.8,36.9,999.4,81.5,OBS_20250701_ASS
2025-07-01,Punjab,31.1471,75.3412,39.8,25.1,30.5,994.2,74.4,OBS_20250701_PUN
2025-07-01,Tamil Nadu,11.1271,78.6569,0.0,34.3,22.3,1003.9,59.1,OBS_20250701_TAM
2025-07-01,Andhra Pradesh,15.9129,79.74,0.0,28.7,29.0,994.0,83.6,OBS_20250701_AND
2025-07-01,West Bengal,22.9868,87.855,0.0,29.1,35.3,998.2,75.5,OBS_20250701_WES
2025-07-01,Madhya Pradesh,22.9734,78.6569,26.5,27.9,27.8,993.9,88.2,OBS_20250701_MAD
2025-07-01,Uttar Pradesh,26.8467,80.9462,11.1,24.7,35.6,997.9,75.4,OBS_20250701_UTT
2025-07-01,Karnataka,15.3173,75.7139,4.7,28.2,31.0,996.1,100.0,OBS_20250701_KAR
2025-07-01,Himachal Pradesh,31.1048,77.1734,3.4,31.5,35.6,995.7,80.9,OBS_20250701_HIM
2025-07-01,Bihar,25.0961,85.3131,25.0,28.7,31.4,993.8,81.3,OBS_20250701_BIH
2025-07-02,Gujarat,22.2587,71.1924,53.6,32.1,28.8,996.9,79.8,OBS_20250702_GUJ
2025-07-02,Maharashtra,19.7515,75.7139,74.6,29.1,40.1,993.5,85.7,OBS_20250702_MAH
2025-07-02,Kerala,10.8505,76.2711,32.8,28.6,33.5,997.1,83.6,OBS_20250702_KER
2025-07-02,Rajasthan,27.0238,74.2179,0.2,32.0,33.9,998.5,83.2,OBS_20250702_RAJ
2025-07-02,Odisha,20.9517,85.0985,10.5,32.7,31.9,999.8,99.4,OBS_20250702_ODI
2025-07-02,Assam,26.2006,92.9376,185.6,23.3,28.0,996.2,95.1,OBS_20250702_ASS
2025-07-02,Punjab,31.1471,75.3412,0.0,28.3,33.6,997.3,84.0,OBS_20250702_PUN
2025-07-02,Tamil Nadu,11.1271,78.6569,5.2,27.9,24.2,1005.6,65.2,OBS_20250702_TAM
2025-07-02,Andhra Pradesh,15.9129,79.74,21.9,22.1,24.1,996.4,87.1,OBS_20250702_AND
2025-07-02,West Bengal,22.9868,87.855,8.2,31.9,41.8,995.1,84.0,OBS_20250702_WES
2025-07-02,Madhya Pradesh,22.9734,78.6569,103.6,29.0,29.9,995.6,77.0,OBS_20250702_MAD
2025-07-02,Uttar Pradesh,26.8467,80.9462,9.6,25.8,30.6,993.7,97.8,OBS_20250702_UTT
2025-07-02,Karnataka,15.3173,75.7139,162.6,31.3,26.5,997.4,87.8,OBS_20250702_KAR
2025-07-02,Himachal Pradesh,31.1048,77.1734,37.2,30.5,29.1,993.8,78.7,OBS_20250702_HIM
2025-07-02,Bihar,25.0961,85.3131,0.7,23.5,31.7,995.2,90.8,OBS_20250702_BIH
2025-07-03,Gujarat,22.2587,71.1924,7.2,32.4,32.7,998.3,86.1,OBS_20250703_GUJ
2025-07-03,Maharashtra,19.7515,75.7139,0.0,30.9,40.3,991.8,94.3,OBS_20250703_MAH
2025-07-03,Kerala,10.8505,76.2711,37.9,31.6,28.5,996.1,77.3,OBS_20250703_KER
2025-07-03,Rajasthan,27.0238,74.2179,111.6,26.4,35.0,995.8,82.5,OBS_20250703_RAJ
2025-07-03,Odisha,20.9517,85.0985,58.6,30.3,36.2,1000.0,79.2,OBS_20250703_ODI
2025-07-03,Assam,26.2006,92.9376,11.7,32.0,27.0,999.8,95.4,OBS_20250703_ASS
2025-07-03,Punjab,31.1471,75.3412,3.7,32.8,31.8,997.1,75.1,OBS_20250703_PUN
2025-07-03,Tamil Nadu,11.1271,78.6569,0.0,31.5,17.3,1002.5,63.7,OBS_20250703_TAM
2025-07-03,Andhra Pradesh,15.9129,79.74,2.8,27.8,28.1,1000.5,75.6,OBS_20250703_AND
2025-07-03,West Bengal,22.9868,87.855,247.8,30.6,34.1,997.7,74.0,OBS_20250703_WES
2025-07-03,Madhya Pradesh,22.9734,78.6569,29.5,26.7,33.5,995.7,64.7,OBS_20250703_MAD
2025-07-03,Uttar Pradesh,26.8467,80.9462,56.2,30.1,26.7,998.6,99.0,OBS_20250703_UTT
2025-07-03,Karnataka,15.3173,75.7139,39.8,25.9,32.3,995.5,78.7,OBS_20250703_KAR
2025-07-03,Himachal Pradesh,31.1048,77.1734,152.7,27.5,37.5,995.9,80.0,OBS_20250703_HIM
2025-07-03,Bihar,25.0961,85.3131,0.0,24.5,26.4,995.8,82.4,OBS_20250703_BIH
2025-07-04,Gujarat,22.2587,71.1924,27.4,29.6,36.8,995.9,67.0,OBS_20250704_GUJ
2025-07-04,Maharashtra,19.7515,75.7139,95.9,30.1,32.9,996.8,88.9,OBS_20250704_MAH
2025-07-04,Kerala,10.8505,76.2711,2.2,29.7,28.5,996.1,72.4,OBS_20250704_KER
2025-07-04,Rajasthan,27.0238,74.2179,0.0,32.7,25.7,991.6,84.9,OBS_20250704_RAJ
2025-07-04,Odisha,20.9517,85.0985,32.1,28.7,30.7,993.6,91.8,OBS_20250704_ODI
2025-07-04,Assam,26.2006,92.9376,168.9,30.4,31.5,994.1,100.0,OBS_20250704_ASS
2025-07-04,Punjab,31.1471,75.3412,73.2,29.3,31.4,992.5,93.1,OBS_20250704_PUN
2025-07-04,Tamil Nadu,11.1271,78.6569,4.8,33.4,23.9,1000.1,55.6,OBS_20250704_TAM
2025-07-04,Andhra Pradesh,15.9129,79.74,109.5,28.0,35.7,999.8,93.7,OBS_20250704_AND
2025-07-04,West Bengal,22.9868,87.855,0.0,25.8,34.9,998.0,84.9,OBS_20250704_WES
2025-07-04,Madhya Pradesh,22.9734,78.6569,0.0,29.7,37.3,996.9,91.5,OBS_20250704_MAD
2025-07-04,Uttar Pradesh,26.8467,80.9462,178.4,31.5,29.3,995.4,82.2,OBS_20250704_UTT
2025-07-04,Karnataka,15.3173,75.7139,15.6,28.7,33.3,995.1,95.5,OBS_20250704_KAR
2025-07-04,Himachal Pradesh,31.1048,77.1734,13.8,28.5,29.0,999.5,80.6,OBS_20250704_HIM
2025-07-04,Bihar,25.0961,85.3131,90.6,28.5,38.0,997.3,93.2,OBS_20250704_BIH
2025-07-05,Gujarat,22.2587,71.1924,38.1,29.5,34.2,995.7,84.5,OBS_20250705_GUJ
2025-07-05,Maharashtra,19.7515,75.7139,90.1,30.4,33.3,996.9,88.0,OBS_20250705_MAH
2025-07-05,Kerala,10.8505,76.2711,17.5,29.3,36.5,998.8,97.3,OBS_20250705_KER
2025-07-05,Rajasthan,27.0238,74.2179,0.0,27.5,29.8,992.2,86.3,OBS_20250705_RAJ
2025-07-05,Odisha,20.9517,85.0985,9.7,27.7,33.3,994.6,90.8,OBS_20250705_ODI
2025-07-05,Assam,26.2006,92.9376,7.5,29.3,33.1,996.8,84.1,OBS_20250705_ASS
2025-07-05,Punjab,31.1471,75.3412,26.3,31.3,26.6,996.9,74.7,OBS_20250705_PUN
2025-07-05,Tamil Nadu,11.1271,78.6569,16.2,30.1,23.1,1001.8,74.3,OBS_20250705_TAM
2025-07-05,Andhra Pradesh,15.9129,79.74,0.0,27.5,33.6,995.7,91.8,OBS_20250705_AND
2025-07-05,West Bengal,22.9868,87.855,9.9,27.7,34.4,995.2,82.7,OBS_20250705_WES
2025-07-05,Madhya Pradesh,22.9734,78.6569,7.8,30.8,25.8,998.6,94.8,OBS_20250705_MAD
2025-07-05,Uttar Pradesh,26.8467,80.9462,20.3,32.2,30.9,994.2,92.1,OBS_20250705_UTT
2025-07-05,Karnataka,15.3173,75.7139,0.0,33.5,34.2,993.3,77.7,OBS_20250705_KAR
2025-07-05,Himachal Pradesh,31.1048,77.1734,1.8,27.4,32.3,997.1,86.7,OBS_20250705_HIM
2025-07-05,Bihar,25.0961,85.3131,162.3,27.5,29.8,994.7,82.2,OBS_20250705_BIH
2025-07-06,Gujarat,22.2587,71.1924,118.1,27.8,39.7,996.7,85.7,OBS_20250706_GUJ
2025-07-06,Maharashtra,19.7515,75.7139,0.0,30.5,28.0,995.8,83.6,OBS_20250706_MAH
2025-07-06,Kerala,10.8505,76.2711,0.0,28.9,31.5,995.3,85.0,OBS_20250706_KER
2025-07-06,Rajasthan,27.0238,74.2179,105.7,30.8,23.6,995.3,85.0,OBS_20250706_RAJ
2025-07-06,Odisha,20.9517,85.0985,27.5,24.3,33.0,996.9,96.1,OBS_20250706_ODI
2025-07-06,Assam,26.2006,92.9376,7.6,30.2,35.6,994.5,91.5,OBS_20250706_ASS
2025-07-06,Punjab,31.1471,75.3412,0.0,31.1,38.3,994.3,89.8,OBS_20250706_PUN
2025-07-06,Tamil Nadu,11.1271,78.6569,3.4,37.2,17.7,1005.6,68.1,OBS_20250706_TAM
2025-07-06,Andhra Pradesh,15.9129,79.74,65.2,30.2,31.6,997.2,87.2,OBS_20250706_AND
2025-07-06,West Bengal,22.9868,87.855,0.0,28.8,32.4,998.3,82.7,OBS_20250706_WES
2025-07-06,Madhya Pradesh,22.9734,78.6569,93.0,26.9,38.6,996.1,87.6,OBS_20250706_MAD
2025-07-06,Uttar Pradesh,26.8467,80.9462,0.0,27.7,33.6,1001.4,92.3,OBS_20250706_UTT
2025-07-06,Karnataka,15.3173,75.7139,37.7,32.8,26.9,996.8,97.9,OBS_20250706_KAR
2025-07-06,Himachal Pradesh,31.1048,77.1734,26.9,31.3,33.1,997.5,80.8,OBS_20250706_HIM
2025-07-06,Bihar,25.0961,85.3131,43.2,28.0,24.0,993.3,85.5,OBS_20250706_BIH
2025-07-07,Gujarat,22.2587,71.1924,86.1,26.0,34.2,995.1,95.6,OBS_20250707_GUJ
2025-07-07,Maharashtra,19.7515,75.7139,0.7,27.2,26.9,998.0,85.8,OBS_20250707_MAH
2025-07-07,Kerala,10.8505,76.2711,0.0,28.3,32.0,996.7,94.5,OBS_20250707_KER
2025-07-07,Rajasthan,27.0238,74.2179,2.0,26.2,32.2,997.4,78.5,OBS_20250707_RAJ
2025-07-07,Odisha,20.9517,85.0985,7.5,33.1,33.9,998.9,91.2,OBS_20250707_ODI
2025-07-07,Assam,26.2006,92.9376,0.0,30.0,34.2,1001.3,73.3,OBS_20250707_ASS
2025-07-07,Punjab,31.1471,75.3412,26.9,30.0,31.3,995.7,100.0,OBS_20250707_PUN
2025-07-07,Tamil Nadu,11.1271,78.6569,0.0,30.3,11.6,1004.7,66.1,OBS_20250707_TAM
2025-07-07,Andhra Pradesh,15.9129,79.74,11.0,29.6,35.6,997.3,77.8,OBS_20250707_AND
2025-07-07,West Bengal,22.9868,87.855,0.0,30.0,29.4,995.9,88.2,OBS_20250707_WES
2025-07-07,Madhya Pradesh,22.9734,78.6569,1.2,26.4,25.6,996.3,87.7,OBS_20250707_MAD
2025-07-07,Uttar Pradesh,26.8467,80.9462,1.8,31.9,29.5,998.9,88.6,OBS_20250707_UTT
2025-07-07,Karnataka,15.3173,75.7139,20.0,31.6,31.4,996.9,77.5,OBS_20250707_KAR
2025-07-07,Himachal Pradesh,31.1048,77.1734,0.0,28.4,32.3,994.2,75.1,OBS_20250707_HIM
2025-07-07,Bihar,25.0961,85.3131,0.0,33.7,30.4,996.7,89.4,OBS_20250707_BIH
2025-07-08,Gujarat,22.2587,71.1924,0.0,29.3,35.4,995.9,82.5,OBS_20250708_GUJ
2025-07-08,Maharashtra,19.7515,75.7139,7.0,31.0,31.0,993.8,74.5,OBS_20250708_MAH
2025-07-08,Kerala,10.8505,76.2711,198.1,26.1,35.4,997.9,100.0,OBS_20250708_KER
2025-07-08,Rajasthan,27.0238,74.2179,125.5,33.1,31.2,995.5,76.3,OBS_20250708_RAJ
2025-07-08,Odisha,20.9517,85.0985,0.0,28.9,31.3,993.8,86.8,OBS_20250708_ODI
2025-07-08,Assam,26.2006,92.9376,31.0,27.8,27.7,994.4,78.4,OBS_20250708_ASS
2025-07-08,Punjab,31.1471,75.3412,0.0,31.9,35.2,997.3,99.1,OBS_20250708_PUN
2025-07-08,Tamil Nadu,11.1271,78.6569,1.9,32.8,11.5,1003.7,68.2,OBS_20250708_TAM
2025-07-08,Andhra Pradesh,15.9129,79.74,95.6,30.7,27.3,994.7,84.7,OBS_20250708_AND
2025-07-08,West Bengal,22.9868,87.855,0.0,27.1,33.6,994.8,100.0,OBS_20250708_WES
2025-07-08,Madhya Pradesh,22.9734,78.6569,133.5,29.2,30.3,996.8,75.7,OBS_20250708_MAD
2025-07-08,Uttar Pradesh,26.8467,80.9462,84.9,24.4,29.5,991.9,88.6,OBS_20250708_UTT
2025-07-08,Karnataka,15.3173,75.7139,46.5,25.0,33.6,994.6,73.5,OBS_20250708_KAR
2025-07-08,Himachal Pradesh,31.1048,77.1734,117.4,28.0,41.1,995.6,87.3,OBS_20250708_HIM
2025-07-08,Bihar,25.0961,85.3131,12.5,30.7,34.0,996.5,83.0,OBS_20250708_BIH
2025-07-09,Gujarat,22.2587,71.1924,1.9,32.1,31.5,998.5,97.6,OBS_20250709_GUJ
2025-07-09,Maharashtra,19.7515,75.7139,5.1,28.9,32.2,992.3,89.1,OBS_20250709_MAH
2025-07-09,Kerala,10.8505,76.2711,90.4,33.0,33.2,996.3,87.5,OBS_20250709_KER
2025-07-09,Rajasthan,27.0238,74.2179,0.0,30.3,34.1,995.6,92.5,OBS_20250709_RAJ
2025-07-09,Odisha,20.9517,85.0985,0.0,32.4,37.1,1001.6,100.0,OBS_20250709_ODI
2025-07-09,Assam,26.2006,92.9376,136.8,30.5,30.4,997.1,90.7,OBS_20250709_ASS
2025-07-09,Punjab,31.1471,75.3412,31.8,32.4,39.0,995.7,86.6,OBS_20250709_PUN
2025-07-09,Tamil Nadu,11.1271,78.6569,0.0,30.0,19.1,997.6,68.8,OBS_20250709_TAM
2025-07-09,Andhra Pradesh,15.9129,79.74,39.5,29.9,29.2,998.7,89.1,OBS_20250709_AND
2025-07-09,West Bengal,22.9868,87.855,53.3,31.2,32.2,994.1,83.9,OBS_20250709_WES
2025-07-09,Madhya Pradesh,22.9734,78.6569,1.8,27.0,34.2,996.8,84.2,OBS_20250709_MAD
2025-07-09,Uttar Pradesh,26.8467,80.9462,8.9,27.2,32.1,994.0,94.2,OBS_20250709_UTT
2025-07-09,Karnataka,15.3173,75.7139,0.0,31.5,36.1,996.6,91.2,OBS_20250709_KAR
2025-07-09,Himachal Pradesh,31.1048,77.1734,64.2,26.8,31.3,996.2,89.7,OBS_20250709_HIM
2025-07-09,Bihar,25.0961,85.3131,36.7,31.7,31.8,994.6,73.5,OBS_20250709_BIH
2025-07-10,Gujarat,22.2587,71.1924,160.1,31.3,40.0,1001.8,79.7,OBS_20250710_GUJ
2025-07-10,Maharashtra,19.7515,75.7139,0.0,32.8,32.3,998.1,71.7,OBS_20250710_MAH
2025-07-10,Kerala,10.8505,76.2711,8.0,27.0,35.7,996.8,96.1,OBS_20250710_KER
2025-07-10,Rajasthan,27.0238,74.2179,0.0,28.7,38.0,994.9,86.9,OBS_20250710_RAJ
2025-07-10,Odisha,20.9517,85.0985,1.4,24.6,31.4,994.4,84.2,OBS_20250710_ODI
2025-07-10,Assam,26.2006,92.9376,5.0,30.4,27.4,993.9,82.9,OBS_20250710_ASS
2025-07-10,Punjab,31.1471,75.3412,0.0,24.4,31.7,995.8,77.9,OBS_20250710_PUN
2025-07-10,Tamil Nadu,11.1271,78.6569,0.0,35.2,23.9,1006.3,58.6,OBS_20250710_TAM
2025-07-10,Andhra Pradesh,15.9129,79.74,10.2,27.3,28.8,995.1,100.0,OBS_20250710_AND
2025-07-10,West Bengal,22.9868,87.855,18.9,30.5,34.3,995.8,88.0,OBS_20250710_WES
2025-07-10,Madhya Pradesh,22.9734,78.6569,0.0,27.4,28.2,992.8,100.0,OBS_20250710_MAD
2025-07-10,Uttar Pradesh,26.8467,80.9462,0.0,24.8,28.9,993.7,89.5,OBS_20250710_UTT
2025-07-10,Karnataka,15.3173,75.7139,7.4,30.2,31.7,994.4,90.4,OBS_20250710_KAR
2025-07-10,Himachal Pradesh,31.1048,77.1734,0.2,28.9,33.6,996.0,73.2,OBS_20250710_HIM
2025-07-10,Bihar,25.0961,85.3131,6.7,26.9,33.1,1001.4,89.1,OBS_20250710_BIH
2025-07-11,Gujarat,22.2587,71.1924,79.9,26.7,42.5,991.1,97.5,OBS_20250711_GUJ
2025-07-11,Maharashtra,19.7515,75.7139,0.0,19.2,38.7,991.1,100.0,OBS_20250711_MAH
2025-07-11,Kerala,10.8505,76.2711,56.0,24.1,41.1,989.2,99.4,OBS_20250711_KER
2025-07-11,Rajasthan,27.0238,74.2179,63.0,26.4,40.4,988.1,88.2,OBS_20250711_RAJ
2025-07-11,Odisha,20.9517,85.0985,134.6,28.2,37.3,989.0,100.0,OBS_20250711_ODI
2025-07-11,Assam,26.2006,92.9376,13.6,29.2,46.1,991.1,83.9,OBS_20250711_ASS
2025-07-11,Punjab,31.1471,75.3412,0.0,26.1,36.7,989.7,100.0,OBS_20250711_PUN
2025-07-11,Tamil Nadu,11.1271,78.6569,0.0,35.8,16.8,1005.6,74.8,OBS_20250711_TAM
2025-07-11,Andhra Pradesh,15.9129,79.74,15.4,26.0,46.3,986.9,95.3,OBS_20250711_AND
2025-07-11,West Bengal,22.9868,87.855,220.9,24.0,41.6,990.8,99.5,OBS_20250711_WES
2025-07-11,Madhya Pradesh,22.9734,78.6569,214.2,27.4,43.2,993.6,99.3,OBS_20250711_MAD
2025-07-11,Uttar Pradesh,26.8467,80.9462,38.4,27.3,36.3,990.6,100.0,OBS_20250711_UTT
2025-07-11,Karnataka,15.3173,75.7139,16.8,23.1,40.9,987.8,100.0,OBS_20250711_KAR
2025-07-11,Himachal Pradesh,31.1048,77.1734,135.1,28.8,40.1,992.9,98.0,OBS_20250711_HIM
2025-07-11,Bihar,25.0961,85.3131,146.5,26.2,43.9,989.3,82.3,OBS_20250711_BIH
2025-07-12,Gujarat,22.2587,71.1924,37.1,27.5,42.0,987.7,95.3,OBS_20250712_GUJ
2025-07-12,Maharashtra,19.7515,75.7139,0.0,23.7,34.5,994.9,80.7,OBS_20250712_MAH
2025-07-12,Kerala,10.8505,76.2711,146.3,26.9,42.5,993.7,94.1,OBS_20250712_KER
2025-07-12,Rajasthan,27.0238,74.2179,0.1,26.1,44.5,991.7,87.1,OBS_20250712_RAJ
2025-07-12,Odisha,20.9517,85.0985,109.6,30.0,34.8,991.0,95.6,OBS_20250712_ODI
2025-07-12,Assam,26.2006,92.9376,208.6,26.2,36.8,991.3,100.0,OBS_20250712_ASS
2025-07-12,Punjab,31.1471,75.3412,0.0,24.2,37.3,987.6,94.0,OBS_20250712_PUN
2025-07-12,Tamil Nadu,11.1271,78.6569,0.0,32.7,13.9,1003.3,65.7,OBS_20250712_TAM
2025-07-12,Andhra Pradesh,15.9129,79.74,30.1,26.6,41.9,994.1,97.6,OBS_20250712_AND
2025-07-12,West Bengal,22.9868,87.855,0.0,24.8,48.8,987.3,98.4,OBS_20250712_WES
2025-07-12,Madhya Pradesh,22.9734,78.6569,7.4,28.3,37.6,993.3,100.0,OBS_20250712_MAD
2025-07-12,Uttar Pradesh,26.8467,80.9462,21.0,25.3,43.7,989.8,90.7,OBS_20250712_UTT
2025-07-12,Karnataka,15.3173,75.7139,62.6,30.8,45.6,993.0,100.0,OBS_20250712_KAR
2025-07-12,Himachal Pradesh,31.1048,77.1734,5.6,26.5,37.8,989.2,98.4,OBS_20250712_HIM
2025-07-12,Bihar,25.0961,85.3131,100.3,29.5,42.6,991.3,97.3,OBS_20250712_BIH
2025-07-13,Gujarat,22.2587,71.1924,0.0,26.3,49.8,985.8,97.4,OBS_20250713_GUJ
2025-07-13,Maharashtra,19.7515,75.7139,68.6,24.4,38.2,993.1,100.0,OBS_20250713_MAH
2025-07-13,Kerala,10.8505,76.2711,29.2,24.6,43.3,990.0,100.0,OBS_20250713_KER
2025-07-13,Rajasthan,27.0238,74.2179,15.0,30.7,42.3,992.7,100.0,OBS_20250713_RAJ
2025-07-13,Odisha,20.9517,85.0985,155.7,25.6,39.8,993.6,100.0,OBS_20250713_ODI
2025-07-13,Assam,26.2006,92.9376,158.6,26.3,37.2,988.3,90.9,OBS_20250713_ASS
2025-07-13,Punjab,31.1471,75.3412,237.8,27.7,41.7,995.2,100.0,OBS_20250713_PUN
2025-07-13,Tamil Nadu,11.1271,78.6569,0.0,27.3,9.9,1004.9,70.4,OBS_20250713_TAM
2025-07-13,Andhra Pradesh,15.9129,79.74,45.9,25.0,45.0,990.6,97.2,OBS_20250713_AND
2025-07-13,West Bengal,22.9868,87.855,95.2,28.0,39.2,988.5,100.0,OBS_20250713_WES
2025-07-13,Madhya Pradesh,22.9734,78.6569,9.5,26.5,43.8,988.2,100.0,OBS_20250713_MAD
2025-07-13,Uttar Pradesh,26.8467,80.9462,6.9,25.2,46.2,988.0,92.0,OBS_20250713_UTT
2025-07-13,Karnataka,15.3173,75.7139,6.8,25.4,43.2,993.8,83.6,OBS_20250713_KAR
2025-07-13,Himachal Pradesh,31.1048,77.1734,0.0,24.6,39.4,989.4,98.8,OBS_20250713_HIM
2025-07-13,Bihar,25.0961,85.3131,76.5,27.9,36.0,991.2,87.5,OBS_20250713_BIH
2025-07-14,Gujarat,22.2587,71.1924,0.0,23.4,39.9,986.3,97.2,OBS_20250714_GUJ
2025-07-14,Maharashtra,19.7515,75.7139,6.5,26.4,45.9,993.7,100.0,OBS_20250714_MAH
2025-07-14,Kerala,10.8505,76.2711,4.4,28.2,42.7,990.5,88.1,OBS_20250714_KER
2025-07-14,Rajasthan,27.0238,74.2179,0.0,27.6,37.3,993.6,86.2,OBS_20250714_RAJ
2025-07-14,Odisha,20.9517,85.0985,56.8,21.2,34.3,990.4,95.7,OBS_20250714_ODI
2025-07-14,Assam,26.2006,92.9376,17.0,25.8,42.4,990.9,93.5,OBS_20250714_ASS
2025-07-14,Punjab,31.1471,75.3412,5.3,21.7,35.1,989.4,80.8,OBS_20250714_PUN
2025-07-14,Tamil Nadu,11.1271,78.6569,24.2,34.7,14.2,1002.9,69.0,OBS_20250714_TAM
2025-07-14,Andhra Pradesh,15.9129,79.74,127.1,26.9,40.4,991.2,88.5,OBS_20250714_AND
2025-07-14,West Bengal,22.9868,87.855,0.0,26.0,43.7,991.1,97.8,OBS_20250714_WES
2025-07-14,Madhya Pradesh,22.9734,78.6569,14.9,27.1,45.6,986.9,98.6,OBS_20250714_MAD
2025-07-14,Uttar Pradesh,26.8467,80.9462,125.7,26.6,38.4,991.9,100.0,OBS_20250714_UTT
2025-07-14,Karnataka,15.3173,75.7139,55.7,29.3,39.7,991.2,89.1,OBS_20250714_KAR
2025-07-14,Himachal Pradesh,31.1048,77.1734,0.0,24.7,48.6,994.3,91.1,OBS_20250714_HIM
2025-07-14,Bihar,25.0961,85.3131,98.4,25.9,49.2,991.5,100.0,OBS_20250714_BIH
2025-07-15,Gujarat,22.2587,71.1924,26.5,26.5,40.0,990.7,100.0,OBS_20250715_GUJ
2025-07-15,Maharashtra,19.7515,75.7139,81.7,25.4,39.4,985.3,100.0,OBS_20250715_MAH
2025-07-15,Kerala,10.8505,76.2711,0.0,30.6,43.2,990.1,100.0,OBS_20250715_KER
2025-07-15,Rajasthan,27.0238,74.2179,55.0,29.4,45.8,994.2,94.2,OBS_20250715_RAJ
2025-07-15,Odisha,20.9517,85.0985,69.1,27.6,39.2,993.2,98.3,OBS_20250715_ODI
2025-07-15,Assam,26.2006,92.9376,13.2,27.7,40.7,993.0,98.8,OBS_20250715_ASS
2025-07-15,Punjab,31.1471,75.3412,0.0,27.1,36.7,989.7,87.4,OBS_20250715_PUN
2025-07-15,Tamil Nadu,11.1271,78.6569,0.0,32.7,18.7,1003.7,68.5,OBS_20250715_TAM
2025-07-15,Andhra Pradesh,15.9129,79.74,15.4,30.9,46.3,994.1,92.9,OBS_20250715_AND
2025-07-15,West Bengal,22.9868,87.855,47.8,26.2,44.4,991.9,92.0,OBS_20250715_WES
2025-07-15,Madhya Pradesh,22.9734,78.6569,3.8,21.6,46.6,996.6,94.5,OBS_20250715_MAD
2025-07-15,Uttar Pradesh,26.8467,80.9462,0.0,27.9,45.2,990.8,100.0,OBS_20250715_UTT
2025-07-15,Karnataka,15.3173,75.7139,37.1,25.4,39.5,991.9,100.0,OBS_20250715_KAR
2025-07-15,Himachal Pradesh,31.1048,77.1734,136.0,25.6,37.5,989.2,100.0,OBS_20250715_HIM
2025-07-15,Bihar,25.0961,85.3131,81.1,28.0,44.9,992.6,97.9,OBS_20250715_BIH
2025-07-16,Gujarat,22.2587,71.1924,125.9,26.7,37.8,992.1,97.6,OBS_20250716_GUJ
2025-07-16,Maharashtra,19.7515,75.7139,0.0,28.8,45.5,988.8,100.0,OBS_20250716_MAH
2025-07-16,Kerala,10.8505,76.2711,74.7,27.3,39.1,993.5,89.4,OBS_20250716_KER
2025-07-16,Rajasthan,27.0238,74.2179,3.4,25.4,43.4,991.6,100.0,OBS_20250716_RAJ
2025-07-16,Odisha,20.9517,85.0985,233.4,23.2,52.1,992.7,97.0,OBS_20250716_ODI
2025-07-16,Assam,26.2006,92.9376,54.0,28.5,34.7,992.4,100.0,OBS_20250716_ASS
2025-07-16,Punjab,31.1471,75.3412,6.7,29.6,41.7,990.6,100.0,OBS_20250716_PUN
2025-07-16,Tamil Nadu,11.1271,78.6569,0.0,29.9,24.8,1002.5,54.1,OBS_20250716_TAM
2025-07-16,Andhra Pradesh,15.9129,79.74,2.3,28.8,41.2,994.0,100.0,OBS_20250716_AND
2025-07-16,West Bengal,22.9868,87.855,136.3,23.2,42.8,992.2,98.8,OBS_20250716_WES
2025-07-16,Madhya Pradesh,22.9734,78.6569,0.0,23.7,37.7,989.0,96.9,OBS_20250716_MAD
2025-07-16,Uttar Pradesh,26.8467,80.9462,126.3,30.5,37.2,991.7,91.0,OBS_20250716_UTT
2025-07-16,Karnataka,15.3173,75.7139,1.9,24.6,41.0,990.7,95.3,OBS_20250716_KAR
2025-07-16,Himachal Pradesh,31.1048,77.1734,14.0,29.9,41.6,991.3,95.2,OBS_20250716_HIM
2025-07-16,Bihar,25.0961,85.3131,139.9,30.0,44.4,990.9,95.6,OBS_20250716_BIH
2025-07-17,Gujarat,22.2587,71.1924,49.5,27.9,45.8,990.5,96.5,OBS_20250717_GUJ
2025-07-17,Maharashtra,19.7515,75.7139,4.5,24.9,50.3,988.1,97.8,OBS_20250717_MAH
2025-07-17,Kerala,10.8505,76.2711,101.0,27.6,40.3,993.7,100.0,OBS_20250717_KER
2025-07-17,Rajasthan,27.0238,74.2179,34.9,23.1,41.1,992.1,88.9,OBS_20250717_RAJ
2025-07-17,Odisha,20.9517,85.0985,14.2,24.0,36.6,991.3,93.0,OBS_20250717_ODI
2025-07-17,Assam,26.2006,92.9376,28.0,28.8,35.9,990.5,100.0,OBS_20250717_ASS
2025-07-17,Punjab,31.1471,75.3412,107.9,26.9,42.1,994.0,100.0,OBS_20250717_PUN
2025-07-17,Tamil Nadu,11.1271,78.6569,143.5,32.0,22.6,1002.0,67.6,OBS_20250717_TAM
2025-07-17,Andhra Pradesh,15.9129,79.74,167.1,27.6,41.1,990.1,90.1,OBS_20250717_AND
2025-07-17,West Bengal,22.9868,87.855,0.0,27.6,43.6,994.6,97.0,OBS_20250717_WES
2025-07-17,Madhya Pradesh,22.9734,78.6569,99.1,27.2,38.5,989.3,91.1,OBS_20250717_MAD
2025-07-17,Uttar Pradesh,26.8467,80.9462,0.0,25.6,37.4,992.4,96.5,OBS_20250717_UTT
2025-07-17,Karnataka,15.3173,75.7139,187.0,25.5,36.0,994.4,85.8,OBS_20250717_KAR
2025-07-17,Himachal Pradesh,31.1048,77.1734,48.8,29.9,37.4,991.7,100.0,OBS_20250717_HIM
2025-07-17,Bihar,25.0961,85.3131,0.0,25.5,41.9,990.2,96.0,OBS_20250717_BIH
2025-07-18,Gujarat,22.2587,71.1924,82.3,29.5,45.5,990.8,99.4,OBS_20250718_GUJ
2025-07-18,Maharashtra,19.7515,75.7139,3.5,24.3,38.6,989.8,97.2,OBS_20250718_MAH
2025-07-18,Kerala,10.8505,76.2711,29.8,28.7,36.3,993.1,100.0,OBS_20250718_KER
2025-07-18,Rajasthan,27.0238,74.2179,96.9,25.0,48.3,993.1,100.0,OBS_20250718_RAJ
2025-07-18,Odisha,20.9517,85.0985,5.4,27.7,39.8,989.2,92.3,OBS_20250718_ODI
2025-07-18,Assam,26.2006,92.9376,217.7,26.4,38.2,995.3,100.0,OBS_20250718_ASS
2025-07-18,Punjab,31.1471,75.3412,11.4,25.4,42.7,992.0,90.2,OBS_20250718_PUN
2025-07-18,Tamil Nadu,11.1271,78.6569,8.5,32.7,16.6,1006.9,76.1,OBS_20250718_TAM
2025-07-18,Andhra Pradesh,15.9129,79.74,2.5,28.1,39.1,988.8,93.2,OBS_20250718_AND
2025-07-18,West Bengal,22.9868,87.855,0.0,25.8,43.4,993.8,100.0,OBS_20250718_WES
2025-07-18,Madhya Pradesh,22.9734,78.6569,6.3,27.9,34.5,993.3,100.0,OBS_20250718_MAD
2025-07-18,Uttar Pradesh,26.8467,80.9462,0.0,26.0,43.8,994.8,87.1,OBS_20250718_UTT
2025-07-18,Karnataka,15.3173,75.7139,83.1,28.5,33.9,987.4,98.5,OBS_20250718_KAR
2025-07-18,Himachal Pradesh,31.1048,77.1734,47.3,26.8,42.5,989.7,96.2,OBS_20250718_HIM
2025-07-18,Bihar,25.0961,85.3131,12.9,31.3,36.9,994.0,90.2,OBS_20250718_BIH
2025-07-19,Gujarat,22.2587,71.1924,107.4,27.5,40.8,992.8,100.0,OBS_20250719_GUJ
2025-07-19,Maharashtra,19.7515,75.7139,87.4,26.2,46.4,987.9,100.0,OBS_20250719_MAH
2025-07-19,Kerala,10.8505,76.2711,0.0,26.9,47.1,989.4,100.0,OBS_20250719_KER
2025-07-19,Rajasthan,27.0238,74.2179,9.1,25.8,42.7,989.6,100.0,OBS_20250719_RAJ
2025-07-19,Odisha,20.9517,85.0985,79.4,29.7,45.4,992.4,89.7,OBS_20250719_ODI
2025-07-19,Assam,26.2006,92.9376,38.7,27.2,34.8,987.7,92.3,OBS_20250719_ASS
2025-07-19,Punjab,31.1471,75.3412,10.6,29.6,41.7,993.7,96.6,OBS_20250719_PUN
2025-07-19,Tamil Nadu,11.1271,78.6569,0.0,34.2,21.7,1003.5,77.8,OBS_20250719_TAM
2025-07-19,Andhra Pradesh,15.9129,79.74,81.1,26.7,41.7,991.3,99.8,OBS_20250719_AND
2025-07-19,West Bengal,22.9868,87.855,166.0,29.1,41.3,993.5,91.8,OBS_20250719_WES
2025-07-19,Madhya Pradesh,22.9734,78.6569,402.9,25.6,38.1,987.4,95.2,OBS_20250719_MAD
2025-07-19,Uttar Pradesh,26.8467,80.9462,3.5,26.0,39.4,989.0,97.7,OBS_20250719_UTT
2025-07-19,Karnataka,15.3173,75.7139,0.6,24.5,39.5,990.3,100.0,OBS_20250719_KAR
2025-07-19,Himachal Pradesh,31.1048,77.1734,49.3,29.0,40.7,993.2,98.6,OBS_20250719_HIM
2025-07-19,Bihar,25.0961,85.3131,78.0,23.4,40.2,993.2,97.7,OBS_20250719_BIH
2025-07-20,Gujarat,22.2587,71.1924,52.9,25.0,47.8,990.0,83.1,OBS_20250720_GUJ
2025-07-20,Maharashtra,19.7515,75.7139,54.8,26.7,45.5,995.7,97.9,OBS_20250720_MAH
2025-07-20,Kerala,10.8505,76.2711,283.7,30.2,43.2,990.4,97.8,OBS_20250720_KER
2025-07-20,Rajasthan,27.0238,74.2179,90.0,28.1,44.5,991.0,100.0,OBS_20250720_RAJ
2025-07-20,Odisha,20.9517,85.0985,0.0,25.7,42.5,993.1,100.0,OBS_20250720_ODI
2025-07-20,Assam,26.2006,92.9376,94.1,26.2,37.2,990.7,96.7,OBS_20250720_ASS
2025-07-20,Punjab,31.1471,75.3412,19.4,25.2,42.1,988.5,96.3,OBS_20250720_PUN
2025-07-20,Tamil Nadu,11.1271,78.6569,16.5,30.4,15.7,1000.3,64.1,OBS_20250720_TAM
2025-07-20,Andhra Pradesh,15.9129,79.74,41.5,28.4,45.0,988.1,97.9,OBS_20250720_AND
2025-07-20,West Bengal,22.9868,87.855,2.9,28.3,42.0,988.3,94.7,OBS_20250720_WES
2025-07-20,Madhya Pradesh,22.9734,78.6569,65.6,26.2,36.0,992.7,100.0,OBS_20250720_MAD
2025-07-20,Uttar Pradesh,26.8467,80.9462,84.0,23.2,44.1,991.1,94.3,OBS_20250720_UTT
2025-07-20,Karnataka,15.3173,75.7139,66.9,26.4,55.4,994.4,95.7,OBS_20250720_KAR
2025-07-20,Himachal Pradesh,31.1048,77.1734,32.4,29.1,41.2,994.3,96.9,OBS_20250720_HIM
2025-07-20,Bihar,25.0961,85.3131,24.1,25.0,47.2,984.4,98.6,OBS_20250720_BIH
2025-07-21,Gujarat,22.2587,71.1924,0.0,28.0,39.6,990.4,94.8,OBS_20250721_GUJ
2025-07-21,Maharashtra,19.7515,75.7139,4.9,27.4,43.4,991.6,100.0,OBS_20250721_MAH
2025-07-21,Kerala,10.8505,76.2711,76.7,26.1,41.4,991.2,100.0,OBS_20250721_KER
2025-07-21,Rajasthan,27.0238,74.2179,116.8,25.7,41.1,989.8,93.1,OBS_20250721_RAJ
2025-07-21,Odisha,20.9517,85.0985,0.0,26.5,43.0,990.3,99.9,OBS_20250721_ODI
2025-07-21,Assam,26.2006,92.9376,3.0,29.9,37.2,990.8,97.5,OBS_20250721_ASS
2025-07-21,Punjab,31.1471,75.3412,0.0,26.6,40.7,991.0,100.0,OBS_20250721_PUN
2025-07-21,Tamil Nadu,11.1271,78.6569,0.0,32.9,14.5,1004.7,48.8,OBS_20250721_TAM
2025-07-21,Andhra Pradesh,15.9129,79.74,107.5,27.0,40.6,992.0,93.5,OBS_20250721_AND
2025-07-21,West Bengal,22.9868,87.855,34.4,28.3,45.0,992.2,93.8,OBS_20250721_WES
2025-07-21,Madhya Pradesh,22.9734,78.6569,83.3,26.0,43.5,994.3,89.1,OBS_20250721_MAD
2025-07-21,Uttar Pradesh,26.8467,80.9462,0.0,29.4,45.6,990.6,94.3,OBS_20250721_UTT
2025-07-21,Karnataka,15.3173,75.7139,164.1,27.7,37.3,991.4,100.0,OBS_20250721_KAR
2025-07-21,Himachal Pradesh,31.1048,77.1734,267.8,29.9,48.2,988.9,91.8,OBS_20250721_HIM
2025-07-21,Bihar,25.0961,85.3131,127.1,28.6,39.4,990.9,97.5,OBS_20250721_BIH
2025-07-22,Gujarat,22.2587,71.1924,5.7,32.7,41.3,990.5,99.5,OBS_20250722_GUJ
2025-07-22,Maharashtra,19.7515,75.7139,0.3,33.3,37.7,991.4,87.2,OBS_20250722_MAH
2025-07-22,Kerala,10.8505,76.2711,175.6,26.4,38.7,991.5,89.7,OBS_20250722_KER
2025-07-22,Rajasthan,27.0238,74.2179,33.4,25.6,42.1,991.1,86.9,OBS_20250722_RAJ
2025-07-22,Odisha,20.9517,85.0985,125.3,28.2,40.7,989.3,100.0,OBS_20250722_ODI
2025-07-22,Assam,26.2006,92.9376,192.2,28.2,40.6,990.5,97.8,OBS_20250722_ASS
2025-07-22,Punjab,31.1471,75.3412,151.3,22.3,34.0,991.3,89.9,OBS_20250722_PUN
2025-07-22,Tamil Nadu,11.1271,78.6569,14.3,27.2,21.6,1006.9,60.8,OBS_20250722_TAM
2025-07-22,Andhra Pradesh,15.9129,79.74,24.4,30.4,36.6,989.1,100.0,OBS_20250722_AND
2025-07-22,West Bengal,22.9868,87.855,0.0,22.8,37.9,991.5,92.7,OBS_20250722_WES
2025-07-22,Madhya Pradesh,22.9734,78.6569,41.1,24.6,38.6,991.7,88.6,OBS_20250722_MAD
2025-07-22,Uttar Pradesh,26.8467,80.9462,8.2,24.6,27.6,988.2,95.0,OBS_20250722_UTT
2025-07-22,Karnataka,15.3173,75.7139,6.4,26.5,47.5,992.1,100.0,OBS_20250722_KAR
2025-07-22,Himachal Pradesh,31.1048,77.1734,0.0,27.6,40.6,991.4,100.0,OBS_20250722_HIM
2025-07-22,Bihar,25.0961,85.3131,85.6,25.3,37.4,989.0,96.7,OBS_20250722_BIH
2025-07-23,Gujarat,22.2587,71.1924,14.0,28.7,48.7,988.2,97.5,OBS_20250723_GUJ
2025-07-23,Maharashtra,19.7515,75.7139,24.5,31.2,41.2,989.2,96.4,OBS_20250723_MAH
2025-07-23,Kerala,10.8505,76.2711,106.7,23.0,46.4,989.8,100.0,OBS_20250723_KER
2025-07-23,Rajasthan,27.0238,74.2179,8.5,28.2,43.1,991.1,91.4,OBS_20250723_RAJ
2025-07-23,Odisha,20.9517,85.0985,35.7,28.4,40.9,990.8,79.7,OBS_20250723_ODI
2025-07-23,Assam,26.2006,92.9376,0.0,27.9,40.5,989.5,99.3,OBS_20250723_ASS
2025-07-23,Punjab,31.1471,75.3412,0.0,24.4,39.9,992.1,98.8,OBS_20250723_PUN
2025-07-23,Tamil Nadu,11.1271,78.6569,28.7,31.1,18.9,1000.8,62.2,OBS_20250723_TAM
2025-07-23,Andhra Pradesh,15.9129,79.74,159.2,27.5,44.9,994.0,93.1,OBS_20250723_AND
2025-07-23,West Bengal,22.9868,87.855,0.0,26.5,40.4,992.6,77.5,OBS_20250723_WES
2025-07-23,Madhya Pradesh,22.9734,78.6569,13.9,27.3,37.7,992.5,89.7,OBS_20250723_MAD
2025-07-23,Uttar Pradesh,26.8467,80.9462,68.8,27.8,43.5,992.5,96.2,OBS_20250723_UTT
2025-07-23,Karnataka,15.3173,75.7139,7.7,20.6,40.3,993.9,100.0,OBS_20250723_KAR
2025-07-23,Himachal Pradesh,31.1048,77.1734,25.4,27.6,41.0,992.4,100.0,OBS_20250723_HIM
2025-07-23,Bihar,25.0961,85.3131,261.2,23.6,39.4,993.1,94.2,OBS_20250723_BIH
2025-07-24,Gujarat,22.2587,71.1924,0.0,25.2,37.6,988.4,90.6,OBS_20250724_GUJ
2025-07-24,Maharashtra,19.7515,75.7139,95.5,23.3,46.6,989.5,99.2,OBS_20250724_MAH
2025-07-24,Kerala,10.8505,76.2711,15.2,24.2,39.2,993.9,99.9,OBS_20250724_KER
2025-07-24,Rajasthan,27.0238,74.2179,0.0,29.8,37.2,992.3,92.6,OBS_20250724_RAJ
2025-07-24,Odisha,20.9517,85.0985,6.7,27.5,38.5,987.8,99.7,OBS_20250724_ODI
2025-07-24,Assam,26.2006,92.9376,30.6,29.4,41.7,992.4,94.9,OBS_20250724_ASS
2025-07-24,Punjab,31.1471,75.3412,38.7,28.9,43.6,991.1,96.6,OBS_20250724_PUN
2025-07-24,Tamil Nadu,11.1271,78.6569,0.2,31.7,16.2,1004.0,68.4,OBS_20250724_TAM
2025-07-24,Andhra Pradesh,15.9129,79.74,0.0,28.4,38.4,991.8,96.1,OBS_20250724_AND
2025-07-24,West Bengal,22.9868,87.855,2.2,29.3,41.8,992.0,100.0,OBS_20250724_WES
2025-07-24,Madhya Pradesh,22.9734,78.6569,26.6,27.1,38.5,995.0,100.0,OBS_20250724_MAD
2025-07-24,Uttar Pradesh,26.8467,80.9462,51.5,22.1,43.0,992.6,83.3,OBS_20250724_UTT
2025-07-24,Karnataka,15.3173,75.7139,56.3,24.9,40.8,993.4,89.7,OBS_20250724_KAR
2025-07-24,Himachal Pradesh,31.1048,77.1734,288.0,28.4,45.5,991.4,96.2,OBS_20250724_HIM
2025-07-24,Bihar,25.0961,85.3131,3.7,22.8,45.9,987.6,100.0,OBS_20250724_BIH
2025-07-25,Gujarat,22.2587,71.1924,5.3,31.5,45.7,990.7,99.3,OBS_20250725_GUJ
2025-07-25,Maharashtra,19.7515,75.7139,105.5,24.4,33.6,989.9,99.3,OBS_20250725_MAH
2025-07-25,Kerala,10.8505,76.2711,87.0,25.5,45.5,991.9,100.0,OBS_20250725_KER
2025-07-25,Rajasthan,27.0238,74.2179,0.0,25.4,35.2,992.5,92.9,OBS_20250725_RAJ
2025-07-25,Odisha,20.9517,85.0985,110.2,26.3,35.9,990.4,95.4,OBS_20250725_ODI
2025-07-25,Assam,26.2006,92.9376,0.0,27.7,43.0,993.4,98.4,OBS_20250725_ASS
2025-07-25,Punjab,31.1471,75.3412,147.3,26.1,40.9,991.1,100.0,OBS_20250725_PUN
2025-07-25,Tamil Nadu,11.1271,78.6569,0.0,32.8,18.6,1003.7,64.1,OBS_20250725_TAM
2025-07-25,Andhra Pradesh,15.9129,79.74,65.8,27.8,43.9,997.1,88.8,OBS_20250725_AND
2025-07-25,West Bengal,22.9868,87.855,46.7,25.6,38.5,988.8,92.6,OBS_20250725_WES
2025-07-25,Madhya Pradesh,22.9734,78.6569,12.3,25.3,43.6,991.1,97.5,OBS_20250725_MAD
2025-07-25,Uttar Pradesh,26.8467,80.9462,19.9,23.1,42.2,989.6,100.0,OBS_20250725_UTT
2025-07-25,Karnataka,15.3173,75.7139,133.4,26.3,46.5,990.7,100.0,OBS_20250725_KAR
2025-07-25,Himachal Pradesh,31.1048,77.1734,32.4,25.3,38.1,997.8,100.0,OBS_20250725_HIM
2025-07-25,Bihar,25.0961,85.3131,114.0,28.0,44.0,992.5,100.0,OBS_20250725_BIH
2025-07-26,Gujarat,22.2587,71.1924,39.1,26.1,39.2,988.9,98.0,OBS_20250726_GUJ
2025-07-26,Maharashtra,19.7515,75.7139,146.7,27.8,41.5,989.5,100.0,OBS_20250726_MAH
2025-07-26,Kerala,10.8505,76.2711,146.5,27.4,41.3,993.1,95.6,OBS_20250726_KER
2025-07-26,Rajasthan,27.0238,74.2179,37.5,27.8,41.0,987.4,100.0,OBS_20250726_RAJ
2025-07-26,Odisha,20.9517,85.0985,0.0,26.4,45.2,992.4,100.0,OBS_20250726_ODI
2025-07-26,Assam,26.2006,92.9376,0.0,25.0,43.4,992.9,99.0,OBS_20250726_ASS
2025-07-26,Punjab,31.1471,75.3412,84.6,29.7,41.2,990.1,89.6,OBS_20250726_PUN
2025-07-26,Tamil Nadu,11.1271,78.6569,8.7,31.2,26.0,999.7,72.3,OBS_20250726_TAM
2025-07-26,Andhra Pradesh,15.9129,79.74,42.2,28.2,41.2,990.4,100.0,OBS_20250726_AND
2025-07-26,West Bengal,22.9868,87.855,89.0,25.3,37.1,994.2,100.0,OBS_20250726_WES
2025-07-26,Madhya Pradesh,22.9734,78.6569,64.7,24.9,41.0,991.6,99.7,OBS_20250726_MAD
2025-07-26,Uttar Pradesh,26.8467,80.9462,0.0,27.5,46.5,988.8,95.5,OBS_20250726_UTT
2025-07-26,Karnataka,15.3173,75.7139,24.3,28.8,34.3,994.9,92.0,OBS_20250726_KAR
2025-07-26,Himachal Pradesh,31.1048,77.1734,208.0,25.3,42.7,988.9,92.9,OBS_20250726_HIM
2025-07-26,Bihar,25.0961,85.3131,31.1,30.6,52.8,991.3,100.0,OBS_20250726_BIH
2025-07-27,Gujarat,22.2587,71.1924,0.7,30.0,43.1,990.3,93.5,OBS_20250727_GUJ
2025-07-27,Maharashtra,19.7515,75.7139,65.7,24.9,38.6,994.0,94.8,OBS_20250727_MAH
2025-07-27,Kerala,10.8505,76.2711,50.6,29.9,42.2,992.8,93.4,OBS_20250727_KER
2025-07-27,Rajasthan,27.0238,74.2179,19.5,28.8,45.0,992.0,100.0,OBS_20250727_RAJ
2025-07-27,Odisha,20.9517,85.0985,3.9,30.3,41.7,989.6,96.6,OBS_20250727_ODI
2025-07-27,Assam,26.2006,92.9376,139.9,23.4,42.2,989.4,94.1,OBS_20250727_ASS
2025-07-27,Punjab,31.1471,75.3412,5.8,28.5,45.0,994.1,100.0,OBS_20250727_PUN
2025-07-27,Tamil Nadu,11.1271,78.6569,0.0,32.4,19.8,1004.0,68.2,OBS_20250727_TAM
2025-07-27,Andhra Pradesh,15.9129,79.74,0.0,23.3,39.8,990.3,100.0,OBS_20250727_AND
2025-07-27,West Bengal,22.9868,87.855,128.6,24.1,44.8,990.4,93.3,OBS_20250727_WES
2025-07-27,Madhya Pradesh,22.9734,78.6569,19.5,29.6,35.9,989.2,91.6,OBS_20250727_MAD
2025-07-27,Uttar Pradesh,26.8467,80.9462,26.6,28.2,39.4,991.7,86.4,OBS_20250727_UTT
2025-07-27,Karnataka,15.3173,75.7139,108.9,25.3,40.6,992.9,91.8,OBS_20250727_KAR
2025-07-27,Himachal Pradesh,31.1048,77.1734,0.4,32.7,49.3,990.5,99.5,OBS_20250727_HIM
2025-07-27,Bihar,25.0961,85.3131,0.0,32.1,45.1,991.3,97.2,OBS_20250727_BIH
2025-07-28,Gujarat,22.2587,71.1924,20.1,26.9,36.6,988.7,100.0,OBS_20250728_GUJ
2025-07-28,Maharashtra,19.7515,75.7139,106.5,24.8,38.2,987.7,96.2,OBS_20250728_MAH
2025-07-28,Kerala,10.8505,76.2711,111.5,25.6,35.8,991.6,100.0,OBS_20250728_KER
2025-07-28,Rajasthan,27.0238,74.2179,59.3,30.1,40.6,987.9,100.0,OBS_20250728_RAJ
2025-07-28,Odisha,20.9517,85.0985,65.2,25.9,42.1,987.2,100.0,OBS_20250728_ODI
2025-07-28,Assam,26.2006,92.9376,10.9,25.3,41.4,991.1,94.1,OBS_20250728_ASS
2025-07-28,Punjab,31.1471,75.3412,162.7,26.0,37.8,991.2,92.4,OBS_20250728_PUN
2025-07-28,Tamil Nadu,11.1271,78.6569,0.0,29.2,12.3,1002.4,60.8,OBS_20250728_TAM
2025-07-28,Andhra Pradesh,15.9129,79.74,60.2,28.7,45.4,992.4,100.0,OBS_20250728_AND
2025-07-28,West Bengal,22.9868,87.855,2.3,29.1,47.3,990.8,96.6,OBS_20250728_WES
2025-07-28,Madhya Pradesh,22.9734,78.6569,68.1,25.0,37.7,991.1,90.1,OBS_20250728_MAD
2025-07-28,Uttar Pradesh,26.8467,80.9462,61.4,26.8,38.5,988.7,100.0,OBS_20250728_UTT
2025-07-28,Karnataka,15.3173,75.7139,34.8,26.1,43.4,990.2,97.5,OBS_20250728_KAR
2025-07-28,Himachal Pradesh,31.1048,77.1734,35.4,28.3,45.3,991.3,98.8,OBS_20250728_HIM
2025-07-28,Bihar,25.0961,85.3131,56.6,25.4,36.1,992.0,100.0,OBS_20250728_BIH
2025-07-29,Gujarat,22.2587,71.1924,16.7,26.2,43.5,992.4,95.4,OBS_20250729_GUJ
2025-07-29,Maharashtra,19.7515,75.7139,8.2,24.4,40.8,987.6,99.0,OBS_20250729_MAH
2025-07-29,Kerala,10.8505,76.2711,49.0,24.4,47.1,991.2,91.9,OBS_20250729_KER
2025-07-29,Rajasthan,27.0238,74.2179,72.3,25.9,50.9,989.8,100.0,OBS_20250729_RAJ
2025-07-29,Odisha,20.9517,85.0985,163.0,26.0,37.5,989.8,100.0,OBS_20250729_ODI
2025-07-29,Assam,26.2006,92.9376,86.4,27.7,47.2,991.0,97.5,OBS_20250729_ASS
2025-07-29,Punjab,31.1471,75.3412,0.0,19.7,48.2,988.0,98.4,OBS_20250729_PUN
2025-07-29,Tamil Nadu,11.1271,78.6569,3.0,27.8,22.7,1001.7,63.5,OBS_20250729_TAM
2025-07-29,Andhra Pradesh,15.9129,79.74,17.1,24.6,34.2,989.7,81.1,OBS_20250729_AND
2025-07-29,West Bengal,22.9868,87.855,0.0,20.6,46.7,995.2,100.0,OBS_20250729_WES
2025-07-29,Madhya Pradesh,22.9734,78.6569,22.3,24.9,35.0,992.2,98.5,OBS_20250729_MAD
2025-07-29,Uttar Pradesh,26.8467,80.9462,126.7,25.4,43.3,989.2,96.7,OBS_20250729_UTT
2025-07-29,Karnataka,15.3173,75.7139,152.8,29.1,40.0,989.3,100.0,OBS_20250729_KAR
2025-07-29,Himachal Pradesh,31.1048,77.1734,39.0,25.9,48.0,992.6,88.4,OBS_20250729_HIM
2025-07-29,Bihar,25.0961,85.3131,15.2,25.3,33.8,989.6,98.9,OBS_20250729_BIH
2025-07-30,Gujarat,22.2587,71.1924,150.6,28.7,37.2,990.8,100.0,OBS_20250730_GUJ
2025-07-30,Maharashtra,19.7515,75.7139,35.7,28.6,35.9,990.6,88.8,OBS_20250730_MAH
2025-07-30,Kerala,10.8505,76.2711,120.1,23.9,41.4,989.4,99.1,OBS_20250730_KER
2025-07-30,Rajasthan,27.0238,74.2179,42.1,23.2,43.8,990.8,99.6,OBS_20250730_RAJ
2025-07-30,Odisha,20.9517,85.0985,62.5,25.5,41.8,989.0,89.8,OBS_20250730_ODI
2025-07-30,Assam,26.2006,92.9376,0.0,28.4,44.0,994.7,94.4,OBS_20250730_ASS
2025-07-30,Punjab,31.1471,75.3412,129.1,24.8,38.7,992.9,100.0,OBS_20250730_PUN
2025-07-30,Tamil Nadu,11.1271,78.6569,10.3,27.7,9.5,1004.8,71.1,OBS_20250730_TAM
2025-07-30,Andhra Pradesh,15.9129,79.74,3.3,29.5,48.1,992.2,100.0,OBS_20250730_AND
2025-07-30,West Bengal,22.9868,87.855,2.7,26.5,49.7,994.5,89.8,OBS_20250730_WES
2025-07-30,Madhya Pradesh,22.9734,78.6569,0.0,25.1,35.0,991.8,100.0,OBS_20250730_MAD
2025-07-30,Uttar Pradesh,26.8467,80.9462,12.2,23.3,37.5,991.5,88.1,OBS_20250730_UTT
2025-07-30,Karnataka,15.3173,75.7139,263.6,28.5,40.8,993.6,96.1,OBS_20250730_KAR
2025-07-30,Himachal Pradesh,31.1048,77.1734,62.5,24.1,37.7,991.8,98.8,OBS_20250730_HIM
2025-07-30,Bihar,25.0961,85.3131,0.7,27.0,40.3,989.1,92.7,OBS_20250730_BIH
2025-07-31,Gujarat,22.2587,71.1924,0.0,27.9,43.4,987.1,93.3,OBS_20250731_GUJ
2025-07-31,Maharashtra,19.7515,75.7139,0.0,28.4,46.1,992.6,96.8,OBS_20250731_MAH
2025-07-31,Kerala,10.8505,76.2711,87.9,27.2,44.2,988.1,100.0,OBS_20250731_KER
2025-07-31,Rajasthan,27.0238,74.2179,27.0,24.0,38.4,991.6,99.2,OBS_20250731_RAJ
2025-07-31,Odisha,20.9517,85.0985,151.6,27.1,30.0,991.1,98.8,OBS_20250731_ODI
2025-07-31,Assam,26.2006,92.9376,536.9,21.8,40.4,991.6,91.7,OBS_20250731_ASS
2025-07-31,Punjab,31.1471,75.3412,7.1,27.1,41.0,989.7,87.5,OBS_20250731_PUN
2025-07-31,Tamil Nadu,11.1271,78.6569,0.0,34.0,20.4,1000.5,60.2,OBS_20250731_TAM
2025-07-31,Andhra Pradesh,15.9129,79.74,0.0,27.9,43.1,992.9,90.1,OBS_20250731_AND
2025-07-31,West Bengal,22.9868,87.855,109.9,27.6,44.0,989.2,97.3,OBS_20250731_WES
2025-07-31,Madhya Pradesh,22.9734,78.6569,0.0,28.9,39.4,993.8,94.9,OBS_20250731_MAD
2025-07-31,Uttar Pradesh,26.8467,80.9462,0.0,29.5,46.4,990.8,93.9,OBS_20250731_UTT
2025-07-31,Karnataka,15.3173,75.7139,7.8,28.1,37.8,992.4,85.1,OBS_20250731_KAR
2025-07-31,Himachal Pradesh,31.1048,77.1734,2.6,20.5,46.6,989.3,87.4,OBS_20250731_HIM
2025-07-31,Bihar,25.0961,85.3131,135.8,27.0,45.5,990.5,100.0,OBS_20250731_BIH
2025-08-01,Gujarat,22.2587,71.1924,37.2,22.9,39.0,992.7,95.7,OBS_20250801_GUJ
2025-08-01,Maharashtra,19.7515,75.7139,0.0,23.6,44.4,990.8,95.1,OBS_20250801_MAH
2025-08-01,Kerala,10.8505,76.2711,96.1,28.6,35.2,989.7,100.0,OBS_20250801_KER
2025-08-01,Rajasthan,27.0238,74.2179,21.1,26.1,39.7,991.0,99.2,OBS_20250801_RAJ
2025-08-01,Odisha,20.9517,85.0985,250.4,28.8,42.5,989.0,94.7,OBS_20250801_ODI
2025-08-01,Assam,26.2006,92.9376,12.5,25.8,37.5,988.4,94.1,OBS_20250801_ASS
2025-08-01,Punjab,31.1471,75.3412,24.1,22.7,41.7,992.0,100.0,OBS_20250801_PUN
2025-08-01,Tamil Nadu,11.1271,78.6569,6.4,36.8,11.7,1000.8,66.2,OBS_20250801_TAM
2025-08-01,Andhra Pradesh,15.9129,79.74,3.2,27.6,41.3,991.0,94.1,OBS_20250801_AND
2025-08-01,West Bengal,22.9868,87.855,10.5,26.9,41.1,992.4,98.5,OBS_20250801_WES
2025-08-01,Madhya Pradesh,22.9734,78.6569,6.8,25.7,41.5,986.6,99.6,OBS_20250801_MAD
2025-08-01,Uttar Pradesh,26.8467,80.9462,45.1,28.0,41.8,992.0,100.0,OBS_20250801_UTT
2025-08-01,Karnataka,15.3173,75.7139,129.5,26.9,39.0,991.5,100.0,OBS_20250801_KAR
2025-08-01,Himachal Pradesh,31.1048,77.1734,34.5,27.5,39.4,993.6,96.2,OBS_20250801_HIM
2025-08-01,Bihar,25.0961,85.3131,124.6,23.3,44.3,993.7,100.0,OBS_20250801_BIH
2025-08-02,Gujarat,22.2587,71.1924,0.0,27.6,40.2,988.2,92.3,OBS_20250802_GUJ
2025-08-02,Maharashtra,19.7515,75.7139,119.8,27.8,38.7,992.7,95.3,OBS_20250802_MAH
2025-08-02,Kerala,10.8505,76.2711,38.7,22.3,37.9,989.3,100.0,OBS_20250802_KER
2025-08-02,Rajasthan,27.0238,74.2179,4.3,22.8,46.6,989.1,89.3,OBS_20250802_RAJ
2025-08-02,Odisha,20.9517,85.0985,153.7,34.7,45.1,990.0,98.9,OBS_20250802_ODI
2025-08-02,Assam,26.2006,92.9376,0.0,21.9,38.7,991.4,92.4,OBS_20250802_ASS
2025-08-02,Punjab,31.1471,75.3412,7.0,28.6,38.9,992.9,93.1,OBS_20250802_PUN
2025-08-02,Tamil Nadu,11.1271,78.6569,1.1,34.6,11.0,1002.5,68.2,OBS_20250802_TAM
2025-08-02,Andhra Pradesh,15.9129,79.74,13.1,22.8,47.2,990.7,91.5,OBS_20250802_AND
2025-08-02,West Bengal,22.9868,87.855,81.9,29.8,45.1,991.7,83.3,OBS_20250802_WES
2025-08-02,Madhya Pradesh,22.9734,78.6569,201.7,29.8,35.1,990.7,98.3,OBS_20250802_MAD
2025-08-02,Uttar Pradesh,26.8467,80.9462,10.5,24.2,35.6,995.0,92.5,OBS_20250802_UTT
2025-08-02,Karnataka,15.3173,75.7139,50.6,24.9,43.4,991.7,100.0,OBS_20250802_KAR
2025-08-02,Himachal Pradesh,31.1048,77.1734,1.2,26.3,41.4,988.8,90.3,OBS_20250802_HIM
2025-08-02,Bihar,25.0961,85.3131,48.8,29.5,43.8,989.9,100.0,OBS_20250802_BIH
2025-08-03,Gujarat,22.2587,71.1924,84.1,25.2,42.8,992.3,99.8,OBS_20250803_GUJ
2025-08-03,Maharashtra,19.7515,75.7139,0.8,27.2,51.3,993.1,93.1,OBS_20250803_MAH
2025-08-03,Kerala,10.8505,76.2711,24.1,25.9,41.7,992.7,94.2,OBS_20250803_KER
2025-08-03,Rajasthan,27.0238,74.2179,128.1,30.1,44.1,989.4,90.6,OBS_20250803_RAJ
2025-08-03,Odisha,20.9517,85.0985,94.0,26.8,45.2,988.5,86.1,OBS_20250803_ODI
2025-08-03,Assam,26.2006,92.9376,232.1,25.6,45.0,993.9,99.8,OBS_20250803_ASS
2025-08-03,Punjab,31.1471,75.3412,52.4,27.7,40.9,993.7,100.0,OBS_20250803_PUN
2025-08-03,Tamil Nadu,11.1271,78.6569,8.4,32.7,21.6,1004.6,65.8,OBS_20250803_TAM
2025-08-03,Andhra Pradesh,15.9129,79.74,61.8,26.0,45.1,990.4,100.0,OBS_20250803_AND
2025-08-03,West Bengal,22.9868,87.855,30.1,23.6,42.2,992.2,87.8,OBS_20250803_WES
2025-08-03,Madhya Pradesh,22.9734,78.6569,159.0,32.2,35.1,992.5,99.9,OBS_20250803_MAD
2025-08-03,Uttar Pradesh,26.8467,80.9462,217.0,27.6,33.2,993.1,99.2,OBS_20250803_UTT
2025-08-03,Karnataka,15.3173,75.7139,66.8,30.0,46.4,988.9,100.0,OBS_20250803_KAR
2025-08-03,Himachal Pradesh,31.1048,77.1734,44.2,27.2,42.1,990.9,94.8,OBS_20250803_HIM
2025-08-03,Bihar,25.0961,85.3131,72.3,27.9,40.0,993.0,94.1,OBS_20250803_BIH
2025-08-04,Gujarat,22.2587,71.1924,63.2,24.5,40.1,989.2,100.0,OBS_20250804_GUJ
2025-08-04,Maharashtra,19.7515,75.7139,168.3,26.6,36.8,993.3,90.4,OBS_20250804_MAH
2025-08-04,Kerala,10.8505,76.2711,131.5,26.2,45.1,989.6,96.3,OBS_20250804_KER
2025-08-04,Rajasthan,27.0238,74.2179,5.7,27.1,42.7,989.5,100.0,OBS_20250804_RAJ
2025-08-04,Odisha,20.9517,85.0985,171.1,30.0,31.5,994.5,100.0,OBS_20250804_ODI
2025-08-04,Assam,26.2006,92.9376,93.5,25.3,39.0,991.5,94.2,OBS_20250804_ASS
2025-08-04,Punjab,31.1471,75.3412,44.7,21.9,45.2,995.3,91.3,OBS_20250804_PUN
2025-08-04,Tamil Nadu,11.1271,78.6569,0.0,35.7,20.8,1001.8,76.2,OBS_20250804_TAM
2025-08-04,Andhra Pradesh,15.9129,79.74,32.2,27.8,42.6,991.6,93.8,OBS_20250804_AND
2025-08-04,West Bengal,22.9868,87.855,5.1,24.0,41.8,992.4,98.1,OBS_20250804_WES
2025-08-04,Madhya Pradesh,22.9734,78.6569,2.8,29.1,42.4,993.1,90.7,OBS_20250804_MAD
2025-08-04,Uttar Pradesh,26.8467,80.9462,25.3,27.0,32.8,989.4,98.1,OBS_20250804_UTT
2025-08-04,Karnataka,15.3173,75.7139,228.6,23.9,41.2,994.2,100.0,OBS_20250804_KAR
2025-08-04,Himachal Pradesh,31.1048,77.1734,1.7,26.6,47.8,993.0,84.4,OBS_20250804_HIM
2025-08-04,Bihar,25.0961,85.3131,161.1,27.6,38.4,990.4,95.6,OBS_20250804_BIH
2025-08-05,Gujarat,22.2587,71.1924,13.1,25.6,45.9,989.2,100.0,OBS_20250805_GUJ
2025-08-05,Maharashtra,19.7515,75.7139,4.5,25.7,44.1,993.4,100.0,OBS_20250805_MAH
2025-08-05,Kerala,10.8505,76.2711,77.5,24.9,37.5,988.2,100.0,OBS_20250805_KER
2025-08-05,Rajasthan,27.0238,74.2179,0.0,20.4,40.1,994.4,93.1,OBS_20250805_RAJ
2025-08-05,Odisha,20.9517,85.0985,12.4,27.1,37.0,992.4,100.0,OBS_20250805_ODI
2025-08-05,Assam,26.2006,92.9376,118.8,22.9,44.8,991.4,84.7,OBS_20250805_ASS
2025-08-05,Punjab,31.1471,75.3412,54.1,28.5,41.3,990.3,90.0,OBS_20250805_PUN
2025-08-05,Tamil Nadu,11.1271,78.6569,13.4,32.5,18.9,1002.3,80.4,OBS_20250805_TAM
2025-08-05,Andhra Pradesh,15.9129,79.74,11.3,23.5,35.0,992.9,89.9,OBS_20250805_AND
2025-08-05,West Bengal,22.9868,87.855,0.0,25.0,36.6,992.1,80.1,OBS_20250805_WES
2025-08-05,Madhya Pradesh,22.9734,78.6569,68.7,25.8,36.5,993.8,96.7,OBS_20250805_MAD
2025-08-05,Uttar Pradesh,26.8467,80.9462,25.6,27.0,40.3,992.3,96.1,OBS_20250805_UTT
2025-08-05,Karnataka,15.3173,75.7139,142.6,26.2,41.0,992.7,100.0,OBS_20250805_KAR
2025-08-05,Himachal Pradesh,31.1048,77.1734,146.0,27.0,38.0,987.5,90.9,OBS_20250805_HIM
2025-08-05,Bihar,25.0961,85.3131,1.9,24.1,36.9,991.8,96.0,OBS_20250805_BIH
2025-08-06,Gujarat,22.2587,71.1924,52.5,29.6,46.3,994.3,90.6,OBS_20250806_GUJ
2025-08-06,Maharashtra,19.7515,75.7139,8.3,25.7,36.4,995.3,100.0,OBS_20250806_MAH
2025-08-06,Kerala,10.8505,76.2711,304.2,20.2,44.1,991.5,93.1,OBS_20250806_KER
2025-08-06,Rajasthan,27.0238,74.2179,4.7,30.2,42.1,988.6,96.2,OBS_20250806_RAJ
2025-08-06,Odisha,20.9517,85.0985,213.7,21.4,40.5,991.7,98.2,OBS_20250806_ODI
2025-08-06,Assam,26.2006,92.9376,96.1,24.6,45.0,990.4,95.0,OBS_20250806_ASS
2025-08-06,Punjab,31.1471,75.3412,17.8,19.9,42.0,993.1,100.0,OBS_20250806_PUN
2025-08-06,Tamil Nadu,11.1271,78.6569,12.6,33.8,21.0,1004.4,58.8,OBS_20250806_TAM
2025-08-06,Andhra Pradesh,15.9129,79.74,29.7,25.7,41.8,990.8,94.5,OBS_20250806_AND
2025-08-06,West Bengal,22.9868,87.855,80.2,28.1,43.3,993.0,95.9,OBS_20250806_WES
2025-08-06,Madhya Pradesh,22.9734,78.6569,83.1,22.1,43.2,993.7,95.9,OBS_20250806_MAD
2025-08-06,Uttar Pradesh,26.8467,80.9462,117.9,23.3,43.6,988.2,99.2,OBS_20250806_UTT
2025-08-06,Karnataka,15.3173,75.7139,14.9,24.0,38.2,993.0,100.0,OBS_20250806_KAR
2025-08-06,Himachal Pradesh,31.1048,77.1734,0.0,25.9,45.7,994.8,92.8,OBS_20250806_HIM
2025-08-06,Bihar,25.0961,85.3131,195.7,25.6,36.8,990.7,100.0,OBS_20250806_BIH
2025-08-07,Gujarat,22.2587,71.1924,144.1,24.0,42.1,991.2,100.0,OBS_20250807_GUJ
2025-08-07,Maharashtra,19.7515,75.7139,14.6,27.9,38.1,991.6,98.4,OBS_20250807_MAH
2025-08-07,Kerala,10.8505,76.2711,394.4,26.7,45.4,988.7,86.4,OBS_20250807_KER
2025-08-07,Rajasthan,27.0238,74.2179,128.7,26.1,33.8,992.4,100.0,OBS_20250807_RAJ
2025-08-07,Odisha,20.9517,85.0985,4.2,29.8,45.7,991.4,98.7,OBS_20250807_ODI
2025-08-07,Assam,26.2006,92.9376,440.3,23.3,42.9,994.9,100.0,OBS_20250807_ASS
2025-08-07,Punjab,31.1471,75.3412,68.9,26.5,42.0,991.1,100.0,OBS_20250807_PUN
2025-08-07,Tamil Nadu,11.1271,78.6569,0.0,30.9,14.4,1004.4,68.5,OBS_20250807_TAM
2025-08-07,Andhra Pradesh,15.9129,79.74,119.4,24.5,39.9,991.1,97.3,OBS_20250807_AND
2025-08-07,West Bengal,22.9868,87.855,1.3,25.1,38.0,991.1,100.0,OBS_20250807_WES
2025-08-07,Madhya Pradesh,22.9734,78.6569,97.6,25.1,44.3,987.2,100.0,OBS_20250807_MAD
2025-08-07,Uttar Pradesh,26.8467,80.9462,0.0,25.5,37.4,993.8,96.9,OBS_20250807_UTT
2025-08-07,Karnataka,15.3173,75.7139,152.4,23.9,40.0,992.1,88.6,OBS_20250807_KAR
2025-08-07,Himachal Pradesh,31.1048,77.1734,114.3,25.6,40.4,993.2,98.4,OBS_20250807_HIM
2025-08-07,Bihar,25.0961,85.3131,8.9,22.4,45.5,992.6,95.7,OBS_20250807_BIH
2025-08-08,Gujarat,22.2587,71.1924,0.0,24.1,42.4,990.7,96.8,OBS_20250808_GUJ
2025-08-08,Maharashtra,19.7515,75.7139,70.3,27.1,42.1,990.7,92.7,OBS_20250808_MAH
2025-08-08,Kerala,10.8505,76.2711,291.4,23.1,33.5,990.5,100.0,OBS_20250808_KER
2025-08-08,Rajasthan,27.0238,74.2179,12.4,29.0,40.0,988.0,95.1,OBS_20250808_RAJ
2025-08-08,Odisha,20.9517,85.0985,74.1,23.1,44.3,993.0,98.4,OBS_20250808_ODI
2025-08-08,Assam,26.2006,92.9376,172.8,24.0,41.9,992.5,97.2,OBS_20250808_ASS
2025-08-08,Punjab,31.1471,75.3412,0.0,26.8,42.0,994.2,91.5,OBS_20250808_PUN
2025-08-08,Tamil Nadu,11.1271,78.6569,0.0,26.4,23.8,1005.5,53.2,OBS_20250808_TAM
2025-08-08,Andhra Pradesh,15.9129,79.74,122.0,28.7,42.4,987.7,97.5,OBS_20250808_AND
2025-08-08,West Bengal,22.9868,87.855,95.4,23.2,45.7,991.7,94.5,OBS_20250808_WES
2025-08-08,Madhya Pradesh,22.9734,78.6569,0.0,26.0,48.9,992.5,100.0,OBS_20250808_MAD
2025-08-08,Uttar Pradesh,26.8467,80.9462,0.8,27.0,48.3,992.7,100.0,OBS_20250808_UTT
2025-08-08,Karnataka,15.3173,75.7139,0.0,23.9,40.1,989.8,100.0,OBS_20250808_KAR
2025-08-08,Himachal Pradesh,31.1048,77.1734,186.6,25.8,43.8,989.0,87.2,OBS_20250808_HIM
2025-08-08,Bihar,25.0961,85.3131,81.2,26.0,45.0,988.3,99.9,OBS_20250808_BIH
2025-08-09,Gujarat,22.2587,71.1924,10.0,26.9,45.5,992.7,96.5,OBS_20250809_GUJ
2025-08-09,Maharashtra,19.7515,75.7139,122.4,27.3,45.3,993.7,98.3,OBS_20250809_MAH
2025-08-09,Kerala,10.8505,76.2711,9.0,25.0,44.7,992.8,97.5,OBS_20250809_KER
2025-08-09,Rajasthan,27.0238,74.2179,3.5,25.1,43.8,993.6,87.9,OBS_20250809_RAJ
2025-08-09,Odisha,20.9517,85.0985,14.4,21.4,37.7,989.8,96.5,OBS_20250809_ODI
2025-08-09,Assam,26.2006,92.9376,17.6,27.2,42.5,992.2,99.6,OBS_20250809_ASS
2025-08-09,Punjab,31.1471,75.3412,0.0,21.4,38.8,987.8,100.0,OBS_20250809_PUN
2025-08-09,Tamil Nadu,11.1271,78.6569,8.0,36.4,17.7,1003.0,72.9,OBS_20250809_TAM
2025-08-09,Andhra Pradesh,15.9129,79.74,25.5,32.3,43.2,991.5,100.0,OBS_20250809_AND
2025-08-09,West Bengal,22.9868,87.855,94.8,24.5,47.6,989.3,82.0,OBS_20250809_WES
2025-08-09,Madhya Pradesh,22.9734,78.6569,132.8,27.0,38.9,989.4,100.0,OBS_20250809_MAD
2025-08-09,Uttar Pradesh,26.8467,80.9462,44.1,24.4,39.5,988.4,98.0,OBS_20250809_UTT
2025-08-09,Karnataka,15.3173,75.7139,193.1,30.7,40.2,989.5,100.0,OBS_20250809_KAR
2025-08-09,Himachal Pradesh,31.1048,77.1734,55.9,25.9,40.5,989.4,100.0,OBS_20250809_HIM
2025-08-09,Bihar,25.0961,85.3131,12.9,22.7,32.2,990.3,100.0,OBS_20250809_BIH
2025-08-10,Gujarat,22.2587,71.1924,19.0,26.4,46.7,991.2,100.0,OBS_20250810_GUJ
2025-08-10,Maharashtra,19.7515,75.7139,0.7,24.2,35.9,993.5,90.3,OBS_20250810_MAH
2025-08-10,Kerala,10.8505,76.2711,211.8,24.5,31.6,991.1,100.0,OBS_20250810_KER
2025-08-10,Rajasthan,27.0238,74.2179,3.2,25.5,37.8,990.0,86.3,OBS_20250810_RAJ
2025-08-10,Odisha,20.9517,85.0985,0.0,25.4,41.0,992.1,100.0,OBS_20250810_ODI
2025-08-10,Assam,26.2006,92.9376,12.0,27.5,40.2,995.0,90.5,OBS_20250810_ASS
2025-08-10,Punjab,31.1471,75.3412,21.4,26.2,39.6,993.2,100.0,OBS_20250810_PUN
2025-08-10,Tamil Nadu,11.1271,78.6569,0.0,29.6,18.4,1003.5,53.4,OBS_20250810_TAM
2025-08-10,Andhra Pradesh,15.9129,79.74,0.2,26.0,37.8,988.7,97.7,OBS_20250810_AND
2025-08-10,West Bengal,22.9868,87.855,33.1,23.1,38.5,990.1,100.0,OBS_20250810_WES
2025-08-10,Madhya Pradesh,22.9734,78.6569,125.3,24.6,39.4,992.7,95.3,OBS_20250810_MAD
2025-08-10,Uttar Pradesh,26.8467,80.9462,47.1,26.0,40.4,989.2,94.1,OBS_20250810_UTT
2025-08-10,Karnataka,15.3173,75.7139,0.0,27.3,43.1,990.9,85.5,OBS_20250810_KAR
2025-08-10,Himachal Pradesh,31.1048,77.1734,55.3,28.8,41.0,989.4,89.1,OBS_20250810_HIM
2025-08-10,Bihar,25.0961,85.3131,67.5,26.6,42.7,989.8,100.0,OBS_20250810_BIH
2025-08-11,Gujarat,22.2587,71.1924,44.3,28.0,38.9,990.2,97.1,OBS_20250811_GUJ
2025-08-11,Maharashtra,19.7515,75.7139,92.6,28.7,40.5,987.8,93.7,OBS_20250811_MAH
2025-08-11,Kerala,10.8505,76.2711,40.5,25.6,43.0,990.6,100.0,OBS_20250811_KER
2025-08-11,Rajasthan,27.0238,74.2179,0.0,24.8,46.9,992.5,98.1,OBS_20250811_RAJ
2025-08-11,Odisha,20.9517,85.0985,1.3,27.5,48.2,991.0,100.0,OBS_20250811_ODI
2025-08-11,Assam,26.2006,92.9376,1.7,24.6,42.3,993.7,100.0,OBS_20250811_ASS
2025-08-11,Punjab,31.1471,75.3412,3.3,28.5,45.8,992.5,100.0,OBS_20250811_PUN
2025-08-11,Tamil Nadu,11.1271,78.6569,11.4,30.6,19.2,1004.7,72.8,OBS_20250811_TAM
2025-08-11,Andhra Pradesh,15.9129,79.74,25.6,27.9,40.9,993.8,100.0,OBS_20250811_AND
2025-08-11,West Bengal,22.9868,87.855,15.1,23.0,36.0,990.0,88.2,OBS_20250811_WES
2025-08-11,Madhya Pradesh,22.9734,78.6569,63.9,28.3,39.1,992.8,100.0,OBS_20250811_MAD
2025-08-11,Uttar Pradesh,26.8467,80.9462,85.2,27.5,41.7,993.4,96.8,OBS_20250811_UTT
2025-08-11,Karnataka,15.3173,75.7139,0.0,24.6,41.2,994.2,100.0,OBS_20250811_KAR
2025-08-11,Himachal Pradesh,31.1048,77.1734,13.2,28.6,38.9,990.1,89.0,OBS_20250811_HIM
2025-08-11,Bihar,25.0961,85.3131,230.2,28.0,42.3,986.4,84.2,OBS_20250811_BIH
2025-08-12,Gujarat,22.2587,71.1924,2.6,22.4,44.8,991.0,98.6,OBS_20250812_GUJ
2025-08-12,Maharashtra,19.7515,75.7139,10.3,27.5,41.0,994.5,100.0,OBS_20250812_MAH
2025-08-12,Kerala,10.8505,76.2711,280.1,25.6,37.2,990.2,98.0,OBS_20250812_KER
2025-08-12,Rajasthan,27.0238,74.2179,0.0,25.3,40.2,993.4,90.9,OBS_20250812_RAJ
2025-08-12,Odisha,20.9517,85.0985,5.4,23.6,39.1,993.2,94.7,OBS_20250812_ODI
2025-08-12,Assam,26.2006,92.9376,117.9,25.3,39.0,987.1,100.0,OBS_20250812_ASS
2025-08-12,Punjab,31.1471,75.3412,207.7,24.1,40.5,995.7,89.9,OBS_20250812_PUN
2025-08-12,Tamil Nadu,11.1271,78.6569,10.4,31.6,10.2,1002.2,54.3,OBS_20250812_TAM
2025-08-12,Andhra Pradesh,15.9129,79.74,79.3,25.2,46.3,992.3,99.5,OBS_20250812_AND
2025-08-12,West Bengal,22.9868,87.855,21.5,26.6,39.3,996.2,97.1,OBS_20250812_WES
2025-08-12,Madhya Pradesh,22.9734,78.6569,246.9,25.3,37.8,989.7,99.8,OBS_20250812_MAD
2025-08-12,Uttar Pradesh,26.8467,80.9462,0.0,25.6,42.4,991.4,98.5,OBS_20250812_UTT
2025-08-12,Karnataka,15.3173,75.7139,26.6,21.9,46.9,989.4,87.1,OBS_20250812_KAR
2025-08-12,Himachal Pradesh,31.1048,77.1734,104.6,27.1,37.4,991.5,97.0,OBS_20250812_HIM
2025-08-12,Bihar,25.0961,85.3131,48.3,24.9,47.1,990.7,96.5,OBS_20250812_BIH
2025-08-13,Gujarat,22.2587,71.1924,0.6,23.6,42.0,991.1,100.0,OBS_20250813_GUJ
2025-08-13,Maharashtra,19.7515,75.7139,112.1,29.6,41.7,987.9,100.0,OBS_20250813_MAH
2025-08-13,Kerala,10.8505,76.2711,2.4,26.8,41.6,991.2,98.5,OBS_20250813_KER
2025-08-13,Rajasthan,27.0238,74.2179,4.4,22.9,37.0,992.2,100.0,OBS_20250813_RAJ
2025-08-13,Odisha,20.9517,85.0985,145.1,28.0,39.6,992.3,87.3,OBS_20250813_ODI
2025-08-13,Assam,26.2006,92.9376,87.6,27.9,44.1,993.8,95.5,OBS_20250813_ASS
2025-08-13,Punjab,31.1471,75.3412,0.0,24.7,41.3,991.0,100.0,OBS_20250813_PUN
2025-08-13,Tamil Nadu,11.1271,78.6569,5.9,27.9,18.4,1001.9,50.7,OBS_20250813_TAM
2025-08-13,Andhra Pradesh,15.9129,79.74,95.0,25.9,42.0,990.1,81.9,OBS_20250813_AND
2025-08-13,West Bengal,22.9868,87.855,0.0,26.0,42.1,986.8,94.9,OBS_20250813_WES
2025-08-13,Madhya Pradesh,22.9734,78.6569,217.6,20.6,46.7,989.5,100.0,OBS_20250813_MAD
2025-08-13,Uttar Pradesh,26.8467,80.9462,2.1,26.8,40.0,993.4,97.9,OBS_20250813_UTT
2025-08-13,Karnataka,15.3173,75.7139,0.0,28.0,37.2,994.4,100.0,OBS_20250813_KAR
2025-08-13,Himachal Pradesh,31.1048,77.1734,5.2,30.8,41.4,989.5,100.0,OBS_20250813_HIM
2025-08-13,Bihar,25.0961,85.3131,164.1,25.4,45.7,991.4,98.7,OBS_20250813_BIH
2025-08-14,Gujarat,22.2587,71.1924,11.8,26.5,46.5,993.6,93.2,OBS_20250814_GUJ
2025-08-14,Maharashtra,19.7515,75.7139,95.8,24.9,45.9,992.1,93.8,OBS_20250814_MAH
2025-08-14,Kerala,10.8505,76.2711,133.3,21.9,38.9,991.4,93.6,OBS_20250814_KER
2025-08-14,Rajasthan,27.0238,74.2179,50.2,27.5,46.8,986.8,100.0,OBS_20250814_RAJ
2025-08-14,Odisha,20.9517,85.0985,319.1,22.2,41.2,988.6,95.8,OBS_20250814_ODI
2025-08-14,Assam,26.2006,92.9376,19.3,25.6,43.0,990.0,99.8,OBS_20250814_ASS
2025-08-14,Punjab,31.1471,75.3412,3.7,26.9,39.6,990.6,100.0,OBS_20250814_PUN
2025-08-14,Tamil Nadu,11.1271,78.6569,0.0,28.3,14.1,1006.6,64.5,OBS_20250814_TAM
2025-08-14,Andhra Pradesh,15.9129,79.74,6.2,25.5,38.1,990.2,86.8,OBS_20250814_AND
2025-08-14,West Bengal,22.9868,87.855,110.9,26.4,46.4,992.7,86.5,OBS_20250814_WES
2025-08-14,Madhya Pradesh,22.9734,78.6569,59.5,32.2,37.3,990.2,82.3,OBS_20250814_MAD
2025-08-14,Uttar Pradesh,26.8467,80.9462,9.3,25.8,49.0,989.8,81.2,OBS_20250814_UTT
2025-08-14,Karnataka,15.3173,75.7139,9.1,29.7,40.8,990.0,99.3,OBS_20250814_KAR
2025-08-14,Himachal Pradesh,31.1048,77.1734,86.5,29.6,41.5,990.1,94.3,OBS_20250814_HIM
2025-08-14,Bihar,25.0961,85.3131,93.5,20.3,48.2,989.1,88.6,OBS_20250814_BIH
2025-08-15,Gujarat,22.2587,71.1924,77.9,23.4,43.0,994.4,100.0,OBS_20250815_GUJ
2025-08-15,Maharashtra,19.7515,75.7139,45.9,24.8,43.6,993.3,89.3,OBS_20250815_MAH
2025-08-15,Kerala,10.8505,76.2711,291.0,27.4,35.6,994.0,100.0,OBS_20250815_KER
2025-08-15,Rajasthan,27.0238,74.2179,0.0,23.5,45.3,991.9,89.9,OBS_20250815_RAJ
2025-08-15,Odisha,20.9517,85.0985,188.9,26.6,38.9,995.0,100.0,OBS_20250815_ODI
2025-08-15,Assam,26.2006,92.9376,0.6,32.8,43.4,987.6,98.5,OBS_20250815_ASS
2025-08-15,Punjab,31.1471,75.3412,0.0,25.6,42.7,989.0,97.6,OBS_20250815_PUN
2025-08-15,Tamil Nadu,11.1271,78.6569,17.7,30.2,16.8,1005.5,57.0,OBS_20250815_TAM
2025-08-15,Andhra Pradesh,15.9129,79.74,104.0,27.8,43.4,993.9,98.3,OBS_20250815_AND
2025-08-15,West Bengal,22.9868,87.855,27.5,25.0,43.1,992.2,90.1,OBS_20250815_WES
2025-08-15,Madhya Pradesh,22.9734,78.6569,137.9,25.6,37.3,991.9,95.5,OBS_20250815_MAD
2025-08-15,Uttar Pradesh,26.8467,80.9462,0.0,27.6,43.4,990.5,92.5,OBS_20250815_UTT
2025-08-15,Karnataka,15.3173,75.7139,0.0,25.5,42.6,991.1,99.2,OBS_20250815_KAR
2025-08-15,Himachal Pradesh,31.1048,77.1734,0.0,29.0,40.3,992.5,100.0,OBS_20250815_HIM
2025-08-15,Bihar,25.0961,85.3131,30.3,26.2,47.8,991.2,100.0,OBS_20250815_BIH
2025-08-16,Gujarat,22.2587,71.1924,69.0,27.3,41.1,992.1,95.1,OBS_20250816_GUJ
2025-08-16,Maharashtra,19.7515,75.7139,18.3,21.9,46.5,989.1,96.6,OBS_20250816_MAH
2025-08-16,Kerala,10.8505,76.2711,120.4,23.0,41.9,990.3,87.1,OBS_20250816_KER
2025-08-16,Rajasthan,27.0238,74.2179,0.0,28.4,39.9,993.5,91.2,OBS_20250816_RAJ
2025-08-16,Odisha,20.9517,85.0985,132.0,26.7,42.8,992.6,90.7,OBS_20250816_ODI
2025-08-16,Assam,26.2006,92.9376,258.5,27.5,42.8,990.7,100.0,OBS_20250816_ASS
2025-08-16,Punjab,31.1471,75.3412,59.0,30.3,31.2,987.1,100.0,OBS_20250816_PUN
2025-08-16,Tamil Nadu,11.1271,78.6569,0.0,30.8,18.8,999.5,76.5,OBS_20250816_TAM
2025-08-16,Andhra Pradesh,15.9129,79.74,4.9,25.6,42.7,989.4,100.0,OBS_20250816_AND
2025-08-16,West Bengal,22.9868,87.855,129.3,25.7,44.7,989.5,95.0,OBS_20250816_WES
2025-08-16,Madhya Pradesh,22.9734,78.6569,233.7,25.2,43.2,988.9,100.0,OBS_20250816_MAD
2025-08-16,Uttar Pradesh,26.8467,80.9462,34.1,29.9,42.0,990.0,99.3,OBS_20250816_UTT
2025-08-16,Karnataka,15.3173,75.7139,66.5,26.3,34.6,992.2,89.6,OBS_20250816_KAR
2025-08-16,Himachal Pradesh,31.1048,77.1734,170.7,26.2,46.6,991.7,97.7,OBS_20250816_HIM
2025-08-16,Bihar,25.0961,85.3131,60.7,22.9,42.9,990.0,100.0,OBS_20250816_BIH
2025-08-17,Gujarat,22.2587,71.1924,46.9,21.5,42.4,988.1,100.0,OBS_20250817_GUJ
2025-08-17,Maharashtra,19.7515,75.7139,21.9,24.2,46.1,991.2,77.9,OBS_20250817_MAH
2025-08-17,Kerala,10.8505,76.2711,255.1,25.9,41.4,987.4,100.0,OBS_20250817_KER
2025-08-17,Rajasthan,27.0238,74.2179,0.0,27.0,38.4,992.2,90.5,OBS_20250817_RAJ
2025-08-17,Odisha,20.9517,85.0985,117.0,23.9,39.0,990.1,100.0,OBS_20250817_ODI
2025-08-17,Assam,26.2006,92.9376,43.4,27.2,39.5,993.6,100.0,OBS_20250817_ASS
2025-08-17,Punjab,31.1471,75.3412,15.6,24.3,41.2,991.0,93.9,OBS_20250817_PUN
2025-08-17,Tamil Nadu,11.1271,78.6569,0.0,25.5,21.8,1003.5,59.6,OBS_20250817_TAM
2025-08-17,Andhra Pradesh,15.9129,79.74,10.3,24.0,41.9,991.9,96.0,OBS_20250817_AND
2025-08-17,West Bengal,22.9868,87.855,0.0,26.5,37.8,990.2,80.7,OBS_20250817_WES
2025-08-17,Madhya Pradesh,22.9734,78.6569,8.2,21.8,35.7,990.5,100.0,OBS_20250817_MAD
2025-08-17,Uttar Pradesh,26.8467,80.9462,0.0,27.7,44.4,990.8,87.5,OBS_20250817_UTT
2025-08-17,Karnataka,15.3173,75.7139,0.0,27.3,49.2,991.7,100.0,OBS_20250817_KAR
2025-08-17,Himachal Pradesh,31.1048,77.1734,37.3,25.3,39.9,987.2,91.1,OBS_20250817_HIM
2025-08-17,Bihar,25.0961,85.3131,130.9,19.8,39.6,990.4,94.0,OBS_20250817_BIH
2025-08-18,Gujarat,22.2587,71.1924,99.7,21.2,40.8,994.2,98.9,OBS_20250818_GUJ
2025-08-18,Maharashtra,19.7515,75.7139,12.8,24.0,40.6,993.7,89.3,OBS_20250818_MAH
2025-08-18,Kerala,10.8505,76.2711,88.1,25.4,39.6,991.8,92.4,OBS_20250818_KER
2025-08-18,Rajasthan,27.0238,74.2179,19.2,25.0,39.0,988.8,95.6,OBS_20250818_RAJ
2025-08-18,Odisha,20.9517,85.0985,40.4,20.5,37.0,991.8,95.8,OBS_20250818_ODI
2025-08-18,Assam,26.2006,92.9376,292.0,27.8,39.8,996.4,97.8,OBS_20250818_ASS
2025-08-18,Punjab,31.1471,75.3412,56.9,23.3,43.9,985.7,100.0,OBS_20250818_PUN
2025-08-18,Tamil Nadu,11.1271,78.6569,0.0,32.6,21.7,1003.1,62.0,OBS_20250818_TAM
2025-08-18,Andhra Pradesh,15.9129,79.74,103.4,24.8,38.6,988.6,100.0,OBS_20250818_AND
2025-08-18,West Bengal,22.9868,87.855,10.5,26.7,42.2,989.4,100.0,OBS_20250818_WES
2025-08-18,Madhya Pradesh,22.9734,78.6569,152.4,25.6,45.6,989.2,95.0,OBS_20250818_MAD
2025-08-18,Uttar Pradesh,26.8467,80.9462,33.7,27.1,37.5,996.4,100.0,OBS_20250818_UTT
2025-08-18,Karnataka,15.3173,75.7139,107.0,28.1,43.8,989.4,100.0,OBS_20250818_KAR
2025-08-18,Himachal Pradesh,31.1048,77.1734,46.8,23.9,44.0,992.4,100.0,OBS_20250818_HIM
2025-08-18,Bihar,25.0961,85.3131,0.0,27.8,37.5,990.8,93.9,OBS_20250818_BIH
2025-08-19,Gujarat,22.2587,71.1924,23.3,24.2,41.3,995.4,91.4,OBS_20250819_GUJ
2025-08-19,Maharashtra,19.7515,75.7139,24.5,22.7,35.1,991.4,95.3,OBS_20250819_MAH
2025-08-19,Kerala,10.8505,76.2711,108.3,25.9,42.5,982.7,93.0,OBS_20250819_KER
2025-08-19,Rajasthan,27.0238,74.2179,29.4,23.9,46.6,992.8,91.9,OBS_20250819_RAJ
2025-08-19,Odisha,20.9517,85.0985,5.4,28.2,38.0,992.3,98.9,OBS_20250819_ODI
2025-08-19,Assam,26.2006,92.9376,102.8,23.4,40.2,994.0,88.4,OBS_20250819_ASS
2025-08-19,Punjab,31.1471,75.3412,0.0,25.1,46.8,995.3,98.5,OBS_20250819_PUN
2025-08-19,Tamil Nadu,11.1271,78.6569,24.7,32.6,12.1,1000.5,60.8,OBS_20250819_TAM
2025-08-19,Andhra Pradesh,15.9129,79.74,109.6,23.5,39.8,992.0,100.0,OBS_20250819_AND
2025-08-19,West Bengal,22.9868,87.855,136.1,25.6,43.1,991.9,100.0,OBS_20250819_WES
2025-08-19,Madhya Pradesh,22.9734,78.6569,0.0,27.5,40.8,991.0,87.0,OBS_20250819_MAD
2025-08-19,Uttar Pradesh,26.8467,80.9462,0.0,24.5,43.3,994.5,99.2,OBS_20250819_UTT
2025-08-19,Karnataka,15.3173,75.7139,3.0,26.9,50.1,992.5,91.1,OBS_20250819_KAR
2025-08-19,Himachal Pradesh,31.1048,77.1734,37.0,23.1,43.3,991.7,98.9,OBS_20250819_HIM
2025-08-19,Bihar,25.0961,85.3131,32.5,26.5,46.9,990.9,97.0,OBS_20250819_BIH
2025-08-20,Gujarat,22.2587,71.1924,146.3,29.8,41.0,989.7,100.0,OBS_20250820_GUJ
2025-08-20,Maharashtra,19.7515,75.7139,22.2,26.1,44.7,989.6,99.3,OBS_20250820_MAH
2025-08-20,Kerala,10.8505,76.2711,147.6,28.2,37.2,990.4,98.0,OBS_20250820_KER
2025-08-20,Rajasthan,27.0238,74.2179,0.7,24.5,47.6,993.8,90.8,OBS_20250820_RAJ
2025-08-20,Odisha,20.9517,85.0985,3.9,26.1,40.8,993.0,93.4,OBS_20250820_ODI
2025-08-20,Assam,26.2006,92.9376,0.0,25.1,41.1,992.0,96.2,OBS_20250820_ASS
2025-08-20,Punjab,31.1471,75.3412,28.5,27.8,49.4,988.9,95.6,OBS_20250820_PUN
2025-08-20,Tamil Nadu,11.1271,78.6569,0.0,33.4,20.8,1004.3,64.7,OBS_20250820_TAM
2025-08-20,Andhra Pradesh,15.9129,79.74,16.9,25.9,43.0,995.4,99.8,OBS_20250820_AND
2025-08-20,West Bengal,22.9868,87.855,4.1,23.6,41.4,988.9,95.6,OBS_20250820_WES
2025-08-20,Madhya Pradesh,22.9734,78.6569,36.9,28.9,41.4,991.0,98.3,OBS_20250820_MAD
2025-08-20,Uttar Pradesh,26.8467,80.9462,2.1,28.6,40.8,991.1,100.0,OBS_20250820_UTT
2025-08-20,Karnataka,15.3173,75.7139,147.8,27.7,39.4,990.4,100.0,OBS_20250820_KAR
2025-08-20,Himachal Pradesh,31.1048,77.1734,0.0,25.4,43.8,986.2,98.4,OBS_20250820_HIM
2025-08-20,Bihar,25.0961,85.3131,0.0,25.6,44.3,991.6,88.0,OBS_20250820_BIH
2025-08-21,Gujarat,22.2587,71.1924,37.3,25.3,37.7,987.9,90.7,OBS_20250821_GUJ
2025-08-21,Maharashtra,19.7515,75.7139,18.3,27.9,37.9,991.6,85.3,OBS_20250821_MAH
2025-08-21,Kerala,10.8505,76.2711,17.2,25.0,44.5,991.6,95.3,OBS_20250821_KER
2025-08-21,Rajasthan,27.0238,74.2179,1.7,23.4,42.2,995.1,100.0,OBS_20250821_RAJ
2025-08-21,Odisha,20.9517,85.0985,0.0,25.1,41.4,987.5,90.3,OBS_20250821_ODI
2025-08-21,Assam,26.2006,92.9376,119.0,21.4,37.8,990.0,92.2,OBS_20250821_ASS
2025-08-21,Punjab,31.1471,75.3412,33.3,27.5,40.1,992.6,100.0,OBS_20250821_PUN
2025-08-21,Tamil Nadu,11.1271,78.6569,25.1,26.7,18.8,1002.6,71.5,OBS_20250821_TAM
2025-08-21,Andhra Pradesh,15.9129,79.74,122.9,27.5,41.4,990.8,94.2,OBS_20250821_AND
2025-08-21,West Bengal,22.9868,87.855,11.7,22.4,45.8,992.3,88.9,OBS_20250821_WES
2025-08-21,Madhya Pradesh,22.9734,78.6569,0.0,25.2,39.6,991.1,98.8,OBS_20250821_MAD
2025-08-21,Uttar Pradesh,26.8467,80.9462,7.3,25.7,42.1,988.5,96.8,OBS_20250821_UTT
2025-08-21,Karnataka,15.3173,75.7139,0.0,20.1,47.4,992.1,85.3,OBS_20250821_KAR
2025-08-21,Himachal Pradesh,31.1048,77.1734,299.2,27.6,42.9,989.1,100.0,OBS_20250821_HIM
2025-08-21,Bihar,25.0961,85.3131,24.1,25.4,33.6,989.8,100.0,OBS_20250821_BIH
2025-08-22,Gujarat,22.2587,71.1924,5.8,24.2,40.4,991.7,99.1,OBS_20250822_GUJ
2025-08-22,Maharashtra,19.7515,75.7139,153.9,26.4,45.4,993.4,98.6,OBS_20250822_MAH
2025-08-22,Kerala,10.8505,76.2711,133.0,26.6,40.0,988.4,94.5,OBS_20250822_KER
2025-08-22,Rajasthan,27.0238,74.2179,119.3,24.2,44.8,993.5,93.7,OBS_20250822_RAJ
2025-08-22,Odisha,20.9517,85.0985,282.8,25.3,33.6,992.5,95.6,OBS_20250822_ODI
2025-08-22,Assam,26.2006,92.9376,66.8,25.1,35.9,991.7,100.0,OBS_20250822_ASS
2025-08-22,Punjab,31.1471,75.3412,45.2,18.3,41.9,990.6,95.4,OBS_20250822_PUN
2025-08-22,Tamil Nadu,11.1271,78.6569,7.9,33.7,22.9,1003.7,57.4,OBS_20250822_TAM
2025-08-22,Andhra Pradesh,15.9129,79.74,1.7,28.4,42.0,990.8,100.0,OBS_20250822_AND
2025-08-22,West Bengal,22.9868,87.855,86.2,24.8,37.9,990.9,99.2,OBS_20250822_WES
2025-08-22,Madhya Pradesh,22.9734,78.6569,1.1,26.6,44.8,989.0,100.0,OBS_20250822_MAD
2025-08-22,Uttar Pradesh,26.8467,80.9462,43.8,24.8,43.1,992.4,93.3,OBS_20250822_UTT
2025-08-22,Karnataka,15.3173,75.7139,9.2,25.0,44.5,989.6,89.9,OBS_20250822_KAR
2025-08-22,Himachal Pradesh,31.1048,77.1734,62.9,25.0,43.6,988.5,96.0,OBS_20250822_HIM
2025-08-22,Bihar,25.0961,85.3131,0.0,18.0,43.2,992.9,95.1,OBS_20250822_BIH
2025-08-23,Gujarat,22.2587,71.1924,97.8,25.6,47.6,996.0,92.9,OBS_20250823_GUJ
2025-08-23,Maharashtra,19.7515,75.7139,0.0,20.8,42.8,988.4,93.7,OBS_20250823_MAH
2025-08-23,Kerala,10.8505,76.2711,25.3,25.3,40.2,994.1,96.6,OBS_20250823_KER
2025-08-23,Rajasthan,27.0238,74.2179,0.0,28.6,41.8,991.1,97.2,OBS_20250823_RAJ
2025-08-23,Odisha,20.9517,85.0985,6.6,24.4,38.4,992.5,99.1,OBS_20250823_ODI
2025-08-23,Assam,26.2006,92.9376,24.5,25.7,42.6,989.3,98.7,OBS_20250823_ASS
2025-08-23,Punjab,31.1471,75.3412,6.0,20.7,39.4,990.3,97.9,OBS_20250823_PUN
2025-08-23,Tamil Nadu,11.1271,78.6569,20.3,28.4,16.0,1008.1,73.5,OBS_20250823_TAM
2025-08-23,Andhra Pradesh,15.9129,79.74,0.0,25.8,36.6,990.2,99.3,OBS_20250823_AND
2025-08-23,West Bengal,22.9868,87.855,0.0,27.8,39.9,989.8,94.3,OBS_20250823_WES
2025-08-23,Madhya Pradesh,22.9734,78.6569,13.2,23.5,39.2,992.3,84.9,OBS_20250823_MAD
2025-08-23,Uttar Pradesh,26.8467,80.9462,0.0,20.5,37.9,992.2,90.8,OBS_20250823_UTT
2025-08-23,Karnataka,15.3173,75.7139,55.1,25.4,30.3,991.2,100.0,OBS_20250823_KAR
2025-08-23,Himachal Pradesh,31.1048,77.1734,363.4,21.7,37.1,991.9,98.9,OBS_20250823_HIM
2025-08-23,Bihar,25.0961,85.3131,158.6,26.1,38.8,990.6,88.5,OBS_20250823_BIH
2025-08-24,Gujarat,22.2587,71.1924,22.7,25.3,46.7,987.4,100.0,OBS_20250824_GUJ
2025-08-24,Maharashtra,19.7515,75.7139,223.3,27.3,44.5,991.3,100.0,OBS_20250824_MAH
2025-08-24,Kerala,10.8505,76.2711,77.4,24.8,38.0,993.0,100.0,OBS_20250824_KER
2025-08-24,Rajasthan,27.0238,74.2179,39.0,23.2,42.6,990.3,100.0,OBS_20250824_RAJ
2025-08-24,Odisha,20.9517,85.0985,295.4,19.2,40.1,990.7,96.5,OBS_20250824_ODI
2025-08-24,Assam,26.2006,92.9376,194.0,25.5,45.1,995.4,100.0,OBS_20250824_ASS
2025-08-24,Punjab,31.1471,75.3412,20.9,24.3,41.4,990.7,94.5,OBS_20250824_PUN
2025-08-24,Tamil Nadu,11.1271,78.6569,11.6,27.6,21.5,1003.2,51.9,OBS_20250824_TAM
2025-08-24,Andhra Pradesh,15.9129,79.74,16.2,28.4,41.0,992.1,100.0,OBS_20250824_AND
2025-08-24,West Bengal,22.9868,87.855,201.7,25.5,36.9,988.9,89.1,OBS_20250824_WES
2025-08-24,Madhya Pradesh,22.9734,78.6569,159.0,22.8,37.3,990.6,97.0,OBS_20250824_MAD
2025-08-24,Uttar Pradesh,26.8467,80.9462,38.9,26.1,39.2,988.7,100.0,OBS_20250824_UTT
2025-08-24,Karnataka,15.3173,75.7139,35.8,28.1,39.5,991.6,94.8,OBS_20250824_KAR
2025-08-24,Himachal Pradesh,31.1048,77.1734,143.1,27.8,40.2,986.9,100.0,OBS_20250824_HIM
2025-08-24,Bihar,25.0961,85.3131,97.2,24.9,48.6,989.9,100.0,OBS_20250824_BIH
2025-08-25,Gujarat,22.2587,71.1924,0.0,21.4,40.2,991.5,96.3,OBS_20250825_GUJ
2025-08-25,Maharashtra,19.7515,75.7139,11.2,22.1,38.6,988.8,99.3,OBS_20250825_MAH
2025-08-25,Kerala,10.8505,76.2711,70.2,25.4,39.2,989.9,95.6,OBS_20250825_KER
2025-08-25,Rajasthan,27.0238,74.2179,0.0,22.8,40.3,993.0,100.0,OBS_20250825_RAJ
2025-08-25,Odisha,20.9517,85.0985,3.0,26.7,38.9,990.6,100.0,OBS_20250825_ODI
2025-08-25,Assam,26.2006,92.9376,70.1,22.9,38.0,988.7,100.0,OBS_20250825_ASS
2025-08-25,Punjab,31.1471,75.3412,76.1,23.6,45.2,991.7,100.0,OBS_20250825_PUN
2025-08-25,Tamil Nadu,11.1271,78.6569,3.5,28.5,12.2,1005.6,59.2,OBS_20250825_TAM
2025-08-25,Andhra Pradesh,15.9129,79.74,4.5,28.6,34.4,992.5,93.6,OBS_20250825_AND
2025-08-25,West Bengal,22.9868,87.855,113.0,29.2,39.0,994.1,96.7,OBS_20250825_WES
2025-08-25,Madhya Pradesh,22.9734,78.6569,32.4,25.2,37.5,993.7,93.7,OBS_20250825_MAD
2025-08-25,Uttar Pradesh,26.8467,80.9462,152.4,22.0,44.2,987.6,97.0,OBS_20250825_UTT
2025-08-25,Karnataka,15.3173,75.7139,5.4,23.6,44.1,986.9,100.0,OBS_20250825_KAR
2025-08-25,Himachal Pradesh,31.1048,77.1734,160.9,22.5,41.0,989.3,99.4,OBS_20250825_HIM
2025-08-25,Bihar,25.0961,85.3131,78.2,19.9,42.8,992.9,100.0,OBS_20250825_BIH
2025-08-26,Gujarat,22.2587,71.1924,0.0,25.5,41.1,991.1,83.8,OBS_20250826_GUJ
2025-08-26,Maharashtra,19.7515,75.7139,50.6,26.0,36.5,990.7,100.0,OBS_20250826_MAH
2025-08-26,Kerala,10.8505,76.2711,80.0,25.1,49.1,993.4,96.8,OBS_20250826_KER
2025-08-26,Rajasthan,27.0238,74.2179,63.3,25.2,46.0,990.8,96.2,OBS_20250826_RAJ
2025-08-26,Odisha,20.9517,85.0985,112.2,24.1,33.7,989.2,100.0,OBS_20250826_ODI
2025-08-26,Assam,26.2006,92.9376,47.2,30.1,36.6,991.0,97.3,OBS_20250826_ASS
2025-08-26,Punjab,31.1471,75.3412,61.4,24.4,42.3,993.5,93.2,OBS_20250826_PUN
2025-08-26,Tamil Nadu,11.1271,78.6569,1.7,31.8,12.0,1000.9,66.6,OBS_20250826_TAM
2025-08-26,Andhra Pradesh,15.9129,79.74,29.0,27.7,43.9,989.0,95.1,OBS_20250826_AND
2025-08-26,West Bengal,22.9868,87.855,31.0,27.8,39.0,992.2,81.0,OBS_20250826_WES
2025-08-26,Madhya Pradesh,22.9734,78.6569,8.5,24.5,47.4,991.2,93.7,OBS_20250826_MAD
2025-08-26,Uttar Pradesh,26.8467,80.9462,27.9,29.0,46.7,993.3,94.9,OBS_20250826_UTT
2025-08-26,Karnataka,15.3173,75.7139,0.4,25.0,39.0,989.5,87.2,OBS_20250826_KAR
2025-08-26,Himachal Pradesh,31.1048,77.1734,0.0,23.3,38.5,992.1,91.9,OBS_20250826_HIM
2025-08-26,Bihar,25.0961,85.3131,205.3,32.7,35.4,982.1,98.4,OBS_20250826_BIH
2025-08-27,Gujarat,22.2587,71.1924,76.7,21.0,45.2,992.7,96.6,OBS_20250827_GUJ
2025-08-27,Maharashtra,19.7515,75.7139,7.8,27.6,41.4,993.1,88.3,OBS_20250827_MAH
2025-08-27,Kerala,10.8505,76.2711,277.0,25.8,36.2,990.7,96.1,OBS_20250827_KER
2025-08-27,Rajasthan,27.0238,74.2179,31.0,28.9,44.1,988.9,100.0,OBS_20250827_RAJ
2025-08-27,Odisha,20.9517,85.0985,11.4,23.7,41.4,992.7,90.1,OBS_20250827_ODI
2025-08-27,Assam,26.2006,92.9376,18.8,23.3,41.3,991.4,97.8,OBS_20250827_ASS
2025-08-27,Punjab,31.1471,75.3412,17.2,27.5,41.9,988.1,93.7,OBS_20250827_PUN
2025-08-27,Tamil Nadu,11.1271,78.6569,3.5,27.1,13.2,1005.2,55.7,OBS_20250827_TAM
2025-08-27,Andhra Pradesh,15.9129,79.74,5.3,22.4,43.6,988.5,98.7,OBS_20250827_AND
2025-08-27,West Bengal,22.9868,87.855,101.4,21.3,43.1,990.0,94.9,OBS_20250827_WES
2025-08-27,Madhya Pradesh,22.9734,78.6569,0.4,25.6,33.4,989.0,100.0,OBS_20250827_MAD
2025-08-27,Uttar Pradesh,26.8467,80.9462,29.5,22.5,40.5,988.7,90.6,OBS_20250827_UTT
2025-08-27,Karnataka,15.3173,75.7139,48.1,23.9,40.9,992.0,91.4,OBS_20250827_KAR
2025-08-27,Himachal Pradesh,31.1048,77.1734,96.9,25.1,42.5,992.7,92.6,OBS_20250827_HIM
2025-08-27,Bihar,25.0961,85.3131,75.3,25.4,36.1,995.4,99.0,OBS_20250827_BIH
2025-08-28,Gujarat,22.2587,71.1924,41.7,26.0,47.4,994.5,94.2,OBS_20250828_GUJ
2025-08-28,Maharashtra,19.7515,75.7139,65.4,26.3,44.9,989.1,90.0,OBS_20250828_MAH
2025-08-28,Kerala,10.8505,76.2711,0.0,25.4,50.3,989.0,100.0,OBS_20250828_KER
2025-08-28,Rajasthan,27.0238,74.2179,98.5,32.0,49.9,989.5,100.0,OBS_20250828_RAJ
2025-08-28,Odisha,20.9517,85.0985,46.7,23.7,35.8,988.4,100.0,OBS_20250828_ODI
2025-08-28,Assam,26.2006,92.9376,29.5,25.2,38.9,989.7,100.0,OBS_20250828_ASS
2025-08-28,Punjab,31.1471,75.3412,68.1,25.6,45.6,990.6,99.9,OBS_20250828_PUN
2025-08-28,Tamil Nadu,11.1271,78.6569,0.0,27.6,15.2,1000.0,59.6,OBS_20250828_TAM
2025-08-28,Andhra Pradesh,15.9129,79.74,4.1,24.4,39.7,989.0,91.2,OBS_20250828_AND
2025-08-28,West Bengal,22.9868,87.855,143.3,24.8,36.6,996.9,100.0,OBS_20250828_WES
2025-08-28,Madhya Pradesh,22.9734,78.6569,5.6,29.8,33.7,990.0,93.4,OBS_20250828_MAD
2025-08-28,Uttar Pradesh,26.8467,80.9462,63.5,25.7,40.1,993.3,100.0,OBS_20250828_UTT
2025-08-28,Karnataka,15.3173,75.7139,129.7,22.4,33.9,990.0,87.1,OBS_20250828_KAR
2025-08-28,Himachal Pradesh,31.1048,77.1734,10.9,22.7,41.1,992.5,88.6,OBS_20250828_HIM
2025-08-28,Bihar,25.0961,85.3131,7.8,21.4,48.1,988.6,88.3,OBS_20250828_BIH
2025-08-29,Gujarat,22.2587,71.1924,0.0,27.4,42.4,990.9,100.0,OBS_20250829_GUJ
2025-08-29,Maharashtra,19.7515,75.7139,61.6,24.2,45.1,987.4,96.2,OBS_20250829_MAH
2025-08-29,Kerala,10.8505,76.2711,101.1,26.5,45.7,993.4,100.0,OBS_20250829_KER
2025-08-29,Rajasthan,27.0238,74.2179,0.0,32.0,40.1,990.5,99.7,OBS_20250829_RAJ
2025-08-29,Odisha,20.9517,85.0985,271.3,24.8,43.7,989.2,100.0,OBS_20250829_ODI
2025-08-29,Assam,26.2006,92.9376,81.3,24.9,32.5,990.0,100.0,OBS_20250829_ASS
2025-08-29,Punjab,31.1471,75.3412,128.6,26.9,42.3,986.9,91.8,OBS_20250829_PUN
2025-08-29,Tamil Nadu,11.1271,78.6569,3.7,30.8,17.3,1005.2,62.3,OBS_20250829_TAM
2025-08-29,Andhra Pradesh,15.9129,79.74,25.3,23.6,42.6,990.9,97.8,OBS_20250829_AND
2025-08-29,West Bengal,22.9868,87.855,15.4,22.3,40.7,992.7,100.0,OBS_20250829_WES
2025-08-29,Madhya Pradesh,22.9734,78.6569,198.8,22.8,41.4,991.4,85.6,OBS_20250829_MAD
2025-08-29,Uttar Pradesh,26.8467,80.9462,236.6,23.2,39.8,989.2,88.2,OBS_20250829_UTT
2025-08-29,Karnataka,15.3173,75.7139,0.0,24.1,36.5,991.0,93.8,OBS_20250829_KAR
2025-08-29,Himachal Pradesh,31.1048,77.1734,0.0,25.6,44.4,993.0,99.4,OBS_20250829_HIM
2025-08-29,Bihar,25.0961,85.3131,13.8,26.7,35.1,993.6,95.9,OBS_20250829_BIH
2025-08-30,Gujarat,22.2587,71.1924,0.0,23.9,46.0,990.0,90.8,OBS_20250830_GUJ
2025-08-30,Maharashtra,19.7515,75.7139,162.2,23.6,46.1,992.2,86.8,OBS_20250830_MAH
2025-08-30,Kerala,10.8505,76.2711,132.6,24.1,37.9,992.3,95.8,OBS_20250830_KER
2025-08-30,Rajasthan,27.0238,74.2179,2.6,23.2,33.4,990.4,100.0,OBS_20250830_RAJ
2025-08-30,Odisha,20.9517,85.0985,44.7,21.5,41.1,990.3,95.3,OBS_20250830_ODI
2025-08-30,Assam,26.2006,92.9376,99.5,27.0,44.1,992.4,92.6,OBS_20250830_ASS
2025-08-30,Punjab,31.1471,75.3412,0.7,28.9,38.2,990.1,100.0,OBS_20250830_PUN
2025-08-30,Tamil Nadu,11.1271,78.6569,14.8,30.7,15.1,1003.5,79.6,OBS_20250830_TAM
2025-08-30,Andhra Pradesh,15.9129,79.74,8.9,23.7,38.0,988.0,100.0,OBS_20250830_AND
2025-08-30,West Bengal,22.9868,87.855,1.9,26.6,49.1,990.3,90.9,OBS_20250830_WES
2025-08-30,Madhya Pradesh,22.9734,78.6569,156.5,21.1,39.2,989.0,99.8,OBS_20250830_MAD
2025-08-30,Uttar Pradesh,26.8467,80.9462,54.5,23.7,40.0,993.0,93.5,OBS_20250830_UTT
2025-08-30,Karnataka,15.3173,75.7139,13.1,27.4,37.7,993.1,97.1,OBS_20250830_KAR
2025-08-30,Himachal Pradesh,31.1048,77.1734,77.8,23.3,47.7,992.4,99.8,OBS_20250830_HIM
2025-08-30,Bihar,25.0961,85.3131,72.6,27.6,41.4,994.7,99.6,OBS_20250830_BIH
2025-08-31,Gujarat,22.2587,71.1924,21.2,21.5,45.1,992.2,92.8,OBS_20250831_GUJ
2025-08-31,Maharashtra,19.7515,75.7139,33.4,25.9,37.5,991.4,98.9,OBS_20250831_MAH
2025-08-31,Kerala,10.8505,76.2711,138.3,23.5,37.0,988.6,100.0,OBS_20250831_KER
2025-08-31,Rajasthan,27.0238,74.2179,0.4,23.5,38.8,987.2,95.2,OBS_20250831_RAJ
2025-08-31,Odisha,20.9517,85.0985,69.7,24.5,42.3,989.2,100.0,OBS_20250831_ODI
2025-08-31,Assam,26.2006,92.9376,5.3,24.3,40.5,994.3,96.6,OBS_20250831_ASS
2025-08-31,Punjab,31.1471,75.3412,0.0,19.6,40.6,991.3,100.0,OBS_20250831_PUN
2025-08-31,Tamil Nadu,11.1271,78.6569,7.8,28.1,23.3,1003.4,69.1,OBS_20250831_TAM
2025-08-31,Andhra Pradesh,15.9129,79.74,0.0,23.9,42.0,988.5,87.6,OBS_20250831_AND
2025-08-31,West Bengal,22.9868,87.855,11.0,23.0,45.7,992.8,100.0,OBS_20250831_WES
2025-08-31,Madhya Pradesh,22.9734,78.6569,5.0,24.6,35.6,994.0,93.6,OBS_20250831_MAD
2025-08-31,Uttar Pradesh,26.8467,80.9462,35.7,22.6,40.9,991.2,100.0,OBS_20250831_UTT
2025-08-31,Karnataka,15.3173,75.7139,0.0,23.1,48.8,990.9,94.4,OBS_20250831_KAR
2025-08-31,Himachal Pradesh,31.1048,77.1734,20.8,25.8,42.7,992.2,98.3,OBS_20250831_HIM
2025-08-31,Bihar,25.0961,85.3131,38.6,27.0,47.5,991.6,96.4,OBS_20250831_BIH
2025-09-01,Gujarat,22.2587,71.1924,36.6,21.6,43.7,993.7,89.5,OBS_20250901_GUJ
2025-09-01,Maharashtra,19.7515,75.7139,135.4,22.6,41.4,991.7,93.7,OBS_20250901_MAH
2025-09-01,Kerala,10.8505,76.2711,97.0,25.6,46.5,992.9,96.3,OBS_20250901_KER
2025-09-01,Rajasthan,27.0238,74.2179,20.8,26.4,45.3,992.3,100.0,OBS_20250901_RAJ
2025-09-01,Odisha,20.9517,85.0985,176.8,23.1,45.8,991.2,92.7,OBS_20250901_ODI
2025-09-01,Assam,26.2006,92.9376,126.0,23.8,38.6,990.2,100.0,OBS_20250901_ASS
2025-09-01,Punjab,31.1471,75.3412,72.3,26.1,42.5,991.8,100.0,OBS_20250901_PUN
2025-09-01,Tamil Nadu,11.1271,78.6569,16.6,25.9,11.9,996.3,53.4,OBS_20250901_TAM
2025-09-01,Andhra Pradesh,15.9129,79.74,29.1,25.6,44.4,993.3,87.7,OBS_20250901_AND
2025-09-01,West Bengal,22.9868,87.855,109.6,28.4,45.9,993.5,100.0,OBS_20250901_WES
2025-09-01,Madhya Pradesh,22.9734,78.6569,23.2,20.5,42.3,989.5,100.0,OBS_20250901_MAD
2025-09-01,Uttar Pradesh,26.8467,80.9462,0.0,19.5,45.4,987.7,100.0,OBS_20250901_UTT
2025-09-01,Karnataka,15.3173,75.7139,43.5,26.4,46.4,991.4,93.7,OBS_20250901_KAR
2025-09-01,Himachal Pradesh,31.1048,77.1734,8.9,23.6,31.0,990.2,89.3,OBS_20250901_HIM
2025-09-01,Bihar,25.0961,85.3131,0.0,21.8,42.7,992.0,100.0,OBS_20250901_BIH
2025-09-02,Gujarat,22.2587,71.1924,9.6,22.4,49.1,989.3,100.0,OBS_20250902_GUJ
2025-09-02,Maharashtra,19.7515,75.7139,0.2,24.8,44.4,990.6,94.8,OBS_20250902_MAH
2025-09-02,Kerala,10.8505,76.2711,173.0,24.5,41.0,990.9,100.0,OBS_20250902_KER
2025-09-02,Rajasthan,27.0238,74.2179,136.7,22.9,45.1,990.5,96.5,OBS_20250902_RAJ
2025-09-02,Odisha,20.9517,85.0985,59.9,20.6,44.7,991.6,97.4,OBS_20250902_ODI
2025-09-02,Assam,26.2006,92.9376,221.0,26.4,40.4,993.5,87.5,OBS_20250902_ASS
2025-09-02,Punjab,31.1471,75.3412,109.2,24.2,42.0,991.8,100.0,OBS_20250902_PUN
2025-09-02,Tamil Nadu,11.1271,78.6569,16.2,30.7,13.9,1002.2,67.6,OBS_20250902_TAM
2025-09-02,Andhra Pradesh,15.9129,79.74,11.7,23.9,47.8,986.7,100.0,OBS_20250902_AND
2025-09-02,West Bengal,22.9868,87.855,27.4,22.3,44.2,993.4,100.0,OBS_20250902_WES
2025-09-02,Madhya Pradesh,22.9734,78.6569,150.0,21.8,37.1,989.9,86.9,OBS_20250902_MAD
2025-09-02,Uttar Pradesh,26.8467,80.9462,1.5,24.7,36.3,990.2,92.8,OBS_20250902_UTT
2025-09-02,Karnataka,15.3173,75.7139,0.0,25.2,38.8,989.9,92.8,OBS_20250902_KAR
2025-09-02,Himachal Pradesh,31.1048,77.1734,0.6,22.1,36.5,992.7,93.4,OBS_20250902_HIM
2025-09-02,Bihar,25.0961,85.3131,27.3,23.3,44.4,987.5,100.0,OBS_20250902_BIH
2025-09-03,Gujarat,22.2587,71.1924,4.0,22.4,39.8,990.5,98.9,OBS_20250903_GUJ
2025-09-03,Maharashtra,19.7515,75.7139,120.2,23.5,45.7,989.4,95.2,OBS_20250903_MAH
2025-09-03,Kerala,10.8505,76.2711,0.0,25.5,49.0,988.6,97.0,OBS_20250903_KER
2025-09-03,Rajasthan,27.0238,74.2179,0.0,28.1,44.0,986.6,95.9,OBS_20250903_RAJ
2025-09-03,Odisha,20.9517,85.0985,20.0,22.6,39.8,990.6,93.1,OBS_20250903_ODI
2025-09-03,Assam,26.2006,92.9376,294.5,23.5,39.1,988.7,99.6,OBS_20250903_ASS
2025-09-03,Punjab,31.1471,75.3412,0.0,24.5,43.0,990.2,92.3,OBS_20250903_PUN
2025-09-03,Tamil Nadu,11.1271,78.6569,8.0,24.4,22.0,1001.0,61.0,OBS_20250903_TAM
2025-09-03,Andhra Pradesh,15.9129,79.74,107.6,20.8,39.5,991.9,100.0,OBS_20250903_AND
2025-09-03,West Bengal,22.9868,87.855,101.0,22.0,46.9,991.0,94.9,OBS_20250903_WES
2025-09-03,Madhya Pradesh,22.9734,78.6569,1.3,24.4,37.9,991.4,97.0,OBS_20250903_MAD
2025-09-03,Uttar Pradesh,26.8467,80.9462,183.5,20.8,40.7,994.5,95.0,OBS_20250903_UTT
2025-09-03,Karnataka,15.3173,75.7139,103.0,23.3,44.6,991.6,96.1,OBS_20250903_KAR
2025-09-03,Himachal Pradesh,31.1048,77.1734,18.4,26.9,37.1,991.9,89.3,OBS_20250903_HIM
2025-09-03,Bihar,25.0961,85.3131,80.1,27.3,40.9,992.2,91.8,OBS_20250903_BIH
2025-09-04,Gujarat,22.2587,71.1924,144.6,22.3,45.7,988.2,100.0,OBS_20250904_GUJ
2025-09-04,Maharashtra,19.7515,75.7139,0.0,24.8,45.7,987.2,91.9,OBS_20250904_MAH
2025-09-04,Kerala,10.8505,76.2711,222.2,19.8,40.4,991.9,91.4,OBS_20250904_KER
2025-09-04,Rajasthan,27.0238,74.2179,0.0,23.7,38.9,992.8,97.3,OBS_20250904_RAJ
2025-09-04,Odisha,20.9517,85.0985,16.4,21.4,39.0,993.4,93.2,OBS_20250904_ODI
2025-09-04,Assam,26.2006,92.9376,100.9,21.8,40.4,991.2,90.8,OBS_20250904_ASS
2025-09-04,Punjab,31.1471,75.3412,62.7,25.0,38.2,992.0,94.8,OBS_20250904_PUN
2025-09-04,Tamil Nadu,11.1271,78.6569,3.0,30.7,13.3,1002.7,63.5,OBS_20250904_TAM
2025-09-04,Andhra Pradesh,15.9129,79.74,76.7,28.3,42.0,988.5,96.4,OBS_20250904_AND
2025-09-04,West Bengal,22.9868,87.855,13.0,24.2,50.8,992.2,95.8,OBS_20250904_WES
2025-09-04,Madhya Pradesh,22.9734,78.6569,18.1,24.1,34.9,992.8,100.0,OBS_20250904_MAD
2025-09-04,Uttar Pradesh,26.8467,80.9462,46.8,24.9,36.5,994.0,99.4,OBS_20250904_UTT
2025-09-04,Karnataka,15.3173,75.7139,14.9,24.0,40.0,985.2,100.0,OBS_20250904_KAR
2025-09-04,Himachal Pradesh,31.1048,77.1734,84.9,29.6,38.3,993.3,95.4,OBS_20250904_HIM
2025-09-04,Bihar,25.0961,85.3131,0.0,25.2,44.2,990.8,100.0,OBS_20250904_BIH
2025-09-05,Gujarat,22.2587,71.1924,107.5,27.9,48.2,987.9,100.0,OBS_20250905_GUJ
2025-09-05,Maharashtra,19.7515,75.7139,112.5,24.1,46.5,987.0,94.9,OBS_20250905_MAH
2025-09-05,Kerala,10.8505,76.2711,0.0,24.2,39.1,992.1,98.6,OBS_20250905_KER
2025-09-05,Rajasthan,27.0238,74.2179,40.7,23.6,40.1,987.4,100.0,OBS_20250905_RAJ
2025-09-05,Odisha,20.9517,85.0985,61.1,22.8,47.0,991.5,95.7,OBS_20250905_ODI
2025-09-05,Assam,26.2006,92.9376,3.6,25.2,43.1,993.5,87.4,OBS_20250905_ASS
2025-09-05,Punjab,31.1471,75.3412,17.6,24.6,42.9,993.7,98.1,OBS_20250905_PUN
2025-09-05,Tamil Nadu,11.1271,78.6569,0.2,33.0,19.4,1004.0,58.9,OBS_20250905_TAM
2025-09-05,Andhra Pradesh,15.9129,79.74,21.2,21.6,39.1,991.8,93.7,OBS_20250905_AND
2025-09-05,West Bengal,22.9868,87.855,135.7,26.2,42.7,991.3,96.3,OBS_20250905_WES
2025-09-05,Madhya Pradesh,22.9734,78.6569,83.1,25.1,39.8,991.4,100.0,OBS_20250905_MAD
2025-09-05,Uttar Pradesh,26.8467,80.9462,42.7,22.5,44.7,990.8,99.6,OBS_20250905_UTT
2025-09-05,Karnataka,15.3173,75.7139,18.9,24.3,42.7,993.1,100.0,OBS_20250905_KAR
2025-09-05,Himachal Pradesh,31.1048,77.1734,253.9,24.0,45.9,994.0,89.6,OBS_20250905_HIM
2025-09-05,Bihar,25.0961,85.3131,36.4,29.4,32.6,988.5,100.0,OBS_20250905_BIH
2025-09-06,Gujarat,22.2587,71.1924,3.7,24.6,38.9,988.2,100.0,OBS_20250906_GUJ
2025-09-06,Maharashtra,19.7515,75.7139,63.3,22.3,41.3,990.9,90.3,OBS_20250906_MAH
2025-09-06,Kerala,10.8505,76.2711,105.6,23.7,42.7,990.9,100.0,OBS_20250906_KER
2025-09-06,Rajasthan,27.0238,74.2179,114.4,26.1,35.6,989.2,87.2,OBS_20250906_RAJ
2025-09-06,Odisha,20.9517,85.0985,8.6,31.1,39.4,988.6,97.1,OBS_20250906_ODI
2025-09-06,Assam,26.2006,92.9376,4.7,26.2,37.3,994.7,100.0,OBS_20250906_ASS
2025-09-06,Punjab,31.1471,75.3412,111.1,25.8,36.7,993.3,100.0,OBS_20250906_PUN
2025-09-06,Tamil Nadu,11.1271,78.6569,0.0,28.4,16.7,999.4,70.0,OBS_20250906_TAM
2025-09-06,Andhra Pradesh,15.9129,79.74,16.8,25.3,34.7,992.6,99.8,OBS_20250906_AND
2025-09-06,West Bengal,22.9868,87.855,107.7,22.1,36.2,991.3,90.4,OBS_20250906_WES
2025-09-06,Madhya Pradesh,22.9734,78.6569,119.1,20.9,41.0,993.7,100.0,OBS_20250906_MAD
2025-09-06,Uttar Pradesh,26.8467,80.9462,182.9,21.4,42.7,991.5,90.8,OBS_20250906_UTT
2025-09-06,Karnataka,15.3173,75.7139,0.0,23.2,39.9,993.9,92.5,OBS_20250906_KAR
2025-09-06,Himachal Pradesh,31.1048,77.1734,197.2,21.9,39.6,993.6,100.0,OBS_20250906_HIM
2025-09-06,Bihar,25.0961,85.3131,194.1,22.9,42.7,990.7,100.0,OBS_20250906_BIH
2025-09-07,Gujarat,22.2587,71.1924,0.0,22.1,42.2,994.1,100.0,OBS_20250907_GUJ
2025-09-07,Maharashtra,19.7515,75.7139,0.0,26.1,35.1,992.0,99.5,OBS_20250907_MAH
2025-09-07,Kerala,10.8505,76.2711,0.0,21.9,41.7,992.3,95.0,OBS_20250907_KER
2025-09-07,Rajasthan,27.0238,74.2179,14.2,24.7,38.7,986.0,100.0,OBS_20250907_RAJ
2025-09-07,Odisha,20.9517,85.0985,0.0,27.8,46.1,991.6,94.5,OBS_20250907_ODI
2025-09-07,Assam,26.2006,92.9376,0.0,17.5,39.0,988.5,100.0,OBS_20250907_ASS
2025-09-07,Punjab,31.1471,75.3412,2.7,27.7,39.9,992.6,95.3,OBS_20250907_PUN
2025-09-07,Tamil Nadu,11.1271,78.6569,0.0,29.7,17.3,1001.7,62.4,OBS_20250907_TAM
2025-09-07,Andhra Pradesh,15.9129,79.74,8.8,24.0,39.8,992.2,96.3,OBS_20250907_AND
2025-09-07,West Bengal,22.9868,87.855,139.4,20.6,43.3,992.2,94.5,OBS_20250907_WES
2025-09-07,Madhya Pradesh,22.9734,78.6569,222.4,23.7,43.5,993.0,94.6,OBS_20250907_MAD
2025-09-07,Uttar Pradesh,26.8467,80.9462,0.0,20.4,37.5,992.1,99.0,OBS_20250907_UTT
2025-09-07,Karnataka,15.3173,75.7139,0.0,23.4,34.3,991.6,87.7,OBS_20250907_KAR
2025-09-07,Himachal Pradesh,31.1048,77.1734,73.1,20.7,33.9,990.9,97.7,OBS_20250907_HIM
2025-09-07,Bihar,25.0961,85.3131,4.9,25.4,41.1,991.0,94.3,OBS_20250907_BIH
2025-09-08,Gujarat,22.2587,71.1924,12.7,19.6,38.9,990.9,93.7,OBS_20250908_GUJ
2025-09-08,Maharashtra,19.7515,75.7139,6.3,22.6,43.1,990.8,97.7,OBS_20250908_MAH
2025-09-08,Kerala,10.8505,76.2711,0.0,25.8,43.9,994.8,86.7,OBS_20250908_KER
2025-09-08,Rajasthan,27.0238,74.2179,34.3,23.8,44.8,990.3,99.8,OBS_20250908_RAJ
2025-09-08,Odisha,20.9517,85.0985,42.2,25.2,35.7,990.3,95.1,OBS_20250908_ODI
2025-09-08,Assam,26.2006,92.9376,98.9,21.3,38.9,989.2,90.7,OBS_20250908_ASS
2025-09-08,Punjab,31.1471,75.3412,4.0,24.7,43.1,990.9,94.8,OBS_20250908_PUN
2025-09-08,Tamil Nadu,11.1271,78.6569,13.6,26.6,19.6,1003.4,67.3,OBS_20250908_TAM
2025-09-08,Andhra Pradesh,15.9129,79.74,9.1,24.9,43.3,989.9,95.7,OBS_20250908_AND
2025-09-08,West Bengal,22.9868,87.855,6.4,23.3,41.4,990.5,100.0,OBS_20250908_WES
2025-09-08,Madhya Pradesh,22.9734,78.6569,24.8,24.1,48.6,989.4,85.1,OBS_20250908_MAD
2025-09-08,Uttar Pradesh,26.8467,80.9462,24.4,28.3,42.2,993.7,89.9,OBS_20250908_UTT
2025-09-08,Karnataka,15.3173,75.7139,118.5,17.8,33.8,992.8,100.0,OBS_20250908_KAR
2025-09-08,Himachal Pradesh,31.1048,77.1734,51.3,22.3,38.9,993.7,87.0,OBS_20250908_HIM
2025-09-08,Bihar,25.0961,85.3131,52.0,25.7,41.5,990.7,98.1,OBS_20250908_BIH
2025-09-09,Gujarat,22.2587,71.1924,0.0,23.0,40.0,992.3,89.3,OBS_20250909_GUJ
2025-09-09,Maharashtra,19.7515,75.7139,130.5,18.9,46.5,992.4,82.4,OBS_20250909_MAH
2025-09-09,Kerala,10.8505,76.2711,18.5,21.2,42.2,988.9,92.4,OBS_20250909_KER
2025-09-09,Rajasthan,27.0238,74.2179,0.6,24.3,46.6,990.4,88.8,OBS_20250909_RAJ
2025-09-09,Odisha,20.9517,85.0985,0.0,24.6,45.4,987.9,96.7,OBS_20250909_ODI
2025-09-09,Assam,26.2006,92.9376,45.7,23.0,40.9,989.2,93.4,OBS_20250909_ASS
2025-09-09,Punjab,31.1471,75.3412,11.5,23.0,45.1,990.7,97.8,OBS_20250909_PUN
2025-09-09,Tamil Nadu,11.1271,78.6569,0.0,30.7,19.9,1004.2,60.2,OBS_20250909_TAM
2025-09-09,Andhra Pradesh,15.9129,79.74,39.7,24.9,41.2,994.8,100.0,OBS_20250909_AND
2025-09-09,West Bengal,22.9868,87.855,75.4,20.8,48.0,991.6,100.0,OBS_20250909_WES
2025-09-09,Madhya Pradesh,22.9734,78.6569,0.1,24.1,44.1,988.9,97.8,OBS_20250909_MAD
2025-09-09,Uttar Pradesh,26.8467,80.9462,30.7,26.8,35.9,990.7,100.0,OBS_20250909_UTT
2025-09-09,Karnataka,15.3173,75.7139,123.5,27.4,37.5,992.6,93.4,OBS_20250909_KAR
2025-09-09,Himachal Pradesh,31.1048,77.1734,114.4,22.3,40.9,992.1,87.3,OBS_20250909_HIM
2025-09-09,Bihar,25.0961,85.3131,5.2,23.5,46.2,990.6,89.6,OBS_20250909_BIH
2025-09-10,Gujarat,22.2587,71.1924,22.6,23.5,38.7,989.6,100.0,OBS_20250910_GUJ
2025-09-10,Maharashtra,19.7515,75.7139,37.6,23.7,40.8,989.5,93.1,OBS_20250910_MAH
2025-09-10,Kerala,10.8505,76.2711,0.0,22.3,41.6,988.9,95.4,OBS_20250910_KER
2025-09-10,Rajasthan,27.0238,74.2179,1.5,25.9,43.5,994.2,96.1,OBS_20250910_RAJ
2025-09-10,Odisha,20.9517,85.0985,66.7,21.2,44.2,989.4,89.0,OBS_20250910_ODI
2025-09-10,Assam,26.2006,92.9376,175.7,24.2,40.4,993.8,88.9,OBS_20250910_ASS
2025-09-10,Punjab,31.1471,75.3412,119.6,23.4,43.3,991.2,91.7,OBS_20250910_PUN
2025-09-10,Tamil Nadu,11.1271,78.6569,22.6,23.8,23.3,1002.3,69.1,OBS_20250910_TAM
2025-09-10,Andhra Pradesh,15.9129,79.74,0.0,24.9,42.4,992.6,95.7,OBS_20250910_AND
2025-09-10,West Bengal,22.9868,87.855,93.9,22.8,40.6,987.0,100.0,OBS_20250910_WES
2025-09-10,Madhya Pradesh,22.9734,78.6569,138.2,24.0,31.5,988.9,98.1,OBS_20250910_MAD
2025-09-10,Uttar Pradesh,26.8467,80.9462,239.0,20.6,34.4,993.0,87.0,OBS_20250910_UTT
2025-09-10,Karnataka,15.3173,75.7139,114.5,24.6,39.0,989.3,88.6,OBS_20250910_KAR
2025-09-10,Himachal Pradesh,31.1048,77.1734,106.5,23.0,40.6,985.1,94.7,OBS_20250910_HIM
2025-09-10,Bihar,25.0961,85.3131,1.0,23.0,41.0,993.0,99.7,OBS_20250910_BIH
